Workbook

Sheet Summary (New)
B2: MMD INT QA Result
B4: Expected Launch Date | C4: 2025.07.16
B5: QA Date | C5: 2025.07.14
B6: Pass Rate | C6: =AVERAGE(D12,D15,D18,D21,D24,D27,D30) -> 0.97916667
B9: QA Elements | C9: All Page | E9: Product Detail | G9: Product List | I9: Blog Page | K9: Page (No PLP / PDP)
B10: Total | C10: =SUM(E10:L10) -> 48 | E10: =COUNTIF('Raw (New)'!$B:$B,'Summary (New)'!E9) -> 30 | G10: =COUNTIF('Raw (New)'!$B:$B,'Summary (New)'!G9) -> 12 | I10: =COUNTIF('Raw (New)'!$B:$B,'Summary (New)'!I9) -> 1 | K10: =COUNTIF('Raw (New)'!$B:$B,'Summary (New)'!K9) -> 5
B11: Status Code
B12: Pass | C12: =SUM(E12+G12+I12+K12) -> 48 | D12: =C12/C$10 -> 1 | E12: =COUNTIFS('Raw (New)'!$B:$B,'Summary (New)'!E$9,'Raw (New)'!$D:$D,"Pass") -> 30 | F12: =E12/E$10 -> 1 | G12: =COUNTIFS('Raw (New)'!$B:$B,'Summary (New)'!G$9,'Raw (New)'!$D:$D,"Pass") -> 12 | H12: =G12/G$10 -> 1 | I12: =COUNTIFS('Raw (New)'!$B:$B,'Summary (New)'!I$9,'Raw (New)'!$D:$D,"Pass") -> 1 | J12: =I12/I$10 -> 1 | K12: =COUNTIFS('Raw (New)'!$B:$B,'Summary (New)'!K$9,'Raw (New)'!$D:$D,"Pass") -> 5 | L12: =K12/K10 -> 1
B13: has issues (301, 302, 404) | C13: =SUM(E13+G13+I13+K13) -> 0 | D13: =C13/C$10 -> 0 | E13: =COUNTIFS('Raw (New)'!$B:$B,'Summary (New)'!E$9,'Raw (New)'!$D:$D,"<>Pass") -> 0 | F13: =E13/E$10 -> 0 | G13: =COUNTIFS('Raw (New)'!$B:$B,'Summary (New)'!G$9,'Raw (New)'!$D:$D,"<>Pass") -> 0 | H13: =G13/G$10 -> 0 | I13: =COUNTIFS('Raw (New)'!$B:$B,'Summary (New)'!I$9,'Raw (New)'!$D:$D,"<>Pass") -> 0 | J13: =I13/I$10 -> 0 | K13: =COUNTIFS('Raw (New)'!$B:$B,'Summary (New)'!K$9,'Raw (New)'!$D:$D,"<>Pass") -> 0 | L13: =K13/K10 -> 0
B14: Title
B15: Pass | C15: =SUM(E15+G15+I15+K15) -> 48 | D15: =C15/C$10 -> 1 | E15: =COUNTIFS('Raw (New)'!$B:$B,'Summary (New)'!E$9,'Raw (New)'!$F:$F,"Pass") -> 30 | F15: =E15/E$10 -> 1 | G15: =COUNTIFS('Raw (New)'!$B:$B,'Summary (New)'!G$9,'Raw (New)'!$F:$F,"Pass") -> 12 | H15: =G15/G$10 -> 1 | I15: =COUNTIFS('Raw (New)'!$B:$B,'Summary (New)'!I$9,'Raw (New)'!$F:$F,"Pass") -> 1 | J15: =I15/I$10 -> 1 | K15: =COUNTIFS('Raw (New)'!$B:$B,'Summary (New)'!K$9,'Raw (New)'!$F:$F,"Pass") -> 5 | L15: =K15/K$10 -> 1
B16: has issues (separator, typo, space) | C16: =SUM(E16+G16+I16+K16) -> 0 | D16: =C16/C$10 -> 0 | E16: =COUNTIFS('Raw (New)'!$B:$B,'Summary (New)'!E$9,'Raw (New)'!$F:$F,"<>Pass") -> 0 | F16: =E16/E$10 -> 0 | G16: =COUNTIFS('Raw (New)'!$B:$B,'Summary (New)'!G$9,'Raw (New)'!$F:$F,"<>Pass") -> 0 | H16: =G16/G$10 -> 0 | I16: =COUNTIFS('Raw (New)'!$B:$B,'Summary (New)'!I$9,'Raw (New)'!$F:$F,"<>Pass") -> 0 | J16: =I16/I$10 -> 0 | K16: =COUNTIFS('Raw (New)'!$B:$B,'Summary (New)'!K$9,'Raw (New)'!$F:$F,"<>Pass") -> 0 | L16: =K16/K$10 -> 0
B17: Meta Description
B18: Pass | C18: =SUM(E18+G18+I18+K18) -> 46 | D18: =C18/C$10 -> 0.95833333 | E18: =COUNTIFS('Raw (New)'!$B:$B,'Summary (New)'!E$9,'Raw (New)'!$H:$H,"Pass") -> 30 | F18: =E18/E$10 -> 1 | G18: =COUNTIFS('Raw (New)'!$B:$B,'Summary (New)'!G$9,'Raw (New)'!$H:$H,"Pass") -> 11 | H18: =G18/G$10 -> 0.91666667 | I18: =COUNTIFS('Raw (New)'!$B:$B,'Summary (New)'!I$9,'Raw (New)'!$H:$H,"Pass") -> 0 | J18: =I18/I$10 -> 0 | K18: =COUNTIFS('Raw (New)'!$B:$B,'Summary (New)'!K$9,'Raw (New)'!$H:$H,"Pass") -> 5 | L18: =K18/K$10 -> 1
B19: has issues (missing, duplicate) | C19: =SUM(E19+G19+I19+K19) -> 2 | D19: =C19/C$10 -> 0.041666667 | E19: =COUNTIFS('Raw (New)'!$B:$B,'Summary (New)'!E$9,'Raw (New)'!$H:$H,"<>Pass") -> 0 | F19: =E19/E$10 -> 0 | G19: =COUNTIFS('Raw (New)'!$B:$B,'Summary (New)'!G$9,'Raw (New)'!$H:$H,"<>Pass") -> 1 | H19: =G19/G$10 -> 0.083333333 | I19: =COUNTIFS('Raw (New)'!$B:$B,'Summary (New)'!I$9,'Raw (New)'!$H:$H,"<>Pass") -> 1 | J19: =I19/I$10 -> 1 | K19: =COUNTIFS('Raw (New)'!$B:$B,'Summary (New)'!K$9,'Raw (New)'!$H:$H,"<>Pass") -> 0 | L19: =K19/K$10 -> 0
B20: H1
B21: Pass | C21: =SUM(E21+G21+I21+K21) -> 46 | D21: =C21/C$10 -> 0.95833333 | E21: =COUNTIFS('Raw (New)'!$B:$B,'Summary (New)'!E$9,'Raw (New)'!$K:$K,"Pass") -> 28 | F21: =E21/E$10 -> 0.93333333 | G21: =COUNTIFS('Raw (New)'!$B:$B,'Summary (New)'!G$9,'Raw (New)'!$K:$K,"Pass") -> 12 | H21: =G21/G$10 -> 1 | I21: =COUNTIFS('Raw (New)'!$B:$B,'Summary (New)'!I$9,'Raw (New)'!$K:$K,"Pass") -> 1 | J21: =I21/I$10 -> 1 | K21: =COUNTIFS('Raw (New)'!$B:$B,'Summary (New)'!K$9,'Raw (New)'!$K:$K,"Pass") -> 5 | L21: =K21/K$10 -> 1
B22: has issues (missing) | C22: =SUM(E22+G22+I22+K22) -> 2 | D22: =C22/C$10 -> 0.041666667 | E22: =COUNTIFS('Raw (New)'!$B:$B,'Summary (New)'!E$9,'Raw (New)'!$K:$K,"<>Pass") -> 2 | F22: =E22/E$10 -> 0.066666667 | G22: =COUNTIFS('Raw (New)'!$B:$B,'Summary (New)'!G$9,'Raw (New)'!$K:$K,"<>Pass") -> 0 | H22: =G22/G$10 -> 0 | I22: =COUNTIFS('Raw (New)'!$B:$B,'Summary (New)'!I$9,'Raw (New)'!$K:$K,"<>Pass") -> 0 | J22: =I22/I$10 -> 0 | K22: =COUNTIFS('Raw (New)'!$B:$B,'Summary (New)'!K$9,'Raw (New)'!$K:$K,"<>Pass") -> 0 | L22: =K22/K$10 -> 0
B23: Canonical
B24: Pass | C24: =SUM(E24+G24+I24+K24) -> 48 | D24: =C24/C$10 -> 1 | E24: =COUNTIFS('Raw (New)'!$B:$B,'Summary (New)'!E$9,'Raw (New)'!$M:$M,"Pass") -> 30 | F24: =E24/E$10 -> 1 | G24: =COUNTIFS('Raw (New)'!$B:$B,'Summary (New)'!G$9,'Raw (New)'!$M:$M,"Pass") -> 12 | H24: =G24/G$10 -> 1 | I24: =COUNTIFS('Raw (New)'!$B:$B,'Summary (New)'!I$9,'Raw (New)'!$M:$M,"Pass") -> 1 | J24: =I24/I$10 -> 1 | K24: =COUNTIFS('Raw (New)'!$B:$B,'Summary (New)'!K$9,'Raw (New)'!$M:$M,"Pass") -> 5 | L24: =K24/K$10 -> 1
B25: has issues | C25: =SUM(E25+G25+I25+K25) -> 0 | D25: =C25/C$10 -> 0 | E25: =COUNTIFS('Raw (New)'!$B:$B,'Summary (New)'!E$9,'Raw (New)'!$M:$M,"<>Pass") -> 0 | F25: =E25/E$10 -> 0 | G25: =COUNTIFS('Raw (New)'!$B:$B,'Summary (New)'!G$9,'Raw (New)'!$M:$M,"<>Pass") -> 0 | H25: =G25/G$10 -> 0 | I25: =COUNTIFS('Raw (New)'!$B:$B,'Summary (New)'!I$9,'Raw (New)'!$M:$M,"<>Pass") -> 0 | J25: =I25/I$10 -> 0 | K25: =COUNTIFS('Raw (New)'!$B:$B,'Summary (New)'!K$9,'Raw (New)'!$M:$M,"<>Pass") -> 0 | L25: =K25/K$10 -> 0
B26: Social Tag
B27: Pass | C27: =SUM(E27+G27+I27+K27) -> 45 | D27: =C27/C$10 -> 0.9375 | E27: =COUNTIFS('Raw (New)'!$B:$B,'Summary (New)'!E$9,'Raw (New)'!$X:$X,"Pass") -> 30 | F27: =E27/E$10 -> 1 | G27: =COUNTIFS('Raw (New)'!$B:$B,'Summary (New)'!G$9,'Raw (New)'!$X:$X,"Pass") -> 11 | H27: =G27/G$10 -> 0.91666667 | I27: =COUNTIFS('Raw (New)'!$B:$B,'Summary (New)'!I$9,'Raw (New)'!$X:$X,"Pass") -> 0 | J27: =I27/I$10 -> 0 | K27: =COUNTIFS('Raw (New)'!$B:$B,'Summary (New)'!K$9,'Raw (New)'!$X:$X,"Pass") -> 4 | L27: =K27/K$10 -> 0.8
B28: has issues (duplicate, need check) | C28: =SUM(E28+G28+I28+K28) -> 3 | D28: =C28/C$10 -> 0.0625 | E28: =COUNTIFS('Raw (New)'!$B:$B,'Summary (New)'!E$9,'Raw (New)'!$X:$X,"<>Pass") -> 0 | F28: =E28/E$10 -> 0 | G28: =COUNTIFS('Raw (New)'!$B:$B,'Summary (New)'!G$9,'Raw (New)'!$X:$X,"<>Pass") -> 1 | H28: =G28/G$10 -> 0.083333333 | I28: =COUNTIFS('Raw (New)'!$B:$B,'Summary (New)'!I$9,'Raw (New)'!$X:$X,"<>Pass") -> 1 | J28: =I28/I$10 -> 1 | K28: =COUNTIFS('Raw (New)'!$B:$B,'Summary (New)'!K$9,'Raw (New)'!$X:$X,"<>Pass") -> 1 | L28: =K28/K$10 -> 0.2
B29: Schema
B30: Pass | C30: =SUM(E30+G30+I30+K30) -> 48 | D30: =C30/C$10 -> 1 | E30: =COUNTIFS('Raw (New)'!$B:$B,'Summary (New)'!E$9,'Raw (New)'!$AF:$AF,"Pass") -> 30 | F30: =E30/E$10 -> 1 | G30: =COUNTIFS('Raw (New)'!$B:$B,'Summary (New)'!G$9,'Raw (New)'!$AF:$AF,"Pass") -> 12 | H30: =G30/G$10 -> 1 | I30: =COUNTIFS('Raw (New)'!$B:$B,'Summary (New)'!I$9,'Raw (New)'!$AF:$AF,"Pass") -> 1 | J30: =I30/I$10 -> 1 | K30: =COUNTIFS('Raw (New)'!$B:$B,'Summary (New)'!K$9,'Raw (New)'!$AF:$AF,"Pass") -> 5 | L30: =K30/K$10 -> 1
B31: has issues (missing) | C31: =SUM(E31+G31+I31+K31) -> 0 | D31: =C31/C$10 -> 0 | E31: =COUNTIFS('Raw (New)'!$B:$B,'Summary (New)'!E$9,'Raw (New)'!$AF:$AF,"<>Pass") -> 0 | F31: =E31/E$10 -> 0 | G31: =COUNTIFS('Raw (New)'!$B:$B,'Summary (New)'!G$9,'Raw (New)'!$AF:$AF,"<>Pass") -> 0 | H31: =G31/G$10 -> 0 | I31: =COUNTIFS('Raw (New)'!$B:$B,'Summary (New)'!I$9,'Raw (New)'!$AF:$AF,"<>Pass") -> 0 | J31: =I31/I$10 -> 0 | K31: =COUNTIFS('Raw (New)'!$B:$B,'Summary (New)'!K$9,'Raw (New)'!$AF:$AF,"<>Pass") -> 0 | L31: =K31/K$10 -> 0

Sheet Raw (New)
A1: URL | B1: Segments | C1: Status Code | D1: Status QA | E1: Title 1 | F1: Title QA | G1: Meta Description 1 | H1: Meta Description QA | I1: H1-1 | J1: H1 Count | K1: H1 QA | L1: Canonical Link Element 1 | M1: Canonical QA | N1: og title 1 | O1: og description 1 | P1: og type 1 | Q1: og sitename 1 | R1: og image 1 | S1: og image 2 | T1: og url 1 | U1: twitter title 1 | V1: twitter description 1 | W1: twitter card 1 | X1: Social QA | Y1: Schema 1 | Z1: Schema 2 | AA1: Schema 3 | AB1: Schema 4 | AC1: Schema 5 | AD1: Schema 6 | AE1: Schema 7 | AF1: Schema QA
A2: https://mamonde-int.myshopify.com/blogs/news | B2: Blog Page | C2: 200 | D2: Pass | E2: News | Mamonde International | F2: Pass | H2: missing | I2: News | J2: 1 | K2: Pass | L2: https://mamonde-int.myshopify.com/blogs/news | M2: Pass | N2: News | Mamonde International | O2: Discover Your Beauty with Mamonde. Check out our new products, best-selling products, and our brand stories | P2: website | Q2: Mamonde International | R2: http://mamonde-int.myshopify.com/cdn/shop/files/20240123_final_KR-maminde-BI_OG_img.jpg?v=1752043424 | S2: https://mamonde-int.myshopify.com/cdn/shop/files/20240123_final_KR-maminde-BI_OG_img.jpg?v=1752043424 | T2: https://mamonde-int.myshopify.com/blogs/news | U2: News | Mamonde International | V2: Discover Your Beauty with Mamonde. Check out our new products, best-selling products, and our brand stories | W2: summary_large_image | X2: duplicate (check red marked cells) | Y2: BreadcrumbList | Z2: ListItem | AA2: Organization | AF2: Pass
A3: https://mamonde-int.myshopify.com/ | B3: Page (No PLP / PDP) | C3: 200 | D3: Pass | E3: Cosmetics, Skincare & Beauty Products Inspired by Flower | Mamonde International | F3: Pass | G3: Discover Your Beauty with Mamonde. Check out our new products, best-selling products, and our brand stories | H3: Pass | I3: Mamonde International | J3: 1 | K3: Pass | L3: https://mamonde-int.myshopify.com/ | M3: Pass | N3: Cosmetics, Skincare & Beauty Products Inspired by Flower | Mamonde International | O3: Discover Your Beauty with Mamonde. Check out our new products, best-selling products, and our brand stories | P3: website | Q3: Mamonde International | R3: http://mamonde-int.myshopify.com/cdn/shop/files/20240123_final_KR-maminde-BI_OG_img.jpg?v=1752043424 | S3: https://mamonde-int.myshopify.com/cdn/shop/files/20240123_final_KR-maminde-BI_OG_img.jpg?v=1752043424 | T3: https://mamonde-int.myshopify.com/ | U3: Cosmetics, Skincare & Beauty Products Inspired by Flower | Mamonde International | V3: Discover Your Beauty with Mamonde. Check out our new products, best-selling products, and our brand stories | W3: summary_large_image | X3: duplicate (check red marked cells) | Y3: BreadcrumbList | Z3: ListItem | AA3: Organization | AB3: SearchAction | AC3: WebSite | AF3: Pass
A4: https://mamonde-int.myshopify.com/pages/best | B4: Page (No PLP / PDP) | C4: 200 | D4: Pass | E4: Mamonde - Best Product List | Mamonde International | F4: Pass | G4: Mamonde Best - All Product List | H4: Pass | I4: BEST SELLER | J4: 1 | K4: Pass | L4: https://mamonde-int.myshopify.com/pages/best | M4: Pass | N4: Mamonde - Best Product List | Mamonde International | O4: Mamonde Best - All Product List | P4: website | Q4: Mamonde International | R4: http://mamonde-int.myshopify.com/cdn/shop/files/20240123_final_KR-maminde-BI_OG_img.jpg?v=1752043424 | S4: https://mamonde-int.myshopify.com/cdn/shop/files/20240123_final_KR-maminde-BI_OG_img.jpg?v=1752043424 | T4: https://mamonde-int.myshopify.com/pages/best | U4: Mamonde - Best Product List | Mamonde International | V4: Mamonde Best - All Product List | W4: summary_large_image | X4: Pass | Y4: BreadcrumbList | Z4: ListItem | AA4: Organization | AF4: Pass
A5: https://mamonde-int.myshopify.com/pages/brand-story | B5: Page (No PLP / PDP) | C5: 200 | D5: Pass | E5: Inspired by Flowers Mamonde Brand Story - Inspired by flowers | Mamonde International | F5: Pass | G5: Learn more about Mamonde, that accentuates a woman’s beauty. Mamonde Garden, Mamonde History, and Mamonde Boutique information | H5: Pass | I5: Brand Story | J5: 1 | K5: Pass | L5: https://mamonde-int.myshopify.com/pages/brand-story | M5: Pass | N5: Inspired by Flowers Mamonde Brand Story - Inspired by flowers | Mamonde International | O5: Learn more about Mamonde, that accentuates a woman’s beauty. Mamonde Garden, Mamonde History, and Mamonde Boutique information | P5: website | Q5: Mamonde International | R5: http://mamonde-int.myshopify.com/cdn/shop/files/20240123_final_KR-maminde-BI_OG_img.jpg?v=1752043424 | S5: https://mamonde-int.myshopify.com/cdn/shop/files/20240123_final_KR-maminde-BI_OG_img.jpg?v=1752043424 | T5: https://mamonde-int.myshopify.com/pages/brand-story | U5: Inspired by Flowers Mamonde Brand Story - Inspired by flowers | Mamonde International | V5: Learn more about Mamonde, that accentuates a woman’s beauty. Mamonde Garden, Mamonde History, and Mamonde Boutique information | W5: summary_large_image | X5: Pass | Y5: BreadcrumbList | Z5: ListItem | AA5: Organization | AF5: Pass
A6: https://mamonde-int.myshopify.com/pages/contents | B6: Page (No PLP / PDP) | C6: 200 | D6: Pass | E6: YouTube - Mamonde Contents | Mamonde International | F6: Pass | G6: You can watch all Mamonde video clips from all around world. Come and discover how brilliant Mamonde products can make you more beautiful | H6: Pass | I6: Contents | J6: 1 | K6: Pass | L6: https://mamonde-int.myshopify.com/pages/contents | M6: Pass | N6: YouTube - Mamonde Contents | Mamonde International | O6: You can watch all Mamonde video clips from all around world. Come and discover how brilliant Mamonde products can make you more beautiful | P6: website | Q6: Mamonde International | R6: http://mamonde-int.myshopify.com/cdn/shop/files/20240123_final_KR-maminde-BI_OG_img.jpg?v=1752043424 | S6: https://mamonde-int.myshopify.com/cdn/shop/files/20240123_final_KR-maminde-BI_OG_img.jpg?v=1752043424 | T6: https://mamonde-int.myshopify.com/pages/contents | U6: YouTube - Mamonde Contents | Mamonde International | V6: You can watch all Mamonde video clips from all around world. Come and discover how brilliant Mamonde products can make you more beautiful | W6: summary_large_image | X6: Pass | Y6: BreadcrumbList | Z6: ListItem | AA6: Organization | AF6: Pass
A7: https://mamonde-int.myshopify.com/pages/new | B7: Page (No PLP / PDP) | C7: 200 | D7: Pass | E7: Mamonde - New Product List | Mamonde International | F7: Pass | G7: Mamonde New - All Product List | H7: Pass | I7: NEW | J7: 1 | K7: Pass | L7: https://mamonde-int.myshopify.com/pages/new | M7: Pass | N7: Mamonde - New Product List | Mamonde International | O7: Mamonde New - All Product List | P7: website | Q7: Mamonde International | R7: http://mamonde-int.myshopify.com/cdn/shop/files/20240123_final_KR-maminde-BI_OG_img.jpg?v=1752043424 | S7: https://mamonde-int.myshopify.com/cdn/shop/files/20240123_final_KR-maminde-BI_OG_img.jpg?v=1752043424 | T7: https://mamonde-int.myshopify.com/pages/new | U7: Mamonde - New Product List | Mamonde International | V7: Mamonde New - All Product List | W7: summary_large_image | X7: Pass | Y7: BreadcrumbList | Z7: ListItem | AA7: Organization | AF7: Pass
A8: https://mamonde-int.myshopify.com/products/age-control-camellia-ampoule-mask | B8: Product Detail | C8: 200 | D8: Pass | E8: Age Control Camellia Ampoule Mask | Mamonde International | F8: Pass | G8: Simultaneous firming, radiance-boost and antioxidation! Slow aging mask for daily dose of nutrients and bounciness - Age Control Camellia Ampoule Mask | H8: Pass | I8: Age Control Camellia Ampoule Mask | J8: 1 | K8: Pass | L8: https://mamonde-int.myshopify.com/products/age-control-camellia-ampoule-mask | M8: Pass | N8: Age Control Camellia Ampoule Mask | Mamonde International | O8: Simultaneous firming, radiance-boost and antioxidation! Slow aging mask for daily dose of nutrients and bounciness - Age Control Camellia Ampoule Mask | P8: product | Q8: Mamonde International | R8: http://mamonde-int.myshopify.com/cdn/shop/files/pdp_mig_2024-10-21-241018_final_KR_agecontrol_mask_PDP_thumbnail_01_1.jpg?v=1751594967 | S8: https://mamonde-int.myshopify.com/cdn/shop/files/pdp_mig_2024-10-21-241018_final_KR_agecontrol_mask_PDP_thumbnail_01_1.jpg?v=1751594967 | T8: https://mamonde-int.myshopify.com/products/age-control-camellia-ampoule-mask | U8: Age Control Camellia Ampoule Mask | Mamonde International | V8: Simultaneous firming, radiance-boost and antioxidation! Slow aging mask for daily dose of nutrients and bounciness - Age Control Camellia Ampoule Mask | W8: summary_large_image | X8: Pass | Y8: Brand | Z8: BreadcrumbList | AA8: ImageObject | AB8: ListItem | AC8: Offer | AD8: Organization | AE8: Product | AF8: Pass
A9: https://mamonde-int.myshopify.com/products/age-control-camellia-cream | B9: Product Detail | C9: 200 | D9: Pass | E9: Age Control Camellia Cream | Mamonde International | F9: Pass | G9: Ultimate firming and nourishing cream, verified to have 5 benefits for slow aging in 4 weeks - Age Control Camellia Cream | H9: Pass | I9: Age Control Camellia Cream | J9: 1 | K9: Pass | L9: https://mamonde-int.myshopify.com/products/age-control-camellia-cream | M9: Pass | N9: Age Control Camellia Cream | Mamonde International | O9: Ultimate firming and nourishing cream, verified to have 5 benefits for slow aging in 4 weeks - Age Control Camellia Cream | P9: product | Q9: Mamonde International | R9: http://mamonde-int.myshopify.com/cdn/shop/files/pdp_mig_2024-10-21-241018_final_KR_agecontrol_cream_PDP_thumbnail_01_1.jpg?v=1751594987 | S9: https://mamonde-int.myshopify.com/cdn/shop/files/pdp_mig_2024-10-21-241018_final_KR_agecontrol_cream_PDP_thumbnail_01_1.jpg?v=1751594987 | T9: https://mamonde-int.myshopify.com/products/age-control-camellia-cream | U9: Age Control Camellia Cream | Mamonde International | V9: Ultimate firming and nourishing cream, verified to have 5 benefits for slow aging in 4 weeks - Age Control Camellia Cream | W9: summary_large_image | X9: Pass | Y9: Brand | Z9: BreadcrumbList | AA9: ImageObject | AB9: ListItem | AC9: Offer | AD9: Organization | AE9: Product | AF9: Pass
A10: https://mamonde-int.myshopify.com/products/age-control-camellia-emulsion | B10: Product Detail | C10: 200 | D10: Pass | E10: Age Control Camellia Emulsion | Mamonde International | F10: Pass | G10: Moisturizing and firming emulsion, a gentle oil-moisture balancing action for enhanced firmness - Age Control Camellia Emulsion | H10: Pass | I10: Age Control Camellia Emulsion | J10: 1 | K10: Pass | L10: https://mamonde-int.myshopify.com/products/age-control-camellia-emulsion | M10: Pass | N10: Age Control Camellia Emulsion | Mamonde International | O10: Moisturizing and firming emulsion, a gentle oil-moisture balancing action for enhanced firmness - Age Control Camellia Emulsion | P10: product | Q10: Mamonde International | R10: http://mamonde-int.myshopify.com/cdn/shop/files/pdp_mig_2024-10-21-241018_final_KR_agecontrol_emulsion_PDP_thumbnail_01_1.jpg?v=1751594981 | S10: https://mamonde-int.myshopify.com/cdn/shop/files/pdp_mig_2024-10-21-241018_final_KR_agecontrol_emulsion_PDP_thumbnail_01_1.jpg?v=1751594981 | T10: https://mamonde-int.myshopify.com/products/age-control-camellia-emulsion | U10: Age Control Camellia Emulsion | Mamonde International | V10: Moisturizing and firming emulsion, a gentle oil-moisture balancing action for enhanced firmness - Age Control Camellia Emulsion | W10: summary_large_image | X10: Pass | Y10: Brand | Z10: BreadcrumbList | AA10: ImageObject | AB10: ListItem | AC10: Offer | AD10: Organization | AE10: Product | AF10: Pass
A11: https://mamonde-int.myshopify.com/products/age-control-camellia-essence-water | B11: Product Detail | C11: 200 | D11: Pass | E11: Age Control Camellia Essence Water | Mamonde International | F11: Pass | G11: Moisturizing and firming essence water for improving inner-skin hydration from the first step - Age Control Camellia Essence Water | H11: Pass | I11: Age Control Camellia Essence Water | J11: 1 | K11: Pass | L11: https://mamonde-int.myshopify.com/products/age-control-camellia-essence-water | M11: Pass | N11: Age Control Camellia Essence Water | Mamonde International | O11: Moisturizing and firming essence water for improving inner-skin hydration from the first step - Age Control Camellia Essence Water | P11: product | Q11: Mamonde International | R11: http://mamonde-int.myshopify.com/cdn/shop/files/pdp_mig_2024-10-21-241018_final_KR_agecontrol_essence_PDP_thumbnail_01_1.jpg?v=1751594975 | S11: https://mamonde-int.myshopify.com/cdn/shop/files/pdp_mig_2024-10-21-241018_final_KR_agecontrol_essence_PDP_thumbnail_01_1.jpg?v=1751594975 | T11: https://mamonde-int.myshopify.com/products/age-control-camellia-essence-water | U11: Age Control Camellia Essence Water | Mamonde International | V11: Moisturizing and firming essence water for improving inner-skin hydration from the first step - Age Control Camellia Essence Water | W11: summary_large_image | X11: Pass | Y11: Brand | Z11: BreadcrumbList | AA11: ImageObject | AB11: ListItem | AC11: Offer | AD11: Organization | AE11: Product | AF11: Pass
A12: https://mamonde-int.myshopify.com/products/age-control-camellia-serum | B12: Product Detail | C12: 200 | D12: Pass | E12: Age Control Camellia Serum | Mamonde International | F12: Pass | G12: Ultimate firming serum, verified to have 5 benefits for slow aging in 4 weeks - Age Control Camellia Serum | H12: Pass | I12: Age Control Camellia Serum | J12: 1 | K12: Pass | L12: https://mamonde-int.myshopify.com/products/age-control-camellia-serum | M12: Pass | N12: Age Control Camellia Serum | Mamonde International | O12: Ultimate firming serum, verified to have 5 benefits for slow aging in 4 weeks - Age Control Camellia Serum | P12: product | Q12: Mamonde International | R12: http://mamonde-int.myshopify.com/cdn/shop/files/pdp_mig_2024-10-21-241018_final_KR_agecontrol_serum_PDP_thumbnail_01_1.jpg?v=1751594992 | S12: https://mamonde-int.myshopify.com/cdn/shop/files/pdp_mig_2024-10-21-241018_final_KR_agecontrol_serum_PDP_thumbnail_01_1.jpg?v=1751594992 | T12: https://mamonde-int.myshopify.com/products/age-control-camellia-serum | U12: Age Control Camellia Serum | Mamonde International | V12: Ultimate firming serum, verified to have 5 benefits for slow aging in 4 weeks - Age Control Camellia Serum | W12: summary_large_image | X12: Pass | Y12: Brand | Z12: BreadcrumbList | AA12: ImageObject | AB12: ListItem | AC12: Offer | AD12: Organization | AE12: Product | AF12: Pass
A13: https://mamonde-int.myshopify.com/products/amazing-deep-mint-cleansing-foam | B13: Product Detail | C13: 200 | D13: Pass | E13: Amazing Deep Mint Cleansing Foam | Mamonde International | F13: Pass | G13: Mildly alkaline foam cleanser with mint for complete removal of pore-clogging sebum - Amazing Deep Mint Cleansing Foam | H13: Pass | I13: Amazing Deep Mint Cleansing Foam | J13: 1 | K13: Pass | L13: https://mamonde-int.myshopify.com/products/amazing-deep-mint-cleansing-foam | M13: Pass | N13: Amazing Deep Mint Cleansing Foam | Mamonde International | O13: Mildly alkaline foam cleanser with mint for complete removal of pore-clogging sebum - Amazing Deep Mint Cleansing Foam | P13: product | Q13: Mamonde International | R13: http://mamonde-int.myshopify.com/cdn/shop/files/pdp_mig_2024-01-16-20240116_final_KR-Amazing-Deep-Mint-Cleansing-Foam_pdp_thumbnail_1_1.jpg?v=1751594907 | S13: https://mamonde-int.myshopify.com/cdn/shop/files/pdp_mig_2024-01-16-20240116_final_KR-Amazing-Deep-Mint-Cleansing-Foam_pdp_thumbnail_1_1.jpg?v=1751594907 | T13: https://mamonde-int.myshopify.com/products/amazing-deep-mint-cleansing-foam | U13: Amazing Deep Mint Cleansing Foam | Mamonde International | V13: Mildly alkaline foam cleanser with mint for complete removal of pore-clogging sebum - Amazing Deep Mint Cleansing Foam | W13: summary_large_image | X13: Pass | Y13: Brand | Z13: BreadcrumbList | AA13: ImageObject | AB13: ListItem | AC13: Offer | AD13: Organization | AE13: Product | AF13: Pass
A14: https://mamonde-int.myshopify.com/products/amazing-deep-mint-clenasing-balm | B14: Product Detail | C14: 200 | D14: Pass | E14: Amazing Deep Mint Cleansing Balm | Mamonde International | F14: Pass | G14: Pore care, exfoliation, sebum control, and soothing! A deep cleansing balm crafted with three super ingredients and AHA, BHA, PHA, aiming to soften sebum and effectively eliminate blackheads and heavy makeup. - Amazing Deep Mint Cleansing Balm | H14: Pass | I14: Amazing Deep Mint Cleansing Balm | J14: 2 | K14: multiple | L14: https://mamonde-int.myshopify.com/products/amazing-deep-mint-clenasing-balm | M14: Pass | N14: Amazing Deep Mint Cleansing Balm | Mamonde International | O14: Pore care, exfoliation, sebum control, and soothing! A deep cleansing balm crafted with three super ingredients and AHA, BHA, PHA, aiming to soften sebum and effectively eliminate blackheads and heavy makeup. - Amazing Deep Mint Cleansing Balm | P14: product | Q14: Mamonde International | R14: http://mamonde-int.myshopify.com/cdn/shop/files/pdp_mig_2023-12-01-20231110_final_AMAZING-DEEP-MINT-CLENASING-BALM_pdp_thumbnail_pc_1_1.jpg?v=1751594898 | S14: https://mamonde-int.myshopify.com/cdn/shop/files/pdp_mig_2023-12-01-20231110_final_AMAZING-DEEP-MINT-CLENASING-BALM_pdp_thumbnail_pc_1_1.jpg?v=1751594898 | T14: https://mamonde-int.myshopify.com/products/amazing-deep-mint-clenasing-balm | U14: Amazing Deep Mint Cleansing Balm | Mamonde International | V14: Pore care, exfoliation, sebum control, and soothing! A deep cleansing balm crafted with three super ingredients and AHA, BHA, PHA, aiming to soften sebum and effectively eliminate blackheads and heavy makeup. - Amazing Deep Mint Cleansing Balm | W14: summary_large_image | X14: Pass | Y14: Brand | Z14: BreadcrumbList | AA14: ImageObject | AB14: ListItem | AC14: Offer | AD14: Organization | AE14: Product | AF14: Pass
A15: https://mamonde-int.myshopify.com/products/calming-shot-azulene-ampoule | B15: Product Detail | C15: 200 | D15: Pass | E15: Calming Shot Azulene Ampoule | Mamonde International | F15: Pass | G15: Hydrating shot- Soothing shot- Calming Shot clears blemish spots! - Calming Shot Azulene Ampoule | H15: Pass | I15: Calming Shot Azulene Ampoule | J15: 1 | K15: Pass | L15: https://mamonde-int.myshopify.com/products/calming-shot-azulene-ampoule | M15: Pass | N15: Calming Shot Azulene Ampoule | Mamonde International | O15: Hydrating shot- Soothing shot- Calming Shot clears blemish spots! - Calming Shot Azulene Ampoule | P15: product | Q15: Mamonde International | R15: http://mamonde-int.myshopify.com/cdn/shop/files/pdp_mig_2025-02-25-250225_final_KR_01_Calming_Shot_Azulene_Ampoule_thumbnail_1.jpg?v=1751595041 | S15: https://mamonde-int.myshopify.com/cdn/shop/files/pdp_mig_2025-02-25-250225_final_KR_01_Calming_Shot_Azulene_Ampoule_thumbnail_1.jpg?v=1751595041 | T15: https://mamonde-int.myshopify.com/products/calming-shot-azulene-ampoule | U15: Calming Shot Azulene Ampoule | Mamonde International | V15: Hydrating shot- Soothing shot- Calming Shot clears blemish spots! - Calming Shot Azulene Ampoule | W15: summary_large_image | X15: Pass | Y15: Brand | Z15: BreadcrumbList | AA15: ImageObject | AB15: ListItem | AC15: Offer | AD15: Organization | AE15: Product | AF15: Pass
A16: https://mamonde-int.myshopify.com/products/calming-shot-azulene-ampoule-mask | B16: Product Detail | C16: 200 | D16: Pass | E16: Calming Shot Azulene Ampoule Mask | Mamonde International | F16: Pass | G16: Powerful soothing and effective antioxidation with azulene & niacinamide - Calming Shot Azulene Ampoule Mask | H16: Pass | I16: Calming Shot Azulene Ampoule Mask | J16: 1 | K16: Pass | L16: https://mamonde-int.myshopify.com/products/calming-shot-azulene-ampoule-mask | M16: Pass | N16: Calming Shot Azulene Ampoule Mask | Mamonde International | O16: Powerful soothing and effective antioxidation with azulene & niacinamide - Calming Shot Azulene Ampoule Mask | P16: product | Q16: Mamonde International | R16: http://mamonde-int.myshopify.com/cdn/shop/files/pdp_mig_2024-05-30-240529_final_KR_calming-shot-azulene-ampoule-mask_pdp_thumbnail_01_1.jpg?v=1751594965 | S16: https://mamonde-int.myshopify.com/cdn/shop/files/pdp_mig_2024-05-30-240529_final_KR_calming-shot-azulene-ampoule-mask_pdp_thumbnail_01_1.jpg?v=1751594965 | T16: https://mamonde-int.myshopify.com/products/calming-shot-azulene-ampoule-mask | U16: Calming Shot Azulene Ampoule Mask | Mamonde International | V16: Powerful soothing and effective antioxidation with azulene & niacinamide - Calming Shot Azulene Ampoule Mask | W16: summary_large_image | X16: Pass | Y16: Brand | Z16: BreadcrumbList | AA16: ImageObject | AB16: ListItem | AC16: Offer | AD16: Organization | AE16: Product | AF16: Pass
A17: https://mamonde-int.myshopify.com/products/calming-shot-azulene-cream | B17: Product Detail | C17: 200 | D17: Pass | E17: Calming Shot Azulene Cream | Mamonde International | F17: Pass | G17: 2-week blemish spot relief. Moisture shot reaching 20th layer of the stratum corneum! - Calming Shot Azulene Cream | H17: Pass | I17: Calming Shot Azulene Cream | J17: 1 | K17: Pass | L17: https://mamonde-int.myshopify.com/products/calming-shot-azulene-cream | M17: Pass | N17: Calming Shot Azulene Cream | Mamonde International | O17: 2-week blemish spot relief. Moisture shot reaching 20th layer of the stratum corneum! - Calming Shot Azulene Cream | P17: product | Q17: Mamonde International | R17: http://mamonde-int.myshopify.com/cdn/shop/files/pdp_mig_2025-02-25-250225_final_KR_01_calming_shot_azulene_cream_thumbnail_1.jpg?v=1751595031 | S17: https://mamonde-int.myshopify.com/cdn/shop/files/pdp_mig_2025-02-25-250225_final_KR_01_calming_shot_azulene_cream_thumbnail_1.jpg?v=1751595031 | T17: https://mamonde-int.myshopify.com/products/calming-shot-azulene-cream | U17: Calming Shot Azulene Cream | Mamonde International | V17: 2-week blemish spot relief. Moisture shot reaching 20th layer of the stratum corneum! - Calming Shot Azulene Cream | W17: summary_large_image | X17: Pass | Y17: Brand | Z17: BreadcrumbList | AA17: ImageObject | AB17: ListItem | AC17: Offer | AD17: Organization | AE17: Product | AF17: Pass
A18: https://mamonde-int.myshopify.com/products/calming-shot-azulene-suncream | B18: Product Detail | C18: 200 | D18: Pass | E18: Calming Shot Azulene Suncream SPF50+PA++++ | Mamonde International | F18: Pass | G18: Watery moistness！Mild moisturizing sunscreen with azulene！ - Calming Shot Azulene Suncream SPF50+PA++++ | H18: Pass | I18: Calming Shot Azulene Suncream SPF50+PA++++ | J18: 1 | K18: Pass | L18: https://mamonde-int.myshopify.com/products/calming-shot-azulene-suncream | M18: Pass | N18: Calming Shot Azulene Suncream SPF50+PA++++ | Mamonde International | O18: Watery moistness！Mild moisturizing sunscreen with azulene！ - Calming Shot Azulene Suncream SPF50+PA++++ | P18: product | Q18: Mamonde International | R18: http://mamonde-int.myshopify.com/cdn/shop/files/pdp_mig_2024-05-30-240528_final_KR_calming-shot-azulene-suncream-SPF50_pdp_thumbnail_01_1.jpg?v=1751594964 | S18: https://mamonde-int.myshopify.com/cdn/shop/files/pdp_mig_2024-05-30-240528_final_KR_calming-shot-azulene-suncream-SPF50_pdp_thumbnail_01_1.jpg?v=1751594964 | T18: https://mamonde-int.myshopify.com/products/calming-shot-azulene-suncream | U18: Calming Shot Azulene Suncream SPF50+PA++++ | Mamonde International | V18: Watery moistness！Mild moisturizing sunscreen with azulene！ - Calming Shot Azulene Suncream SPF50+PA++++ | W18: summary_large_image | X18: Pass | Y18: Brand | Z18: BreadcrumbList | AA18: ImageObject | AB18: ListItem | AC18: Offer | AD18: Organization | AE18: Product | AF18: Pass
A19: https://mamonde-int.myshopify.com/products/calming-shot-azulene-toner | B19: Product Detail | C19: 200 | D19: Pass | E19: Calming Shot Azulene Toner | Mamonde International | F19: Pass | G19: Relieves skin heat and washes down sebum. Hydrating, soothing and cooling toner, a welcome rain for skin - Calming Shot Azulene Toner | H19: Pass | I19: Calming Shot Azulene Toner | J19: 1 | K19: Pass | L19: https://mamonde-int.myshopify.com/products/calming-shot-azulene-toner | M19: Pass | N19: Calming Shot Azulene Toner | Mamonde International | O19: Relieves skin heat and washes down sebum. Hydrating, soothing and cooling toner, a welcome rain for skin - Calming Shot Azulene Toner | P19: product | Q19: Mamonde International | R19: http://mamonde-int.myshopify.com/cdn/shop/files/pdp_mig_2025-02-25-250225_final_KR_01_calming_shot_azulene_toner_thumbnail_1.jpg?v=1751595042 | S19: https://mamonde-int.myshopify.com/cdn/shop/files/pdp_mig_2025-02-25-250225_final_KR_01_calming_shot_azulene_toner_thumbnail_1.jpg?v=1751595042 | T19: https://mamonde-int.myshopify.com/products/calming-shot-azulene-toner | U19: Calming Shot Azulene Toner | Mamonde International | V19: Relieves skin heat and washes down sebum. Hydrating, soothing and cooling toner, a welcome rain for skin - Calming Shot Azulene Toner | W19: summary_large_image | X19: Pass | Y19: Brand | Z19: BreadcrumbList | AA19: ImageObject | AB19: ListItem | AC19: Offer | AD19: Organization | AE19: Product | AF19: Pass
... A37: https://mamonde-int.myshopify.com/products/probiotics-ceramide-ampoule-mask | B37: Product Detail | C37: 200 | D37: Pass | E37: Probiotics Ceramide Ampoule Mask | Mamonde International | F37: Pass | G37: Moisturizing ampoule mask to hydrate and firm your moisture barrier - Probiotics Ceramide Ampoule Mask | H37: Pass | I37: Probiotics Ceramide Ampoule Mask | J37: 1 | K37: Pass | L37: https://mamonde-int.myshopify.com/products/probiotics-ceramide-ampoule-mask | M37: Pass | N37: Probiotics Ceramide Ampoule Mask | Mamonde International | O37: Moisturizing ampoule mask to hydrate and firm your moisture barrier - Probiotics Ceramide Ampoule Mask | P37: product | Q37: Mamonde International | R37: http://mamonde-int.myshopify.com/cdn/shop/files/pdp_mig_2024-03-18-240311_final_KR_probiotics-ceramide-ampoule-mask_pdp_thumbnail_01_1.jpg?v=1751594942 | S37: https://mamonde-int.myshopify.com/cdn/shop/files/pdp_mig_2024-03-18-240311_final_KR_probiotics-ceramide-ampoule-mask_pdp_thumbnail_01_1.jpg?v=1751594942 | T37: https://mamonde-int.myshopify.com/products/probiotics-ceramide-ampoule-mask | U37: Probiotics Ceramide Ampoule Mask | Mamonde International | V37: Moisturizing ampoule mask to hydrate and firm your moisture barrier - Probiotics Ceramide Ampoule Mask | W37: summary_large_image | X37: Pass | Y37: Brand | Z37: BreadcrumbList | AA37: ImageObject | AB37: ListItem | AC37: Offer | AD37: Organization | AE37: Product | AF37: Pass
A38: https://mamonde-int.myshopify.com/collections/all | B38: Product List | C38: 200 | D38: Pass | E38: Products | Mamonde International | F38: Pass | H38: missing | I38: Products | J38: 1 | K38: Pass | L38: https://mamonde-int.myshopify.com/collections/all | M38: Pass | N38: Products | Mamonde International | O38: Discover Your Beauty with Mamonde. Check out our new products, best-selling products, and our brand stories | P38: website | Q38: Mamonde International | R38: http://mamonde-int.myshopify.com/cdn/shop/files/20240123_final_KR-maminde-BI_OG_img.jpg?v=1752043424 | S38: https://mamonde-int.myshopify.com/cdn/shop/files/20240123_final_KR-maminde-BI_OG_img.jpg?v=1752043424 | T38: https://mamonde-int.myshopify.com/collections/all | U38: Products | Mamonde International | V38: Discover Your Beauty with Mamonde. Check out our new products, best-selling products, and our brand stories | W38: summary_large_image | X38: duplicate (check red marked cells) | Y38: BreadcrumbList | Z38: ListItem | AA38: Organization | AF38: Pass
A39: https://mamonde-int.myshopify.com/collections/anti-aging | B39: Product List | C39: 200 | D39: Pass | E39: Anti-aging | Mamonde International | F39: Pass | G39: Mamonde - Skin Care Anti-aging All Product List | Mamonde | H39: Pass | I39: Anti-aging | J39: 1 | K39: Pass | L39: https://mamonde-int.myshopify.com/collections/anti-aging | M39: Pass | N39: Anti-aging | Mamonde International | O39: Mamonde - Skin Care Anti-aging All Product List | Mamonde | P39: website | Q39: Mamonde International | R39: http://mamonde-int.myshopify.com/cdn/shop/collections/upscale-PLP-banner-1920.jpg?v=1749446895 | S39: https://mamonde-int.myshopify.com/cdn/shop/collections/upscale-PLP-banner-1920.jpg?v=1749446895 | T39: https://mamonde-int.myshopify.com/collections/anti-aging | U39: Anti-aging | Mamonde International | V39: Mamonde - Skin Care Anti-aging All Product List | Mamonde | W39: summary_large_image | X39: Pass | Y39: BreadcrumbList | Z39: ListItem | AA39: Organization | AF39: Pass
A40: https://mamonde-int.myshopify.com/collections/cleansing | B40: Product List | C40: 200 | D40: Pass | E40: Cleansing | Mamonde International | F40: Pass | G40: Mamonde - Skin Care Cleansing All Product List | Mamonde | H40: Pass | I40: Cleansing | J40: 1 | K40: Pass | L40: https://mamonde-int.myshopify.com/collections/cleansing | M40: Pass | N40: Cleansing | Mamonde International | O40: Mamonde - Skin Care Cleansing All Product List | Mamonde | P40: website | Q40: Mamonde International | R40: http://mamonde-int.myshopify.com/cdn/shop/files/20240123_final_KR-maminde-BI_OG_img.jpg?v=1752043424 | S40: https://mamonde-int.myshopify.com/cdn/shop/files/20240123_final_KR-maminde-BI_OG_img.jpg?v=1752043424 | T40: https://mamonde-int.myshopify.com/collections/cleansing | U40: Cleansing | Mamonde International | V40: Mamonde - Skin Care Cleansing All Product List | Mamonde | W40: summary_large_image | X40: Pass | Y40: BreadcrumbList | Z40: ListItem | AA40: Organization | AF40: Pass
A41: https://mamonde-int.myshopify.com/collections/cream | B41: Product List | C41: 200 | D41: Pass | E41: Cream | Mamonde International | F41: Pass | G41: Mamonde - Skin Care Cream All Product List | Mamonde | H41: Pass | I41: Cream | J41: 1 | K41: Pass | L41: https://mamonde-int.myshopify.com/collections/cream | M41: Pass | N41: Cream | Mamonde International | O41: Mamonde - Skin Care Cream All Product List | Mamonde | P41: website | Q41: Mamonde International | R41: http://mamonde-int.myshopify.com/cdn/shop/files/20240123_final_KR-maminde-BI_OG_img.jpg?v=1752043424 | S41: https://mamonde-int.myshopify.com/cdn/shop/files/20240123_final_KR-maminde-BI_OG_img.jpg?v=1752043424 | T41: https://mamonde-int.myshopify.com/collections/cream | U41: Cream | Mamonde International | V41: Mamonde - Skin Care Cream All Product List | Mamonde | W41: summary_large_image | X41: Pass | Y41: BreadcrumbList | Z41: ListItem | AA41: Organization | AF41: Pass
A42: https://mamonde-int.myshopify.com/collections/essence | B42: Product List | C42: 200 | D42: Pass | E42: Essence/Ampoule/Serum | Mamonde International | F42: Pass | G42: Mamonde - Skin Care Essence/Ampoule/Serum All Product List | Mamonde | H42: Pass | I42: Essence/Ampoule/Serum | J42: 1 | K42: Pass | L42: https://mamonde-int.myshopify.com/collections/essence | M42: Pass | N42: Essence/Ampoule/Serum | Mamonde International | O42: Mamonde - Skin Care Essence/Ampoule/Serum All Product List | Mamonde | P42: website | Q42: Mamonde International | R42: http://mamonde-int.myshopify.com/cdn/shop/files/20240123_final_KR-maminde-BI_OG_img.jpg?v=1752043424 | S42: https://mamonde-int.myshopify.com/cdn/shop/files/20240123_final_KR-maminde-BI_OG_img.jpg?v=1752043424 | T42: https://mamonde-int.myshopify.com/collections/essence | U42: Essence/Ampoule/Serum | Mamonde International | V42: Mamonde - Skin Care Essence/Ampoule/Serum All Product List | Mamonde | W42: summary_large_image | X42: Pass | Y42: BreadcrumbList | Z42: ListItem | AA42: Organization | AF42: Pass
A43: https://mamonde-int.myshopify.com/collections/exfoliating | B43: Product List | C43: 200 | D43: Pass | E43: Exfoliating | Mamonde International | F43: Pass | G43: Mamonde - Skin Care Exfoliating All Product List | Mamonde | H43: Pass | I43: Exfoliating | J43: 1 | K43: Pass | L43: https://mamonde-int.myshopify.com/collections/exfoliating | M43: Pass | N43: Exfoliating | Mamonde International | O43: Mamonde - Skin Care Exfoliating All Product List | Mamonde | P43: website | Q43: Mamonde International | R43: http://mamonde-int.myshopify.com/cdn/shop/files/20240123_final_KR-maminde-BI_OG_img.jpg?v=1752043424 | S43: https://mamonde-int.myshopify.com/cdn/shop/files/20240123_final_KR-maminde-BI_OG_img.jpg?v=1752043424 | T43: https://mamonde-int.myshopify.com/collections/exfoliating | U43: Exfoliating | Mamonde International | V43: Mamonde - Skin Care Exfoliating All Product List | Mamonde | W43: summary_large_image | X43: Pass | Y43: BreadcrumbList | Z43: ListItem | AA43: Organization | AF43: Pass
A44: https://mamonde-int.myshopify.com/collections/mask | B44: Product List | C44: 200 | D44: Pass | E44: Mask | Mamonde International | F44: Pass | G44: Mamonde - Skin Care Mask All Product List | Mamonde | H44: Pass | I44: Mask | J44: 1 | K44: Pass | L44: https://mamonde-int.myshopify.com/collections/mask | M44: Pass | N44: Mask | Mamonde International | O44: Mamonde - Skin Care Mask All Product List | Mamonde | P44: website | Q44: Mamonde International | R44: http://mamonde-int.myshopify.com/cdn/shop/files/20240123_final_KR-maminde-BI_OG_img.jpg?v=1752043424 | S44: https://mamonde-int.myshopify.com/cdn/shop/files/20240123_final_KR-maminde-BI_OG_img.jpg?v=1752043424 | T44: https://mamonde-int.myshopify.com/collections/mask | U44: Mask | Mamonde International | V44: Mamonde - Skin Care Mask All Product List | Mamonde | W44: summary_large_image | X44: Pass | Y44: BreadcrumbList | Z44: ListItem | AA44: Organization | AF44: Pass
A45: https://mamonde-int.myshopify.com/collections/moisturizing | B45: Product List | C45: 200 | D45: Pass | E45: Moisturizing | Mamonde International | F45: Pass | G45: Mamonde - Skin Care Moisturizing All Product List | Mamonde | H45: Pass | I45: Moisturizing | J45: 1 | K45: Pass | L45: https://mamonde-int.myshopify.com/collections/moisturizing | M45: Pass | N45: Moisturizing | Mamonde International | O45: Mamonde - Skin Care Moisturizing All Product List | Mamonde | P45: website | Q45: Mamonde International | R45: http://mamonde-int.myshopify.com/cdn/shop/files/20240123_final_KR-maminde-BI_OG_img.jpg?v=1752043424 | S45: https://mamonde-int.myshopify.com/cdn/shop/files/20240123_final_KR-maminde-BI_OG_img.jpg?v=1752043424 | T45: https://mamonde-int.myshopify.com/collections/moisturizing | U45: Moisturizing | Mamonde International | V45: Mamonde - Skin Care Moisturizing All Product List | Mamonde | W45: summary_large_image | X45: Pass | Y45: BreadcrumbList | Z45: ListItem | AA45: Organization | AF45: Pass
A46: https://mamonde-int.myshopify.com/collections/oil-control | B46: Product List | C46: 200 | D46: Pass | E46: Oil-control | Mamonde International | F46: Pass | G46: Mamonde - Skin Care Oil-control All Product List | Mamonde | H46: Pass | I46: Oil-control | J46: 1 | K46: Pass | L46: https://mamonde-int.myshopify.com/collections/oil-control | M46: Pass | N46: Oil-control | Mamonde International | O46: Mamonde - Skin Care Oil-control All Product List | Mamonde | P46: website | Q46: Mamonde International | R46: http://mamonde-int.myshopify.com/cdn/shop/files/20240123_final_KR-maminde-BI_OG_img.jpg?v=1752043424 | S46: https://mamonde-int.myshopify.com/cdn/shop/files/20240123_final_KR-maminde-BI_OG_img.jpg?v=1752043424 | T46: https://mamonde-int.myshopify.com/collections/oil-control | U46: Oil-control | Mamonde International | V46: Mamonde - Skin Care Oil-control All Product List | Mamonde | W46: summary_large_image | X46: Pass | Y46: BreadcrumbList | Z46: ListItem | AA46: Organization | AF46: Pass
A47: https://mamonde-int.myshopify.com/collections/products | B47: Product List | C47: 200 | D47: Pass | E47: Skin Care | Mamonde International | F47: Pass | G47: Mamonde - Skin Care All All Product List | Mamonde | H47: Pass | I47: Skin Care | J47: 1 | K47: Pass | L47: https://mamonde-int.myshopify.com/collections/products | M47: Pass | N47: Skin Care | Mamonde International | O47: Mamonde - Skin Care All All Product List | Mamonde | P47: website | Q47: Mamonde International | R47: http://mamonde-int.myshopify.com/cdn/shop/collections/250210_final_KR_product_PLP-banner_1920_300.jpg?v=1749446980 | S47: https://mamonde-int.myshopify.com/cdn/shop/collections/250210_final_KR_product_PLP-banner_1920_300.jpg?v=1749446980 | T47: https://mamonde-int.myshopify.com/collections/products | U47: Skin Care | Mamonde International | V47: Mamonde - Skin Care All All Product List | Mamonde | W47: summary_large_image | X47: Pass | Y47: BreadcrumbList | Z47: ListItem | AA47: Organization | AF47: Pass
A48: https://mamonde-int.myshopify.com/collections/skin | B48: Product List | C48: 200 | D48: Pass | E48: Skin/Lotion | Mamonde International | F48: Pass | G48: Mamonde - Skin Care Skin/Lotion All Product List | Mamonde | H48: Pass | I48: Skin/Lotion | J48: 1 | K48: Pass | L48: https://mamonde-int.myshopify.com/collections/skin | M48: Pass | N48: Skin/Lotion | Mamonde International | O48: Mamonde - Skin Care Skin/Lotion All Product List | Mamonde | P48: website | Q48: Mamonde International | R48: http://mamonde-int.myshopify.com/cdn/shop/files/20240123_final_KR-maminde-BI_OG_img.jpg?v=1752043424 | S48: https://mamonde-int.myshopify.com/cdn/shop/files/20240123_final_KR-maminde-BI_OG_img.jpg?v=1752043424 | T48: https://mamonde-int.myshopify.com/collections/skin | U48: Skin/Lotion | Mamonde International | V48: Mamonde - Skin Care Skin/Lotion All Product List | Mamonde | W48: summary_large_image | X48: Pass | Y48: BreadcrumbList | Z48: ListItem | AA48: Organization | AF48: Pass
A49: https://mamonde-int.myshopify.com/collections/sunscreen | B49: Product List | C49: 200 | D49: Pass | E49: Sunscreen | Mamonde International | F49: Pass | G49: Mamonde - Skin Care Sunscreen All Product List | Mamonde | H49: Pass | I49: Sunscreen | J49: 1 | K49: Pass | L49: https://mamonde-int.myshopify.com/collections/sunscreen | M49: Pass | N49: Sunscreen | Mamonde International | O49: Mamonde - Skin Care Sunscreen All Product List | Mamonde | P49: website | Q49: Mamonde International | R49: http://mamonde-int.myshopify.com/cdn/shop/files/20240123_final_KR-maminde-BI_OG_img.jpg?v=1752043424 | S49: https://mamonde-int.myshopify.com/cdn/shop/files/20240123_final_KR-maminde-BI_OG_img.jpg?v=1752043424 | T49: https://mamonde-int.myshopify.com/collections/sunscreen | U49: Sunscreen | Mamonde International | V49: Mamonde - Skin Care Sunscreen All Product List | Mamonde | W49: summary_large_image | X49: Pass | Y49: BreadcrumbList | Z49: ListItem | AA49: Organization | AF49: Pass
A50: https://mamonde-int.myshopify.com/cart | C50: 0 | D50: need check (blocked by robots.txt)
A51: https://mamonde-int.myshopify.com/collections/products?sort_by=best-selling | C51: 0 | D51: need check (blocked by robots.txt)
A52: https://mamonde-int.myshopify.com/policies/terms-of-service | C52: 0 | D52: need check (blocked by robots.txt)
A53: https://mamonde-int.myshopify.com/search?q=AzuleneAmpoule | C53: 0 | D53: need check (blocked by robots.txt)
A54: https://mamonde-int.myshopify.com/search?q=CleansingBalm | C54: 0 | D54: need check (blocked by robots.txt)
A55: https://mamonde-int.myshopify.com/search?q=PoreShrinker | C55: 0 | D55: need check (blocked by robots.txt)
A56: https://mamonde-int.myshopify.com/search?q=RoseMask | C56: 0 | D56: need check (blocked by robots.txt)

Sheet Summary
B2: RYO HK QA Result
B4: Expected Launch Date | C4: 2025.07.30
B5: QA Date | C5: 2025.07.21
B6: Pass Rate | C6: =AVERAGE(D12,D15,D18,D21,D24,D27,D30,D33) -> 0.49395161
B9: QA Elements | C9: All Page | E9: Product Detail | G9: Product List | I9: Blog Page | K9: Page (No PLP / PDP)
B10: Total | C10: =SUM(E10:L10) -> 62 | E10: =COUNTIF(Raw!$C:$C,Summary!E9) -> 19 | G10: =COUNTIF(Raw!$C:$C,Summary!G9) -> 21 | I10: =COUNTIF(Raw!$C:$C,Summary!I9) -> 7 | K10: =COUNTIF(Raw!$C:$C,Summary!K9) -> 15
B11: Address
B12: Pass | C12: =SUM(E12+G12+I12+K12) -> 50 | D12: =C12/C$10 -> 0.80645161 | E12: =COUNTIFS(Raw!$C:$C,Summary!E$9,Raw!$B:$B,"Pass") -> 19 | F12: =E12/E$10 -> 1 | G12: =COUNTIFS(Raw!$C:$C,Summary!G$9,Raw!$B:$B,"Pass") -> 14 | H12: =G12/G$10 -> 0.66666667 | I12: =COUNTIFS(Raw!$C:$C,Summary!I$9,Raw!$B:$B,"Pass") -> 2 | J12: =I12/I$10 -> 0.28571429 | K12: =COUNTIFS(Raw!$C:$C,Summary!K$9,Raw!$B:$B,"Pass") -> 15 | L12: =K12/K10 -> 1
B13: has issues (not english) | C13: =SUM(E13+G13+I13+K13) -> 12 | D13: =C13/C$10 -> 0.19354839 | E13: =COUNTIFS(Raw!$C:$C,Summary!E$9,Raw!$B:$B,"<>Pass") -> 0 | F13: =E13/E$10 -> 0 | G13: =COUNTIFS(Raw!$C:$C,Summary!G$9,Raw!$B:$B,"<>Pass") -> 7 | H13: =G13/G$10 -> 0.33333333 | I13: =COUNTIFS(Raw!$C:$C,Summary!I$9,Raw!$B:$B,"<>Pass") -> 5 | J13: =I13/I$10 -> 0.71428571 | K13: =COUNTIFS(Raw!$C:$C,Summary!K$9,Raw!$B:$B,"<>Pass") -> 0 | L13: =K13/K10 -> 0
B14: Status Code
B15: Pass | C15: =SUM(E15+G15+I15+K15) -> 56 | D15: =C15/C$10 -> 0.90322581 | E15: =COUNTIFS(Raw!$C:$C,Summary!E$9,Raw!$E:$E,"Pass") -> 19 | F15: =E15/E$10 -> 1 | G15: =COUNTIFS(Raw!$C:$C,Summary!G$9,Raw!$E:$E,"Pass") -> 21 | H15: =G15/G$10 -> 1 | I15: =COUNTIFS(Raw!$C:$C,Summary!I$9,Raw!$E:$E,"Pass") -> 2 | J15: =I15/I$10 -> 0.28571429 | K15: =COUNTIFS(Raw!$C:$C,Summary!K$9,Raw!$E:$E,"Pass") -> 14 | L15: =K15/K10 -> 0.93333333
B16: has issues (301, 302, 404) | C16: =SUM(E16+G16+I16+K16) -> 6 | D16: =C16/C$10 -> 0.096774194 | E16: =COUNTIFS(Raw!$C:$C,Summary!E$9,Raw!$E:$E,"<>Pass") -> 0 | F16: =E16/E$10 -> 0 | G16: =COUNTIFS(Raw!$C:$C,Summary!G$9,Raw!$E:$E,"<>Pass") -> 0 | H16: =G16/G$10 -> 0 | I16: =COUNTIFS(Raw!$C:$C,Summary!I$9,Raw!$E:$E,"<>Pass") -> 5 | J16: =I16/I$10 -> 0.71428571 | K16: =COUNTIFS(Raw!$C:$C,Summary!K$9,Raw!$E:$E,"<>Pass") -> 1 | L16: =K16/K10 -> 0.066666667
B17: Title
B18: Pass | C18: =SUM(E18+G18+I18+K18) -> 28 | D18: =C18/C$10 -> 0.4516129 | E18: =COUNTIFS(Raw!$C:$C,Summary!E$9,Raw!$G:$G,"Pass") -> 19 | F18: =E18/E$10 -> 1 | G18: =COUNTIFS(Raw!$C:$C,Summary!G$9,Raw!$G:$G,"Pass") -> 0 | H18: =G18/G$10 -> 0 | I18: =COUNTIFS(Raw!$C:$C,Summary!I$9,Raw!$G:$G,"Pass") -> 0 | J18: =I18/I$10 -> 0 | K18: =COUNTIFS(Raw!$C:$C,Summary!K$9,Raw!$G:$G,"Pass") -> 9 | L18: =K18/K$10 -> 0.6
B19: has issues (separator, typo, space) | C19: =SUM(E19+G19+I19+K19) -> 34 | D19: =C19/C$10 -> 0.5483871 | E19: =COUNTIFS(Raw!$C:$C,Summary!E$9,Raw!$G:$G,"<>Pass") -> 0 | F19: =E19/E$10 -> 0 | G19: =COUNTIFS(Raw!$C:$C,Summary!G$9,Raw!$G:$G,"<>Pass") -> 21 | H19: =G19/G$10 -> 1 | I19: =COUNTIFS(Raw!$C:$C,Summary!I$9,Raw!$G:$G,"<>Pass") -> 7 | J19: =I19/I$10 -> 1 | K19: =COUNTIFS(Raw!$C:$C,Summary!K$9,Raw!$G:$G,"<>Pass") -> 6 | L19: =K19/K$10 -> 0.4
B20: Meta Description
B21: Pass | C21: =SUM(E21+G21+I21+K21) -> 24 | D21: =C21/C$10 -> 0.38709677 | E21: =COUNTIFS(Raw!$C:$C,Summary!E$9,Raw!$I:$I,"Pass") -> 19 | F21: =E21/E$10 -> 1 | G21: =COUNTIFS(Raw!$C:$C,Summary!G$9,Raw!$I:$I,"Pass") -> 4 | H21: =G21/G$10 -> 0.19047619 | I21: =COUNTIFS(Raw!$C:$C,Summary!I$9,Raw!$I:$I,"Pass") -> 0 | J21: =I21/I$10 -> 0 | K21: =COUNTIFS(Raw!$C:$C,Summary!K$9,Raw!$I:$I,"Pass") -> 1 | L21: =K21/K$10 -> 0.066666667
B22: has issues (missing, duplicate) | C22: =SUM(E22+G22+I22+K22) -> 38 | D22: =C22/C$10 -> 0.61290323 | E22: =COUNTIFS(Raw!$C:$C,Summary!E$9,Raw!$I:$I,"<>Pass") -> 0 | F22: =E22/E$10 -> 0 | G22: =COUNTIFS(Raw!$C:$C,Summary!G$9,Raw!$I:$I,"<>Pass") -> 17 | H22: =G22/G$10 -> 0.80952381 | I22: =COUNTIFS(Raw!$C:$C,Summary!I$9,Raw!$I:$I,"<>Pass") -> 7 | J22: =I22/I$10 -> 1 | K22: =COUNTIFS(Raw!$C:$C,Summary!K$9,Raw!$I:$I,"<>Pass") -> 14 | L22: =K22/K$10 -> 0.93333333
B23: H1
B24: Pass | C24: =SUM(E24+G24+I24+K24) -> 8 | D24: =C24/C$10 -> 0.12903226 | E24: =COUNTIFS(Raw!$C:$C,Summary!E$9,Raw!$L:$L,"Pass") -> 0 | F24: =E24/E$10 -> 0 | G24: =COUNTIFS(Raw!$C:$C,Summary!G$9,Raw!$L:$L,"Pass") -> 0 | H24: =G24/G$10 -> 0 | I24: =COUNTIFS(Raw!$C:$C,Summary!I$9,Raw!$L:$L,"Pass") -> 0 | J24: =I24/I$10 -> 0 | K24: =COUNTIFS(Raw!$C:$C,Summary!K$9,Raw!$L:$L,"Pass") -> 8 | L24: =K24/K$10 -> 0.53333333
B25: has issues (missing) | C25: =SUM(E25+G25+I25+K25) -> 54 | D25: =C25/C$10 -> 0.87096774 | E25: =COUNTIFS(Raw!$C:$C,Summary!E$9,Raw!$L:$L,"<>Pass") -> 19 | F25: =E25/E$10 -> 1 | G25: =COUNTIFS(Raw!$C:$C,Summary!G$9,Raw!$L:$L,"<>Pass") -> 21 | H25: =G25/G$10 -> 1 | I25: =COUNTIFS(Raw!$C:$C,Summary!I$9,Raw!$L:$L,"<>Pass") -> 7 | J25: =I25/I$10 -> 1 | K25: =COUNTIFS(Raw!$C:$C,Summary!K$9,Raw!$L:$L,"<>Pass") -> 7 | L25: =K25/K$10 -> 0.46666667
B26: Canonical
B27: Pass | C27: =SUM(E27+G27+I27+K27) -> 58 | D27: =C27/C$10 -> 0.93548387 | E27: =COUNTIFS(Raw!$C:$C,Summary!E$9,Raw!$N:$N,"Pass") -> 19 | F27: =E27/E$10 -> 1 | G27: =COUNTIFS(Raw!$C:$C,Summary!G$9,Raw!$N:$N,"Pass") -> 21 | H27: =G27/G$10 -> 1 | I27: =COUNTIFS(Raw!$C:$C,Summary!I$9,Raw!$N:$N,"Pass") -> 4 | J27: =I27/I$10 -> 0.57142857 | K27: =COUNTIFS(Raw!$C:$C,Summary!K$9,Raw!$N:$N,"Pass") -> 14 | L27: =K27/K$10 -> 0.93333333
B28: has issues | C28: =SUM(E28+G28+I28+K28) -> 4 | D28: =C28/C$10 -> 0.064516129 | E28: =COUNTIFS(Raw!$C:$C,Summary!E$9,Raw!$N:$N,"<>Pass") -> 0 | F28: =E28/E$10 -> 0 | G28: =COUNTIFS(Raw!$C:$C,Summary!G$9,Raw!$N:$N,"<>Pass") -> 0 | H28: =G28/G$10 -> 0 | I28: =COUNTIFS(Raw!$C:$C,Summary!I$9,Raw!$N:$N,"<>Pass") -> 3 | J28: =I28/I$10 -> 0.42857143 | K28: =COUNTIFS(Raw!$C:$C,Summary!K$9,Raw!$N:$N,"<>Pass") -> 1 | L28: =K28/K$10 -> 0.066666667
B29: Social Tag
B30: Pass | C30: =SUM(E30+G30+I30+K30) -> 21 | D30: =C30/C$10 -> 0.33870968 | E30: =COUNTIFS(Raw!$C:$C,Summary!E$9,Raw!$Y:$Y,"Pass") -> 19 | F30: =E30/E$10 -> 1 | G30: =COUNTIFS(Raw!$C:$C,Summary!G$9,Raw!$Y:$Y,"Pass") -> 2 | H30: =G30/G$10 -> 0.095238095 | I30: =COUNTIFS(Raw!$C:$C,Summary!I$9,Raw!$Y:$Y,"Pass") -> 0 | J30: =I30/I$10 -> 0 | K30: =COUNTIFS(Raw!$C:$C,Summary!K$9,Raw!$Y:$Y,"Pass") -> 0 | L30: =K30/K$10 -> 0
B31: has issues (duplicate, need check) | C31: =SUM(E31+G31+I31+K31) -> 41 | D31: =C31/C$10 -> 0.66129032 | E31: =COUNTIFS(Raw!$C:$C,Summary!E$9,Raw!$Y:$Y,"<>Pass") -> 0 | F31: =E31/E$10 -> 0 | G31: =COUNTIFS(Raw!$C:$C,Summary!G$9,Raw!$Y:$Y,"<>Pass") -> 19 | H31: =G31/G$10 -> 0.9047619 | I31: =COUNTIFS(Raw!$C:$C,Summary!I$9,Raw!$Y:$Y,"<>Pass") -> 7 | J31: =I31/I$10 -> 1 | K31: =COUNTIFS(Raw!$C:$C,Summary!K$9,Raw!$Y:$Y,"<>Pass") -> 15 | L31: =K31/K$10 -> 1
B32: Schema
B33: Pass | C33: =SUM(E33+G33+I33+K33) -> 0 | D33: =C33/C$10 -> 0 | E33: =COUNTIFS(Raw!$C:$C,Summary!E$9,Raw!$AK:$AK,"Pass") -> 0 | F33: =E33/E$10 -> 0 | G33: =COUNTIFS(Raw!$C:$C,Summary!G$9,Raw!$AK:$AK,"Pass") -> 0 | H33: =G33/G$10 -> 0 | I33: =COUNTIFS(Raw!$C:$C,Summary!I$9,Raw!$AK:$AK,"Pass") -> 0 | J33: =I33/I$10 -> 0 | K33: =COUNTIFS(Raw!$C:$C,Summary!K$9,Raw!$AK:$AK,"Pass") -> 0 | L33: =K33/K$10 -> 0
B34: has issues (missing) | C34: =SUM(E34+G34+I34+K34) -> 62 | D34: =C34/C$10 -> 1 | E34: =COUNTIFS(Raw!$C:$C,Summary!E$9,Raw!$AK:$AK,"<>Pass") -> 19 | F34: =E34/E$10 -> 1 | G34: =COUNTIFS(Raw!$C:$C,Summary!G$9,Raw!$AK:$AK,"<>Pass") -> 21 | H34: =G34/G$10 -> 1 | I34: =COUNTIFS(Raw!$C:$C,Summary!I$9,Raw!$AK:$AK,"<>Pass") -> 7 | J34: =I34/I$10 -> 1 | K34: =COUNTIFS(Raw!$C:$C,Summary!K$9,Raw!$AK:$AK,"<>Pass") -> 15 | L34: =K34/K$10 -> 1

Sheet Raw
A1: Address | B1: Address QA | C1: Segments | D1: Status Code | E1: Status Code QA | F1: Title 1 | G1: Title QA | H1: Meta Description 1 | I1: Meta Description QA | J1: H1-1 | K1: H1 Count 1 | L1: H1 QA | M1: Canonical Link Element 1 | N1: Canonical QA | O1: og title 1 | P1: og description 1 | Q1: og type 1 | R1: og sitename 1 | S1: og image 1 | T1: og image 2 | U1: og url 1 | V1: twitter title 1 | W1: twitter description 1 | X1: twitter card 1 | Y1: Social Tag QA | Z1: Type-1 | AA1: Type-2 | AB1: Type-3 | AC1: Type-4 | AD1: Type-5 | AE1: Type-6 | AF1: Type-7 | AG1: Schema QA
A2: https://ryo-hk.myshopify.com/ | B2: Pass | C2: Page (No PLP / PDP) | D2: 200 | E2: Pass | F2: 呂 RYO 官方網站 | RYO Hong Kong | G2: Pass | H2: 呂Ryo以獨有的「頭皮科學」研究經驗融合韓方成分進行產品研發，解決顧客的頭皮困擾、實現頭皮的最佳均衡狀態。 | I2: Pass | L2: missing | M2: https://ryo-hk.myshopify.com/ | N2: Pass | O2: 呂 RYO 官方網站 | RYO Hong Kong | P2: 呂Ryo以獨有的「頭皮科學」研究經驗融合韓方成分進行產品研發，解決顧客的頭皮困擾、實現頭皮的最佳均衡狀態。 | Q2: website | R2: RYO HK | S2: http://ryo-hk.myshopify.com/cdn/shop/files/ryo_og_image.jpg?v=1749606307 | T2: https://ryo-hk.myshopify.com/cdn/shop/files/ryo_og_image.jpg?v=1749606307 | U2: https://ryo-hk.myshopify.com/ | V2: 呂 RYO 官方網站 | RYO Hong Kong | W2: 呂Ryo以獨有的「頭皮科學」研究經驗融合韓方成分進行產品研發，解決顧客的頭皮困擾、實現頭皮的最佳均衡狀態。 | X2: summary_large_image | Y2: duplicate (check red marked cells) | Z2: BreadcrumbList | AA2: ListItem | AB2: Organization | AC2: SearchAction | AD2: WebSite | AG2: Pass
A3: https://ryo-hk.myshopify.com/blogs/brand-video/1325601_24084 | B3: hyphen recommended instead of underbar | C3: Blog Page | D3: 200 | E3: Pass | F3: 呂RYO 全新升級｜領先科研防脫之旅 | G3: missing " | {brand}{country}" | I3: missing | L3: missing | M3: https://ryo-hk.myshopify.com/blogs/brand-video/1325601_24084 | N3: Pass | O3: 呂RYO 全新升級｜領先科研防脫之旅 | P3: 呂Ryo以獨有的「頭皮科學」研究經驗融合韓方成分進行產品研發，解決顧客的頭皮困擾、實現頭皮的最佳均衡狀態。 | Q3: article | R3: RYO HK | S3: http://ryo-hk.myshopify.com/cdn/shop/files/ryo_og_image.jpg?v=1749606307 | T3: https://ryo-hk.myshopify.com/cdn/shop/files/ryo_og_image.jpg?v=1749606307 | U3: https://ryo-hk.myshopify.com/blogs/brand-video/1325601_24084 | V3: 呂RYO 全新升級｜領先科研防脫之旅 | W3: 呂Ryo以獨有的「頭皮科學」研究經驗融合韓方成分進行產品研發，解決顧客的頭皮困擾、實現頭皮的最佳均衡狀態。 | X3: summary_large_image | Y3: duplicate (check red marked cells) | AG3: Pass
A4: https://ryo-hk.myshopify.com/blogs/news | B4: Pass | C4: Blog Page | D4: 200 | E4: Pass | F4: News | G4: missing " | {brand}{country}" | I4: missing | J4: ASK AESTURA | K4: 1 | L4: check brand name | M4: https://ryo-hk.myshopify.com/blogs/news | N4: Pass | O4: News | P4: 呂Ryo以獨有的「頭皮科學」研究經驗融合韓方成分進行產品研發，解決顧客的頭皮困擾、實現頭皮的最佳均衡狀態。 | Q4: website | R4: RYO HK | S4: http://ryo-hk.myshopify.com/cdn/shop/files/ryo_og_image.jpg?v=1749606307 | T4: https://ryo-hk.myshopify.com/cdn/shop/files/ryo_og_image.jpg?v=1749606307 | U4: https://ryo-hk.myshopify.com/blogs/news | V4: News | W4: 呂Ryo以獨有的「頭皮科學」研究經驗融合韓方成分進行產品研發，解決顧客的頭皮困擾、實現頭皮的最佳均衡狀態。 | X4: summary_large_image | Y4: duplicate (check red marked cells) | Z4: BreadcrumbList | AA4: ListItem | AB4: Organization | AG4: Pass
A5: https://ryo-hk.myshopify.com/collections/beautiful-aging-care | B5: Pass | C5: Product List | D5: 200 | E5: Pass | F5: 修復明顯脫髮 | G5: missing " | {brand}{country}" | I5: missing | K5: 5 | L5: multiple | M5: https://ryo-hk.myshopify.com/collections/beautiful-aging-care | N5: Pass | O5: 修復明顯脫髮 | P5: 呂Ryo以獨有的「頭皮科學」研究經驗融合韓方成分進行產品研發，解決顧客的頭皮困擾、實現頭皮的最佳均衡狀態。 | Q5: website | R5: RYO HK | S5: http://ryo-hk.myshopify.com/cdn/shop/files/ryo_og_image.jpg?v=1749606307 | T5: https://ryo-hk.myshopify.com/cdn/shop/files/ryo_og_image.jpg?v=1749606307 | U5: https://ryo-hk.myshopify.com/collections/beautiful-aging-care | V5: 修復明顯脫髮 | W5: 呂Ryo以獨有的「頭皮科學」研究經驗融合韓方成分進行產品研發，解決顧客的頭皮困擾、實現頭皮的最佳均衡狀態。 | X5: summary_large_image | Y5: duplicate (check red marked cells) | Z5: BreadcrumbList | AA5: ListItem | AB5: Organization | AG5: Pass
A6: https://ryo-hk.myshopify.com/collections/bestseller-item | B6: Pass | C6: Product List | D6: 200 | E6: Pass | F6: BEST SELLER ITEM l RYO HK | G6: missing " | {brand}{country}" | H6: 给大家介绍一下厉的畅销单品 | I6: Pass | K6: 5 | L6: multiple | M6: https://ryo-hk.myshopify.com/collections/bestseller-item | N6: Pass | O6: BEST SELLER ITEM l RYO HK | P6: 给大家介绍一下厉的畅销单品 | Q6: website | R6: RYO HK | S6: http://ryo-hk.myshopify.com/cdn/shop/files/ryo_og_image.jpg?v=1749606307 | T6: https://ryo-hk.myshopify.com/cdn/shop/files/ryo_og_image.jpg?v=1749606307 | U6: https://ryo-hk.myshopify.com/collections/bestseller-item | V6: BEST SELLER ITEM l RYO HK | W6: 给大家介绍一下厉的畅销单品 | X6: summary_large_image | Y6: Pass | Z6: BreadcrumbList | AA6: ListItem | AB6: Organization | AG6: Pass
A7: https://ryo-hk.myshopify.com/collections/conditioner-treatment | B7: Pass | C7: Product List | D7: 200 | E7: Pass | F7: 護髮精華素及潤髮乳 | G7: missing " | {brand}{country}" | I7: missing | K7: 5 | L7: multiple | M7: https://ryo-hk.myshopify.com/collections/conditioner-treatment | N7: Pass | O7: 護髮精華素及潤髮乳 | P7: 呂Ryo以獨有的「頭皮科學」研究經驗融合韓方成分進行產品研發，解決顧客的頭皮困擾、實現頭皮的最佳均衡狀態。 | Q7: website | R7: RYO HK | S7: http://ryo-hk.myshopify.com/cdn/shop/files/ryo_og_image.jpg?v=1749606307 | T7: https://ryo-hk.myshopify.com/cdn/shop/files/ryo_og_image.jpg?v=1749606307 | U7: https://ryo-hk.myshopify.com/collections/conditioner-treatment | V7: 護髮精華素及潤髮乳 | W7: 呂Ryo以獨有的「頭皮科學」研究經驗融合韓方成分進行產品研發，解決顧客的頭皮困擾、實現頭皮的最佳均衡狀態。 | X7: summary_large_image | Y7: duplicate (check red marked cells) | Z7: BreadcrumbList | AA7: ListItem | AB7: Organization | AG7: Pass
A8: https://ryo-hk.myshopify.com/collections/damage_care_line | B8: hyphen recommended instead of underbar | C8: Product List | D8: 200 | E8: Pass | F8: 呂 韓方修護系列 受損髮質適用 | G8: duplicate missing " | {brand}{country}" | H8: 針對極度髮受損髮質，瞬間修復集中滋養，減少 38% 打結髮絲，重拾絲滑柔順，強健髮絲增加光澤 | I8: Pass | K8: 5 | L8: multiple | M8: https://ryo-hk.myshopify.com/collections/damage_care_line | N8: Pass | O8: 呂 韓方修護系列 受損髮質適用 | P8: 針對極度髮受損髮質，瞬間修復集中滋養，減少 38% 打結髮絲，重拾絲滑柔順，強健髮絲增加光澤 | Q8: website | R8: RYO HK | S8: http://ryo-hk.myshopify.com/cdn/shop/files/ryo_og_image.jpg?v=1749606307 | T8: https://ryo-hk.myshopify.com/cdn/shop/files/ryo_og_image.jpg?v=1749606307 | U8: https://ryo-hk.myshopify.com/collections/damage_care_line | V8: 呂 韓方修護系列 受損髮質適用 | W8: 針對極度髮受損髮質，瞬間修復集中滋養，減少 38% 打結髮絲，重拾絲滑柔順，強健髮絲增加光澤 | X8: summary_large_image | Y8: duplicate (check red marked cells) | Z8: BreadcrumbList | AA8: ListItem | AB8: Organization | AG8: Pass
A9: https://ryo-hk.myshopify.com/collections/damage-care | B9: Pass | C9: Product List | D9: 200 | E9: Pass | F9: 修護受損髮質 | G9: missing " | {brand}{country}" | I9: missing | K9: 5 | L9: multiple | M9: https://ryo-hk.myshopify.com/collections/damage-care | N9: Pass | O9: 修護受損髮質 | P9: 呂Ryo以獨有的「頭皮科學」研究經驗融合韓方成分進行產品研發，解決顧客的頭皮困擾、實現頭皮的最佳均衡狀態。 | Q9: website | R9: RYO HK | S9: http://ryo-hk.myshopify.com/cdn/shop/files/ryo_og_image.jpg?v=1749606307 | T9: https://ryo-hk.myshopify.com/cdn/shop/files/ryo_og_image.jpg?v=1749606307 | U9: https://ryo-hk.myshopify.com/collections/damage-care | V9: 修護受損髮質 | W9: 呂Ryo以獨有的「頭皮科學」研究經驗融合韓方成分進行產品研發，解決顧客的頭皮困擾、實現頭皮的最佳均衡狀態。 | X9: summary_large_image | Y9: duplicate (check red marked cells) | Z9: BreadcrumbList | AA9: ListItem | AB9: Organization | AG9: Pass
A10: https://ryo-hk.myshopify.com/collections/essence | B10: Pass | C10: Product List | D10: 200 | E10: Pass | F10: 防脫髮精華 | G10: missing " | {brand}{country}" | I10: missing | K10: 5 | L10: multiple | M10: https://ryo-hk.myshopify.com/collections/essence | N10: Pass | O10: 防脫髮精華 | P10: 呂Ryo以獨有的「頭皮科學」研究經驗融合韓方成分進行產品研發，解決顧客的頭皮困擾、實現頭皮的最佳均衡狀態。 | Q10: website | R10: RYO HK | S10: http://ryo-hk.myshopify.com/cdn/shop/files/ryo_og_image.jpg?v=1749606307 | T10: https://ryo-hk.myshopify.com/cdn/shop/files/ryo_og_image.jpg?v=1749606307 | U10: https://ryo-hk.myshopify.com/collections/essence | V10: 防脫髮精華 | W10: 呂Ryo以獨有的「頭皮科學」研究經驗融合韓方成分進行產品研發，解決顧客的頭皮困擾、實現頭皮的最佳均衡狀態。 | X10: summary_large_image | Y10: duplicate (check red marked cells) | Z10: BreadcrumbList | AA10: ListItem | AB10: Organization | AG10: Pass
A11: https://ryo-hk.myshopify.com/collections/frontpage | B11: Pass | C11: Product List | D11: 200 | E11: Pass | F11: Home page | G11: missing " | {brand}{country}" | I11: missing | K11: 5 | L11: multiple | M11: https://ryo-hk.myshopify.com/collections/frontpage | N11: Pass | O11: Home page | P11: 呂Ryo以獨有的「頭皮科學」研究經驗融合韓方成分進行產品研發，解決顧客的頭皮困擾、實現頭皮的最佳均衡狀態。 | Q11: website | R11: RYO HK | S11: http://ryo-hk.myshopify.com/cdn/shop/files/ryo_og_image.jpg?v=1749606307 | T11: https://ryo-hk.myshopify.com/cdn/shop/files/ryo_og_image.jpg?v=1749606307 | U11: https://ryo-hk.myshopify.com/collections/frontpage | V11: Home page | W11: 呂Ryo以獨有的「頭皮科學」研究經驗融合韓方成分進行產品研發，解決顧客的頭皮困擾、實現頭皮的最佳均衡狀態。 | X11: summary_large_image | Y11: duplicate (check red marked cells) | Z11: BreadcrumbList | AA11: ListItem | AB11: Organization | AG11: Pass
A12: https://ryo-hk.myshopify.com/collections/hair-cushion | B12: Pass | C12: Product List | D12: 200 | E12: Pass | F12: 焗髮遮瑕氣墊棒 | G12: missing " | {brand}{country}" | I12: missing | K12: 5 | L12: multiple | M12: https://ryo-hk.myshopify.com/collections/hair-cushion | N12: Pass | O12: 焗髮遮瑕氣墊棒 | P12: 呂Ryo以獨有的「頭皮科學」研究經驗融合韓方成分進行產品研發，解決顧客的頭皮困擾、實現頭皮的最佳均衡狀態。 | Q12: website | R12: RYO HK | S12: http://ryo-hk.myshopify.com/cdn/shop/files/ryo_og_image.jpg?v=1749606307 | T12: https://ryo-hk.myshopify.com/cdn/shop/files/ryo_og_image.jpg?v=1749606307 | U12: https://ryo-hk.myshopify.com/collections/hair-cushion | V12: 焗髮遮瑕氣墊棒 | W12: 呂Ryo以獨有的「頭皮科學」研究經驗融合韓方成分進行產品研發，解決顧客的頭皮困擾、實現頭皮的最佳均衡狀態。 | X12: summary_large_image | Y12: duplicate (check red marked cells) | Z12: BreadcrumbList | AA12: ListItem | AB12: Organization | AG12: Pass
A13: https://ryo-hk.myshopify.com/collections/hairloss_expert_line | B13: hyphen recommended instead of underbar | C13: Product List | D13: 200 | E13: Pass | F13: 呂 韓參滋養防脫髮系列 | G13: duplicate missing " | {brand}{country}" | H13: 以獨家Ginsen9EX™防脫專利技術萃取高濃度韓國人蔘精華，修復受損頭皮，強韌保護髮根，養護濃密秀髮 | I13: Pass | K13: 5 | L13: multiple | M13: https://ryo-hk.myshopify.com/collections/hairloss_expert_line | N13: Pass | O13: 呂 韓參滋養防脫髮系列 | P13: 以獨家Ginsen9EX™防脫專利技術萃取高濃度韓國人蔘精華，修復受損頭皮，強韌保護髮根，養護濃密秀髮 | Q13: website | R13: RYO HK | S13: http://ryo-hk.myshopify.com/cdn/shop/files/ryo_og_image.jpg?v=1749606307 | T13: https://ryo-hk.myshopify.com/cdn/shop/files/ryo_og_image.jpg?v=1749606307 | U13: https://ryo-hk.myshopify.com/collections/hairloss_expert_line | V13: 呂 韓參滋養防脫髮系列 | W13: 以獨家Ginsen9EX™防脫專利技術萃取高濃度韓國人蔘精華，修復受損頭皮，強韌保護髮根，養護濃密秀髮 | X13: summary_large_image | Y13: duplicate (check red marked cells) | Z13: BreadcrumbList | AA13: ListItem | AB13: Organization | AG13: Pass
A14: https://ryo-hk.myshopify.com/collections/hair-loss-care | B14: Pass | C14: Product List | D14: 200 | E14: Pass | F14: 防護早期脫髮 | G14: missing " | {brand}{country}" | I14: missing | K14: 5 | L14: multiple | M14: https://ryo-hk.myshopify.com/collections/hair-loss-care | N14: Pass | O14: 防護早期脫髮 | P14: 呂Ryo以獨有的「頭皮科學」研究經驗融合韓方成分進行產品研發，解決顧客的頭皮困擾、實現頭皮的最佳均衡狀態。 | Q14: website | R14: RYO HK | S14: http://ryo-hk.myshopify.com/cdn/shop/files/ryo_og_image.jpg?v=1749606307 | T14: https://ryo-hk.myshopify.com/cdn/shop/files/ryo_og_image.jpg?v=1749606307 | U14: https://ryo-hk.myshopify.com/collections/hair-loss-care | V14: 防護早期脫髮 | W14: 呂Ryo以獨有的「頭皮科學」研究經驗融合韓方成分進行產品研發，解決顧客的頭皮困擾、實現頭皮的最佳均衡狀態。 | X14: summary_large_image | Y14: duplicate (check red marked cells) | Z14: BreadcrumbList | AA14: ListItem | AB14: Organization | AG14: Pass
A15: https://ryo-hk.myshopify.com/collections/hair-strengthen-volume | B15: Pass | C15: Product List | D15: 200 | E15: Pass | F15: 豐盈幼弱扁塌髮質 | G15: missing " | {brand}{country}" | I15: missing | K15: 5 | L15: multiple | M15: https://ryo-hk.myshopify.com/collections/hair-strengthen-volume | N15: Pass | O15: 豐盈幼弱扁塌髮質 | P15: 呂Ryo以獨有的「頭皮科學」研究經驗融合韓方成分進行產品研發，解決顧客的頭皮困擾、實現頭皮的最佳均衡狀態。 | Q15: website | R15: RYO HK | S15: http://ryo-hk.myshopify.com/cdn/shop/files/ryo_og_image.jpg?v=1749606307 | T15: https://ryo-hk.myshopify.com/cdn/shop/files/ryo_og_image.jpg?v=1749606307 | U15: https://ryo-hk.myshopify.com/collections/hair-strengthen-volume | V15: 豐盈幼弱扁塌髮質 | W15: 呂Ryo以獨有的「頭皮科學」研究經驗融合韓方成分進行產品研發，解決顧客的頭皮困擾、實現頭皮的最佳均衡狀態。 | X15: summary_large_image | Y15: duplicate (check red marked cells) | Z15: BreadcrumbList | AA15: ListItem | AB15: Organization | AG15: Pass
A16: https://ryo-hk.myshopify.com/collections/products | B16: Pass | C16: Product List | D16: 200 | E16: Pass | F16: products | G16: duplicate missing " | {brand}{country}" | I16: missing | K16: 5 | L16: multiple | M16: https://ryo-hk.myshopify.com/collections/products | N16: Pass | O16: products | P16: 呂Ryo以獨有的「頭皮科學」研究經驗融合韓方成分進行產品研發，解決顧客的頭皮困擾、實現頭皮的最佳均衡狀態。 | Q16: website | R16: RYO HK | S16: http://ryo-hk.myshopify.com/cdn/shop/files/ryo_og_image.jpg?v=1749606307 | T16: https://ryo-hk.myshopify.com/cdn/shop/files/ryo_og_image.jpg?v=1749606307 | U16: https://ryo-hk.myshopify.com/collections/products | V16: products | W16: 呂Ryo以獨有的「頭皮科學」研究經驗融合韓方成分進行產品研發，解決顧客的頭皮困擾、實現頭皮的最佳均衡狀態。 | X16: summary_large_image | Y16: duplicate (check red marked cells) | Z16: BreadcrumbList | AA16: ListItem | AB16: Organization | AG16: Pass
A17: https://ryo-hk.myshopify.com/collections/products?page=2 | B17: Pass | C17: Product List | D17: 200 | E17: Pass | F17: products | G17: duplicate missing " | {brand}{country}" | I17: missing | K17: 5 | L17: multiple | M17: https://ryo-hk.myshopify.com/collections/products?page=2 | N17: Pass | O17: products | P17: 呂Ryo以獨有的「頭皮科學」研究經驗融合韓方成分進行產品研發，解決顧客的頭皮困擾、實現頭皮的最佳均衡狀態。 | Q17: website | R17: RYO HK | S17: http://ryo-hk.myshopify.com/cdn/shop/files/ryo_og_image.jpg?v=1749606307 | T17: https://ryo-hk.myshopify.com/cdn/shop/files/ryo_og_image.jpg?v=1749606307 | U17: https://ryo-hk.myshopify.com/collections/products?page=2 | V17: products | W17: 呂Ryo以獨有的「頭皮科學」研究經驗融合韓方成分進行產品研發，解決顧客的頭皮困擾、實現頭皮的最佳均衡狀態。 | X17: summary_large_image | Y17: duplicate (check red marked cells) | AG17: Pass
A18: https://ryo-hk.myshopify.com/collections/scalp-deep-cleansing | B18: Pass | C18: Product List | D18: 200 | E18: Pass | F18: 深層潔淨油性髮質 | G18: missing " | {brand}{country}" | I18: missing | K18: 5 | L18: multiple | M18: https://ryo-hk.myshopify.com/collections/scalp-deep-cleansing | N18: Pass | O18: 深層潔淨油性髮質 | P18: 呂Ryo以獨有的「頭皮科學」研究經驗融合韓方成分進行產品研發，解決顧客的頭皮困擾、實現頭皮的最佳均衡狀態。 | Q18: website | R18: RYO HK | S18: http://ryo-hk.myshopify.com/cdn/shop/files/ryo_og_image.jpg?v=1749606307 | T18: https://ryo-hk.myshopify.com/cdn/shop/files/ryo_og_image.jpg?v=1749606307 | U18: https://ryo-hk.myshopify.com/collections/scalp-deep-cleansing | V18: 深層潔淨油性髮質 | W18: 呂Ryo以獨有的「頭皮科學」研究經驗融合韓方成分進行產品研發，解決顧客的頭皮困擾、實現頭皮的最佳均衡狀態。 | X18: summary_large_image | Y18: duplicate (check red marked cells) | Z18: BreadcrumbList | AA18: ListItem | AB18: Organization | AG18: Pass
A19: https://ryo-hk.myshopify.com/collections/shampoo | B19: Pass | C19: Product List | D19: 200 | E19: Pass | F19: 洗髮液 | G19: missing " | {brand}{country}" | H19: 古法韓方預防掉髮，蘊含高濃縮韓方珍貴草藥成分， 「蔘」入頭皮髮根，滋養頭皮毛孔，髮根強韌如蔘， 潤黑髮色，改善明顯脫髮問題 | I19: Pass | K19: 5 | L19: multiple | M19: https://ryo-hk.myshopify.com/collections/shampoo | N19: Pass | O19: 洗髮液 | P19: 古法韓方預防掉髮，蘊含高濃縮韓方珍貴草藥成分， 「蔘」入頭皮髮根，滋養頭皮毛孔，髮根強韌如蔘， 潤黑髮色，改善明顯脫髮問題 | Q19: website | R19: RYO HK | S19: http://ryo-hk.myshopify.com/cdn/shop/collections/ryo_og_image.jpg?v=1751259424 | T19: https://ryo-hk.myshopify.com/cdn/shop/collections/ryo_og_image.jpg?v=1751259424 | U19: https://ryo-hk.myshopify.com/collections/shampoo | V19: 洗髮液 | W19: 古法韓方預防掉髮，蘊含高濃縮韓方珍貴草藥成分， 「蔘」入頭皮髮根，滋養頭皮毛孔，髮根強韌如蔘， 潤黑髮色，改善明顯脫髮問題 | X19: summary_large_image | Y19: Pass | Z19: BreadcrumbList | AA19: ListItem | AB19: Organization | AG19: Pass
A20: https://ryo-hk.myshopify.com/collections/super-revital | B20: Pass | C20: Product List | D20: 200 | E20: Pass | F20: 改善易斷髮絲 | G20: missing " | {brand}{country}" | I20: missing | K20: 5 | L20: multiple | M20: https://ryo-hk.myshopify.com/collections/super-revital | N20: Pass | O20: 改善易斷髮絲 | P20: 呂Ryo以獨有的「頭皮科學」研究經驗融合韓方成分進行產品研發，解決顧客的頭皮困擾、實現頭皮的最佳均衡狀態。 | Q20: website | R20: RYO HK | S20: http://ryo-hk.myshopify.com/cdn/shop/files/ryo_og_image.jpg?v=1749606307 | T20: https://ryo-hk.myshopify.com/cdn/shop/files/ryo_og_image.jpg?v=1749606307 | U20: https://ryo-hk.myshopify.com/collections/super-revital | V20: 改善易斷髮絲 | W20: 呂Ryo以獨有的「頭皮科學」研究經驗融合韓方成分進行產品研發，解決顧客的頭皮困擾、實現頭皮的最佳均衡狀態。 | X20: summary_large_image | Y20: duplicate (check red marked cells) | Z20: BreadcrumbList | AA20: ListItem | AB20: Organization | AG20: Pass
A21: https://ryo-hk.myshopify.com/collections/呂-極蔘潤黑防脫髮系列 | B21: Not English English URL recommended | C21: Product List | D21: 200 | E21: Pass | F21: 呂 極蔘潤黑防脫髮系列 | G21: missing " | {brand}{country}" | I21: missing | K21: 5 | L21: multiple | M21: https://ryo-hk.myshopify.com/collections/呂-極蔘潤黑防脫髮系列 | N21: Pass | O21: 呂 極蔘潤黑防脫髮系列 | P21: 呂Ryo以獨有的「頭皮科學」研究經驗融合韓方成分進行產品研發，解決顧客的頭皮困擾、實現頭皮的最佳均衡狀態。 | Q21: website | R21: RYO HK | S21: http://ryo-hk.myshopify.com/cdn/shop/files/ryo_og_image.jpg?v=1749606307 | T21: https://ryo-hk.myshopify.com/cdn/shop/files/ryo_og_image.jpg?v=1749606307 | U21: https://ryo-hk.myshopify.com/collections/%e5%91%82-%e6%a5%b5%e8%94%98%e6%bd%a4%e9%bb%91%e9%98%b2%e8%84%ab%e9%ab%ae%e7%b3%bb%e5%88%97 | V21: 呂 極蔘潤黑防脫髮系列 | W21: 呂Ryo以獨有的「頭皮科學」研究經驗融合韓方成分進行產品研發，解決顧客的頭皮困擾、實現頭皮的最佳均衡狀態。 | X21: summary_large_image | Y21: duplicate (check red marked cells) | Z21: BreadcrumbList | AA21: ListItem | AB21: Organization | AG21: Pass
A22: https://ryo-hk.myshopify.com/collections/呂-韓方修護系列-受損髮質適用 | B22: Not English English URL recommended | C22: Product List | D22: 200 | E22: Pass | F22: 呂 韓方修護系列 受損髮質適用 | G22: duplicate missing " | {brand}{country}" | I22: missing | K22: 5 | L22: multiple | M22: https://ryo-hk.myshopify.com/collections/呂-韓方修護系列-受損髮質適用 | N22: Pass | O22: 呂 韓方修護系列 受損髮質適用 | P22: 呂Ryo以獨有的「頭皮科學」研究經驗融合韓方成分進行產品研發，解決顧客的頭皮困擾、實現頭皮的最佳均衡狀態。 | Q22: website | R22: RYO HK | S22: http://ryo-hk.myshopify.com/cdn/shop/files/ryo_og_image.jpg?v=1749606307 | T22: https://ryo-hk.myshopify.com/cdn/shop/files/ryo_og_image.jpg?v=1749606307 | U22: https://ryo-hk.myshopify.com/collections/%e5%91%82-%e9%9f%93%e6%96%b9%e4%bf%ae%e8%ad%b7%e7%b3%bb%e5%88%97-%e5%8f%97%e6%90%8d%e9%ab%ae%e8%b3%aa%e9%81%a9%e7%94%a8 | V22: 呂 韓方修護系列 受損髮質適用 | W22: 呂Ryo以獨有的「頭皮科學」研究經驗融合韓方成分進行產品研發，解決顧客的頭皮困擾、實現頭皮的最佳均衡狀態。 | X22: summary_large_image | Y22: duplicate (check red marked cells) | Z22: BreadcrumbList | AA22: ListItem | AB22: Organization | AG22: Pass
A23: https://ryo-hk.myshopify.com/collections/呂-韓方修護系列-油性髮質適用 | B23: Not English English URL recommended | C23: Product List | D23: 200 | E23: Pass | F23: 呂 韓方修護系列 油性髮質適用 | G23: missing " | {brand}{country}" | I23: missing | K23: 5 | L23: multiple | M23: https://ryo-hk.myshopify.com/collections/呂-韓方修護系列-油性髮質適用 | N23: Pass | O23: 呂 韓方修護系列 油性髮質適用 | P23: 呂Ryo以獨有的「頭皮科學」研究經驗融合韓方成分進行產品研發，解決顧客的頭皮困擾、實現頭皮的最佳均衡狀態。 | Q23: website | R23: RYO HK | S23: http://ryo-hk.myshopify.com/cdn/shop/files/ryo_og_image.jpg?v=1749606307 | T23: https://ryo-hk.myshopify.com/cdn/shop/files/ryo_og_image.jpg?v=1749606307 | U23: https://ryo-hk.myshopify.com/collections/%e5%91%82-%e9%9f%93%e6%96%b9%e4%bf%ae%e8%ad%b7%e7%b3%bb%e5%88%97-%e6%b2%b9%e6%80%a7%e9%ab%ae%e8%b3%aa%e9%81%a9%e7%94%a8 | V23: 呂 韓方修護系列 油性髮質適用 | W23: 呂Ryo以獨有的「頭皮科學」研究經驗融合韓方成分進行產品研發，解決顧客的頭皮困擾、實現頭皮的最佳均衡狀態。 | X23: summary_large_image | Y23: duplicate (check red marked cells) | Z23: BreadcrumbList | AA23: ListItem | AB23: Organization | AG23: Pass
A24: https://ryo-hk.myshopify.com/collections/呂-韓蔘靈芝亮澤強韌洗髮液 | B24: Not English English URL recommended | C24: Product List | D24: 200 | E24: Pass | F24: 呂 韓蔘靈芝亮澤強韌洗髮液 | G24: missing " | {brand}{country}" | I24: missing | K24: 5 | L24: multiple | M24: https://ryo-hk.myshopify.com/collections/呂-韓蔘靈芝亮澤強韌洗髮液 | N24: Pass | O24: 呂 韓蔘靈芝亮澤強韌洗髮液 | P24: 呂Ryo以獨有的「頭皮科學」研究經驗融合韓方成分進行產品研發，解決顧客的頭皮困擾、實現頭皮的最佳均衡狀態。 | Q24: website | R24: RYO HK | S24: http://ryo-hk.myshopify.com/cdn/shop/files/ryo_og_image.jpg?v=1749606307 | T24: https://ryo-hk.myshopify.com/cdn/shop/files/ryo_og_image.jpg?v=1749606307 | U24: https://ryo-hk.myshopify.com/collections/%e5%91%82-%e9%9f%93%e8%94%98%e9%9d%88%e8%8a%9d%e4%ba%ae%e6%be%a4%e5%bc%b7%e9%9f%8c%e6%b4%97%e9%ab%ae%e6%b6%b2 | V24: 呂 韓蔘靈芝亮澤強韌洗髮液 | W24: 呂Ryo以獨有的「頭皮科學」研究經驗融合韓方成分進行產品研發，解決顧客的頭皮困擾、實現頭皮的最佳均衡狀態。 | X24: summary_large_image | Y24: duplicate (check red marked cells) | Z24: BreadcrumbList | AA24: ListItem | AB24: Organization | AG24: Pass
A25: https://ryo-hk.myshopify.com/collections/呂-韓參滋養防脫髮系列 | B25: Not English English URL recommended | C25: Product List | D25: 200 | E25: Pass | F25: 呂 韓參滋養防脫髮系列 | G25: duplicate missing " | {brand}{country}" | I25: missing | K25: 5 | L25: multiple | M25: https://ryo-hk.myshopify.com/collections/呂-韓參滋養防脫髮系列 | N25: Pass | O25: 呂 韓參滋養防脫髮系列 | P25: 呂Ryo以獨有的「頭皮科學」研究經驗融合韓方成分進行產品研發，解決顧客的頭皮困擾、實現頭皮的最佳均衡狀態。 | Q25: website | R25: RYO HK | S25: http://ryo-hk.myshopify.com/cdn/shop/files/ryo_og_image.jpg?v=1749606307 | T25: https://ryo-hk.myshopify.com/cdn/shop/files/ryo_og_image.jpg?v=1749606307 | U25: https://ryo-hk.myshopify.com/collections/%e5%91%82-%e9%9f%93%e5%8f%83%e6%bb%8b%e9%a4%8a%e9%98%b2%e8%84%ab%e9%ab%ae%e7%b3%bb%e5%88%97 | V25: 呂 韓參滋養防脫髮系列 | W25: 呂Ryo以獨有的「頭皮科學」研究經驗融合韓方成分進行產品研發，解決顧客的頭皮困擾、實現頭皮的最佳均衡狀態。 | X25: summary_large_image | Y25: duplicate (check red marked cells) | Z25: BreadcrumbList | AA25: ListItem | AB25: Organization | AG25: Pass
A26: https://ryo-hk.myshopify.com/pages/brand-ginseng | B26: Pass | C26: Page (No PLP / PDP) | D26: 200 | E26: Pass | F26: 高麗人蔘 | RYO Hong Kong | G26: Pass | I26: missing | J26: 呂的故事 | K26: 1 | L26: duplicate | M26: https://ryo-hk.myshopify.com/pages/brand-ginseng | N26: Pass | O26: 高麗人蔘 | RYO Hong Kong | P26: 呂Ryo以獨有的「頭皮科學」研究經驗融合韓方成分進行產品研發，解決顧客的頭皮困擾、實現頭皮的最佳均衡狀態。 | Q26: website | R26: RYO HK | S26: http://ryo-hk.myshopify.com/cdn/shop/files/ryo_og_image.jpg?v=1749606307 | T26: https://ryo-hk.myshopify.com/cdn/shop/files/ryo_og_image.jpg?v=1749606307 | U26: https://ryo-hk.myshopify.com/pages/brand-ginseng | V26: 高麗人蔘 | RYO Hong Kong | W26: 呂Ryo以獨有的「頭皮科學」研究經驗融合韓方成分進行產品研發，解決顧客的頭皮困擾、實現頭皮的最佳均衡狀態。 | X26: summary_large_image | Y26: duplicate (check red marked cells) | Z26: BreadcrumbList | AA26: ListItem | AB26: Organization | AG26: Pass
A27: https://ryo-hk.myshopify.com/pages/brand-heukyun | B27: Pass | C27: Page (No PLP / PDP) | D27: 200 | E27: Pass | F27: 黑潤生氣 | RYO Hong Kong | G27: Pass | I27: missing | J27: 呂的故事 | K27: 1 | L27: duplicate | M27: https://ryo-hk.myshopify.com/pages/brand-heukyun | N27: Pass | O27: 黑潤生氣 | RYO Hong Kong | P27: 呂Ryo以獨有的「頭皮科學」研究經驗融合韓方成分進行產品研發，解決顧客的頭皮困擾、實現頭皮的最佳均衡狀態。 | Q27: website | R27: RYO HK | S27: http://ryo-hk.myshopify.com/cdn/shop/files/ryo_og_image.jpg?v=1749606307 | T27: https://ryo-hk.myshopify.com/cdn/shop/files/ryo_og_image.jpg?v=1749606307 | U27: https://ryo-hk.myshopify.com/pages/brand-heukyun | V27: 黑潤生氣 | RYO Hong Kong | W27: 呂Ryo以獨有的「頭皮科學」研究經驗融合韓方成分進行產品研發，解決顧客的頭皮困擾、實現頭皮的最佳均衡狀態。 | X27: summary_large_image | Y27: duplicate (check red marked cells) | Z27: BreadcrumbList | AA27: ListItem | AB27: Organization | AG27: Pass
A28: https://ryo-hk.myshopify.com/pages/brand-philosophy | B28: Pass | C28: Page (No PLP / PDP) | D28: 200 | E28: Pass | F28: 美的呂程 | RYO Hong Kong | G28: Pass | I28: missing | J28: 呂的故事 | K28: 1 | L28: duplicate | M28: https://ryo-hk.myshopify.com/pages/brand-philosophy | N28: Pass | O28: 美的呂程 | RYO Hong Kong | P28: 呂Ryo以獨有的「頭皮科學」研究經驗融合韓方成分進行產品研發，解決顧客的頭皮困擾、實現頭皮的最佳均衡狀態。 | Q28: website | R28: RYO HK | S28: http://ryo-hk.myshopify.com/cdn/shop/files/ryo_og_image.jpg?v=1749606307 | T28: https://ryo-hk.myshopify.com/cdn/shop/files/ryo_og_image.jpg?v=1749606307 | U28: https://ryo-hk.myshopify.com/pages/brand-philosophy | V28: 美的呂程 | RYO Hong Kong | W28: 呂Ryo以獨有的「頭皮科學」研究經驗融合韓方成分進行產品研發，解決顧客的頭皮困擾、實現頭皮的最佳均衡狀態。 | X28: summary_large_image | Y28: duplicate (check red marked cells) | Z28: BreadcrumbList | AA28: ListItem | AB28: Organization | AG28: Pass
A29: https://ryo-hk.myshopify.com/pages/brand-ryo | B29: Pass | C29: Page (No PLP / PDP) | D29: 200 | E29: Pass | F29: 呂的故事 | RYO Hong Kong | G29: duplicate | I29: missing | J29: 呂的故事 | K29: 1 | L29: duplicate | M29: https://ryo-hk.myshopify.com/pages/brand-ryo | N29: Pass | O29: 呂的故事 | RYO Hong Kong | P29: 呂Ryo以獨有的「頭皮科學」研究經驗融合韓方成分進行產品研發，解決顧客的頭皮困擾、實現頭皮的最佳均衡狀態。 | Q29: website | R29: RYO HK | S29: http://ryo-hk.myshopify.com/cdn/shop/files/ryo_og_image.jpg?v=1749606307 | T29: https://ryo-hk.myshopify.com/cdn/shop/files/ryo_og_image.jpg?v=1749606307 | U29: https://ryo-hk.myshopify.com/pages/brand-ryo | V29: 呂的故事 | RYO Hong Kong | W29: 呂Ryo以獨有的「頭皮科學」研究經驗融合韓方成分進行產品研發，解決顧客的頭皮困擾、實現頭皮的最佳均衡狀態。 | X29: summary_large_image | Y29: duplicate (check red marked cells) | Z29: BreadcrumbList | AA29: ListItem | AB29: Organization | AG29: Pass
A30: https://ryo-hk.myshopify.com/pages/contact | B30: Pass | C30: Page (No PLP / PDP) | D30: 200 | E30: Pass | F30: Contact | G30: missing " | {brand}{country}" | I30: missing | J30: Contact | K30: 1 | L30: Pass | M30: https://ryo-hk.myshopify.com/pages/contact | N30: Pass | O30: Contact | P30: 呂Ryo以獨有的「頭皮科學」研究經驗融合韓方成分進行產品研發，解決顧客的頭皮困擾、實現頭皮的最佳均衡狀態。 | Q30: website | R30: RYO HK | S30: http://ryo-hk.myshopify.com/cdn/shop/files/ryo_og_image.jpg?v=1749606307 | T30: https://ryo-hk.myshopify.com/cdn/shop/files/ryo_og_image.jpg?v=1749606307 | U30: https://ryo-hk.myshopify.com/pages/contact | V30: Contact | W30: 呂Ryo以獨有的「頭皮科學」研究經驗融合韓方成分進行產品研發，解決顧客的頭皮困擾、實現頭皮的最佳均衡狀態。 | X30: summary_large_image | Y30: duplicate (check red marked cells) | Z30: BreadcrumbList | AA30: ListItem | AB30: Organization | AG30: Pass
A31: https://ryo-hk.myshopify.com/pages/ngbw-status | D31: 200 | E31: need to remove or noindex | F31: NGBW 퍼블리싱 작업 현황판 - RYO | J31: RYO | K31: 1 | M31: https://ryo-hk.myshopify.com/pages/ngbw-status | S31: https://cdn.shopify.com/s/files/1/0927/1558/1747/files/ryo_og_image.jpg?v=1749606307 | T31: https://cdn.shopify.com/s/files/1/0927/1558/1747/files/ryo_og_image.jpg?v=1749606307 | AG31: Pass
A32: https://ryo-hk.myshopify.com/pages/product-map | B32: Pass | C32: Page (No PLP / PDP) | D32: 200 | E32: Pass | F32: 全系列產品 | RYO Hong Kong | G32: Pass | I32: missing | L32: missing | M32: https://ryo-hk.myshopify.com/pages/product-map | N32: Pass | O32: 全系列產品 | RYO Hong Kong | P32: 呂Ryo以獨有的「頭皮科學」研究經驗融合韓方成分進行產品研發，解決顧客的頭皮困擾、實現頭皮的最佳均衡狀態。 | Q32: website | R32: RYO HK | S32: http://ryo-hk.myshopify.com/cdn/shop/files/ryo_og_image.jpg?v=1749606307 | T32: https://ryo-hk.myshopify.com/cdn/shop/files/ryo_og_image.jpg?v=1749606307 | U32: https://ryo-hk.myshopify.com/pages/product-map | V32: 全系列產品 | RYO Hong Kong | W32: 呂Ryo以獨有的「頭皮科學」研究經驗融合韓方成分進行產品研發，解決顧客的頭皮困擾、實現頭皮的最佳均衡狀態。 | X32: summary_large_image | Y32: duplicate (check red marked cells) | Z32: BreadcrumbList | AA32: ListItem | AB32: Organization | AG32: Pass
A33: https://ryo-hk.myshopify.com/pages/product-story-design | B33: Pass | C33: Page (No PLP / PDP) | D33: 200 | E33: Pass | F33: 呂的設計 | RYO Hong Kong | G33: Pass | I33: missing | J33: 呂的設計 | K33: 1 | L33: Pass | M33: https://ryo-hk.myshopify.com/pages/product-story-design | N33: Pass | O33: 呂的設計 | RYO Hong Kong | P33: 呂Ryo以獨有的「頭皮科學」研究經驗融合韓方成分進行產品研發，解決顧客的頭皮困擾、實現頭皮的最佳均衡狀態。 | Q33: website | R33: RYO HK | S33: http://ryo-hk.myshopify.com/cdn/shop/files/ryo_og_image.jpg?v=1749606307 | T33: https://ryo-hk.myshopify.com/cdn/shop/files/ryo_og_image.jpg?v=1749606307 | U33: https://ryo-hk.myshopify.com/pages/product-story-design | V33: 呂的設計 | RYO Hong Kong | W33: 呂Ryo以獨有的「頭皮科學」研究經驗融合韓方成分進行產品研發，解決顧客的頭皮困擾、實現頭皮的最佳均衡狀態。 | X33: summary_large_image | Y33: duplicate (check red marked cells) | Z33: BreadcrumbList | AA33: ListItem | AB33: Organization | AG33: Pass
A34: https://ryo-hk.myshopify.com/pages/product-story-material | B34: Pass | C34: Page (No PLP / PDP) | D34: 200 | E34: Pass | F34: 韓方原料及產品成分 | RYO Hong Kong | G34: Pass | I34: missing | J34: 韓方原料及產品成分 | K34: 1 | L34: Pass | M34: https://ryo-hk.myshopify.com/pages/product-story-material | N34: Pass | O34: 韓方原料及產品成分 | RYO Hong Kong | P34: 呂Ryo以獨有的「頭皮科學」研究經驗融合韓方成分進行產品研發，解決顧客的頭皮困擾、實現頭皮的最佳均衡狀態。 | Q34: website | R34: RYO HK | S34: http://ryo-hk.myshopify.com/cdn/shop/files/ryo_og_image.jpg?v=1749606307 | T34: https://ryo-hk.myshopify.com/cdn/shop/files/ryo_og_image.jpg?v=1749606307 | U34: https://ryo-hk.myshopify.com/pages/product-story-material | V34: 韓方原料及產品成分 | RYO Hong Kong | W34: 呂Ryo以獨有的「頭皮科學」研究經驗融合韓方成分進行產品研發，解決顧客的頭皮困擾、實現頭皮的最佳均衡狀態。 | X34: summary_large_image | Y34: duplicate (check red marked cells) | Z34: BreadcrumbList | AA34: ListItem | AB34: Organization | AG34: Pass
A35: https://ryo-hk.myshopify.com/pages/ryo-award | B35: Pass | C35: Page (No PLP / PDP) | D35: 200 | E35: Pass | F35: 呂獲獎經歷 | RYO Hong Kong | G35: Pass | I35: missing | J35: 韓方高級護髮品牌呂RYO獲獎歷程 | K35: 1 | L35: Pass | M35: https://ryo-hk.myshopify.com/pages/ryo-award | N35: Pass | O35: 呂獲獎經歷 | RYO Hong Kong | P35: 呂Ryo以獨有的「頭皮科學」研究經驗融合韓方成分進行產品研發，解決顧客的頭皮困擾、實現頭皮的最佳均衡狀態。 | Q35: website | R35: RYO HK | S35: http://ryo-hk.myshopify.com/cdn/shop/files/ryo_og_image.jpg?v=1749606307 | T35: https://ryo-hk.myshopify.com/cdn/shop/files/ryo_og_image.jpg?v=1749606307 | U35: https://ryo-hk.myshopify.com/pages/ryo-award | V35: 呂獲獎經歷 | RYO Hong Kong | W35: 呂Ryo以獨有的「頭皮科學」研究經驗融合韓方成分進行產品研發，解決顧客的頭皮困擾、實現頭皮的最佳均衡狀態。 | X35: summary_large_image | Y35: duplicate (check red marked cells) | Z35: BreadcrumbList | AA35: ListItem | AB35: Organization | AG35: Pass
A36: https://ryo-hk.myshopify.com/pages/ryo-story | B36: Pass | C36: Page (No PLP / PDP) | D36: 200 | E36: Pass | F36: 呂的故事 | RYO Hong Kong | G36: duplicate | I36: missing | J36: 韓方 No.1 呂 | K36: 1 | L36: Pass | M36: https://ryo-hk.myshopify.com/pages/ryo-story | N36: Pass | O36: 呂的故事 | RYO Hong Kong | P36: 呂Ryo以獨有的「頭皮科學」研究經驗融合韓方成分進行產品研發，解決顧客的頭皮困擾、實現頭皮的最佳均衡狀態。 | Q36: website | R36: RYO HK | S36: http://ryo-hk.myshopify.com/cdn/shop/files/ryo_og_image.jpg?v=1749606307 | T36: https://ryo-hk.myshopify.com/cdn/shop/files/ryo_og_image.jpg?v=1749606307 | U36: https://ryo-hk.myshopify.com/pages/ryo-story | V36: 呂的故事 | RYO Hong Kong | W36: 呂Ryo以獨有的「頭皮科學」研究經驗融合韓方成分進行產品研發，解決顧客的頭皮困擾、實現頭皮的最佳均衡狀態。 | X36: summary_large_image | Y36: duplicate (check red marked cells) | Z36: BreadcrumbList | AA36: ListItem | AB36: Organization | AG36: Pass
A37: https://ryo-hk.myshopify.com/pages/sitemap | B37: Pass | C37: Page (No PLP / PDP) | D37: 200 | E37: Pass | F37: 网站地图 | RYO Hong Kong | G37: Pass | I37: missing | J37: 网站地图 | K37: 1 | L37: Pass | M37: https://ryo-hk.myshopify.com/pages/sitemap | N37: Pass | O37: 网站地图 | RYO Hong Kong | P37: 呂Ryo以獨有的「頭皮科學」研究經驗融合韓方成分進行產品研發，解決顧客的頭皮困擾、實現頭皮的最佳均衡狀態。 | Q37: website | R37: RYO HK | S37: http://ryo-hk.myshopify.com/cdn/shop/files/ryo_og_image.jpg?v=1749606307 | T37: https://ryo-hk.myshopify.com/cdn/shop/files/ryo_og_image.jpg?v=1749606307 | U37: https://ryo-hk.myshopify.com/pages/sitemap | V37: 网站地图 | RYO Hong Kong | W37: 呂Ryo以獨有的「頭皮科學」研究經驗融合韓方成分進行產品研發，解決顧客的頭皮困擾、實現頭皮的最佳均衡狀態。 | X37: summary_large_image | Y37: duplicate (check red marked cells) | Z37: BreadcrumbList | AA37: ListItem | AB37: Organization | AG37: Pass
A38: https://ryo-hk.myshopify.com/policies/privacy-policy | B38: Pass | C38: Page (No PLP / PDP) | D38: 200 | E38: Pass | F38: Privacy policy | G38: missing " | {brand}{country}" | I38: missing | J38: Privacy policy | K38: 1 | L38: Pass | M38: https://ryo-hk.myshopify.com/policies/privacy-policy | N38: Pass | O38: Privacy policy | P38: 呂Ryo以獨有的「頭皮科學」研究經驗融合韓方成分進行產品研發，解決顧客的頭皮困擾、實現頭皮的最佳均衡狀態。 | Q38: website | R38: RYO HK | S38: http://ryo-hk.myshopify.com/cdn/shop/files/ryo_og_image.jpg?v=1749606307 | T38: https://ryo-hk.myshopify.com/cdn/shop/files/ryo_og_image.jpg?v=1749606307 | U38: https://ryo-hk.myshopify.com/policies/privacy-policy | V38: Privacy policy | W38: 呂Ryo以獨有的「頭皮科學」研究經驗融合韓方成分進行產品研發，解決顧客的頭皮困擾、實現頭皮的最佳均衡狀態。 | X38: summary_large_image | Y38: duplicate (check red marked cells) | AG38: Pass
A39: https://ryo-hk.myshopify.com/policies/terms-of-service | B39: Pass | C39: Page (No PLP / PDP) | D39: 200 | E39: Pass | F39: Terms of service | G39: missing " | {brand}{country}" | I39: missing | J39: Terms of service | K39: 1 | L39: Pass | M39: https://ryo-hk.myshopify.com/policies/terms-of-service | N39: Pass | O39: Terms of service | P39: 呂Ryo以獨有的「頭皮科學」研究經驗融合韓方成分進行產品研發，解決顧客的頭皮困擾、實現頭皮的最佳均衡狀態。 | Q39: website | R39: RYO HK | S39: http://ryo-hk.myshopify.com/cdn/shop/files/ryo_og_image.jpg?v=1749606307 | T39: https://ryo-hk.myshopify.com/cdn/shop/files/ryo_og_image.jpg?v=1749606307 | U39: https://ryo-hk.myshopify.com/policies/terms-of-service | V39: Terms of service | W39: 呂Ryo以獨有的「頭皮科學」研究經驗融合韓方成分進行產品研發，解決顧客的頭皮困擾、實現頭皮的最佳均衡狀態。 | X39: summary_large_image | Y39: duplicate (check red marked cells) | AG39: Pass
A40: https://ryo-hk.myshopify.com/products/damage-care-nourishing-shampoo | B40: Pass | C40: Product Detail | D40: 200 | E40: Pass | F40: 呂 韓方修護洗髮液 (受損髮質適用) 550毫升 | RYO Hong Kong | G40: Pass | H40: 含100%濟州產發酵山茶花油，瞬間修復集中滋養，強健髮根，增加光澤。 山茶花油 - 改善髮絲分叉 五味子 - 滋養並強健髮根 石榴 - 潤澤髮絲彈力修護 5大無添加：人工色素、礦物油、聚丙烯酰胺、尿素醛、三乙醇胺 - 呂 韓方修護洗髮液 (受損髮質適用) 550毫升 | I40: Pass | J40: 呂 韓方修護洗髮液 (受損髮質適用) 550毫升 | K40: 2 | L40: multiple | M40: https://ryo-hk.myshopify.com/products/damage-care-nourishing-shampoo | N40: Pass | O40: 呂 韓方修護洗髮液 (受損髮質適用) 550毫升 | RYO Hong Kong | P40: 含100%濟州產發酵山茶花油，瞬間修復集中滋養，強健髮根，增加光澤。 山茶花油 - 改善髮絲分叉 五味子 - 滋養並強健髮根 石榴 - 潤澤髮絲彈力修護 5大無添加：人工色素、礦物油、聚丙烯酰胺、尿素醛、三乙醇胺 - 呂 韓方修護洗髮液 (受損髮質適用) 550毫升 | Q40: product | R40: RYO HK | S40: http://ryo-hk.myshopify.com/cdn/shop/files/pdp_mig_2025-05-16-250512_final_HK_RYO_pdp_thumbnail_Damage_Care_Nourishign_Shampoo_1.jpg?v=1751933528 | T40: https://ryo-hk.myshopify.com/cdn/shop/files/pdp_mig_2025-05-16-250512_final_HK_RYO_pdp_thumbnail_Damage_Care_Nourishign_Shampoo_1.jpg?v=1751933528 | U40: https://ryo-hk.myshopify.com/products/damage-care-nourishing-shampoo | V40: 呂 韓方修護洗髮液 (受損髮質適用) 550毫升 | RYO Hong Kong | W40: 含100%濟州產發酵山茶花油，瞬間修復集中滋養，強健髮根，增加光澤。 山茶花油 - 改善髮絲分叉 五味子 - 滋養並強健髮根 石榴 - 潤澤髮絲彈力修護 5大無添加：人工色素、礦物油、聚丙烯酰胺、尿素醛、三乙醇胺 - 呂 韓方修護洗髮液 (受損髮質適用) 550毫升 | X40: summary_large_image | Y40: Pass | Z40: Brand | AA40: BreadcrumbList | AB40: ImageObject | AC40: ListItem | AD40: Offer | AE40: Organization | AF40: Product | AG40: Pass
A41: https://ryo-hk.myshopify.com/products/damage-care-nourishing-treatment | B41: Pass | C41: Product Detail | D41: 200 | E41: Pass | F41: 呂韓方修護精華素 (受損髮質適用) 300毫升 | RYO Hong Kong | G41: Pass | H41: 【呂】 專利山茶花油成分 - 改善髮絲乾旱分叉，修護燙染損傷。石榴精華 - 潤澤髮絲，彈力修護。6大無添加：動物性原料、礦物油 、聚丙烯酰胺、人工色素、尿素醛、三乙醇胺。弱酸性及全素配方，溫和親膚 - 呂韓方修護精華素 (受損髮質適用) 300毫升 | I41: Pass | J41: 呂韓方修護精華素 (受損髮質適用) 300毫升 | K41: 2 | L41: multiple | M41: https://ryo-hk.myshopify.com/products/damage-care-nourishing-treatment | N41: Pass | O41: 呂韓方修護精華素 (受損髮質適用) 300毫升 | RYO Hong Kong | P41: 【呂】 專利山茶花油成分 - 改善髮絲乾旱分叉，修護燙染損傷。石榴精華 - 潤澤髮絲，彈力修護。6大無添加：動物性原料、礦物油 、聚丙烯酰胺、人工色素、尿素醛、三乙醇胺。弱酸性及全素配方，溫和親膚 - 呂韓方修護精華素 (受損髮質適用) 300毫升 | Q41: product | R41: RYO HK | S41: http://ryo-hk.myshopify.com/cdn/shop/files/pdp_mig_2025-05-16-250512_final_HK_RYO_pdp_thumbnail_Damage_Care_Nourishign_Treatment_1.jpg?v=1751933590 | T41: https://ryo-hk.myshopify.com/cdn/shop/files/pdp_mig_2025-05-16-250512_final_HK_RYO_pdp_thumbnail_Damage_Care_Nourishign_Treatment_1.jpg?v=1751933590 | U41: https://ryo-hk.myshopify.com/products/damage-care-nourishing-treatment | V41: 呂韓方修護精華素 (受損髮質適用) 300毫升 | RYO Hong Kong | W41: 【呂】 專利山茶花油成分 - 改善髮絲乾旱分叉，修護燙染損傷。石榴精華 - 潤澤髮絲，彈力修護。6大無添加：動物性原料、礦物油 、聚丙烯酰胺、人工色素、尿素醛、三乙醇胺。弱酸性及全素配方，溫和親膚 - 呂韓方修護精華素 (受損髮質適用) 300毫升 | X41: summary_large_image | Y41: Pass | Z41: Brand | AA41: BreadcrumbList | AB41: ImageObject | AC41: ListItem | AD41: Offer | AE41: Organization | AF41: Product | AG41: Pass
A42: https://ryo-hk.myshopify.com/products/deep-cleansing-cooling-shampoo | B42: Pass | C42: Product Detail | D42: 200 | E42: Pass | F42: 呂 韓方修護洗髮液 (油性髮質適用) 550毫升 | RYO Hong Kong | G42: Pass | H42: 含100%韓國產薄荷發酵液，99%去除頭皮髮絲污垢，淨化頭皮，深層清潔，調節皮脂。 發酵薄荷液 - 清潔頭皮過多油脂 松針 - 淨化並改善頭皮環境 綠茶 - 去屑止癢 5大無添加：矽靈、礦物油 、聚丙烯酰胺、尿素醛、焦油系色素 - 呂 韓方修護洗髮液 (油性髮質適用) 550毫升 | I42: Pass | J42: 呂 韓方修護洗髮液 (油性髮質適用) 550毫升 | K42: 2 | L42: multiple | M42: https://ryo-hk.myshopify.com/products/deep-cleansing-cooling-shampoo | N42: Pass | O42: 呂 韓方修護洗髮液 (油性髮質適用) 550毫升 | RYO Hong Kong | P42: 含100%韓國產薄荷發酵液，99%去除頭皮髮絲污垢，淨化頭皮，深層清潔，調節皮脂。 發酵薄荷液 - 清潔頭皮過多油脂 松針 - 淨化並改善頭皮環境 綠茶 - 去屑止癢 5大無添加：矽靈、礦物油 、聚丙烯酰胺、尿素醛、焦油系色素 - 呂 韓方修護洗髮液 (油性髮質適用) 550毫升 | Q42: product | R42: RYO HK | S42: http://ryo-hk.myshopify.com/cdn/shop/files/pdp_mig_2025-05-16-250512_final_HK_RYO_pdp_thumbnail_Deep_Cleansing_Cooling_Shampoo_1.jpg?v=1751933518 | T42: https://ryo-hk.myshopify.com/cdn/shop/files/pdp_mig_2025-05-16-250512_final_HK_RYO_pdp_thumbnail_Deep_Cleansing_Cooling_Shampoo_1.jpg?v=1751933518 | U42: https://ryo-hk.myshopify.com/products/deep-cleansing-cooling-shampoo | V42: 呂 韓方修護洗髮液 (油性髮質適用) 550毫升 | RYO Hong Kong | W42: 含100%韓國產薄荷發酵液，99%去除頭皮髮絲污垢，淨化頭皮，深層清潔，調節皮脂。 發酵薄荷液 - 清潔頭皮過多油脂 松針 - 淨化並改善頭皮環境 綠茶 - 去屑止癢 5大無添加：矽靈、礦物油 、聚丙烯酰胺、尿素醛、焦油系色素 - 呂 韓方修護洗髮液 (油性髮質適用) 550毫升 | X42: summary_large_image | Y42: Pass | Z42: Brand | AA42: BreadcrumbList | AB42: ImageObject | AC42: ListItem | AD42: Offer | AE42: Organization | AF42: Product | AG42: Pass
A43: https://ryo-hk.myshopify.com/products/ginsengbo-super-revital-total-care-shampoo-dry | B43: Pass | C43: Product Detail | D43: 200 | E43: Pass | F43: 呂 韓蔘靈芝亮澤強韌洗髮液 (中乾性頭皮適用) 400毫升 | RYO Hong Kong | G43: Pass | H43: 蘊含珍稀靈芝及5大韓蔘成分 防斷髮, 富予頭髮亮澤空氣感 改善隨年齡增長而出現的頭皮老化及缺乏光澤活力的髪絲 - 呂 韓蔘靈芝亮澤強韌洗髮液 (中乾性頭皮適用) 400毫升 | I43: Pass | J43: 呂 韓蔘靈芝亮澤強韌洗髮液 (中乾性頭皮適用) 400毫升 | K43: 2 | L43: multiple | M43: https://ryo-hk.myshopify.com/products/ginsengbo-super-revital-total-care-shampoo-dry | N43: Pass | O43: 呂 韓蔘靈芝亮澤強韌洗髮液 (中乾性頭皮適用) 400毫升 | RYO Hong Kong | P43: 蘊含珍稀靈芝及5大韓蔘成分 防斷髮, 富予頭髮亮澤空氣感 改善隨年齡增長而出現的頭皮老化及缺乏光澤活力的髪絲 - 呂 韓蔘靈芝亮澤強韌洗髮液 (中乾性頭皮適用) 400毫升 | Q43: product | R43: RYO HK | S43: http://ryo-hk.myshopify.com/cdn/shop/files/pdp_mig_2022-05-25-20220525_hk_final_Ginsengbo_Total_Care_Shampoo_thumb_pc_1_1.jpg?v=1751933590 | T43: https://ryo-hk.myshopify.com/cdn/shop/files/pdp_mig_2022-05-25-20220525_hk_final_Ginsengbo_Total_Care_Shampoo_thumb_pc_1_1.jpg?v=1751933590 | U43: https://ryo-hk.myshopify.com/products/ginsengbo-super-revital-total-care-shampoo-dry | V43: 呂 韓蔘靈芝亮澤強韌洗髮液 (中乾性頭皮適用) 400毫升 | RYO Hong Kong | W43: 蘊含珍稀靈芝及5大韓蔘成分 防斷髮, 富予頭髮亮澤空氣感 改善隨年齡增長而出現的頭皮老化及缺乏光澤活力的髪絲 - 呂 韓蔘靈芝亮澤強韌洗髮液 (中乾性頭皮適用) 400毫升 | X43: summary_large_image | Y43: Pass | Z43: Brand | AA43: BreadcrumbList | AB43: ImageObject | AC43: ListItem | AD43: Offer | AE43: Organization | AF43: Product | AG43: Pass
A44: https://ryo-hk.myshopify.com/products/hair-cushion-dark-brown | B44: Pass | C44: Product Detail | D44: 200 | E44: Pass | F44: 呂 煥髮遮瑕氣墊棒4.0(深啡) | RYO Hong Kong | G44: Pass | H44: 防汗水，洗髮時用洗髮水沖洗便可。為髮絲添上光澤感。氣墊質地輕柔易推開。山茶花油為髮絲添上光澤，側柏萃取為頭皮添加養分，綠茶萃取有效強化髮根。 - 呂 煥髮遮瑕氣墊棒4.0(深啡) | I44: Pass | J44: 呂 煥髮遮瑕氣墊棒4.0(深啡) | K44: 2 | L44: multiple | M44: https://ryo-hk.myshopify.com/products/hair-cushion-dark-brown | N44: Pass | O44: 呂 煥髮遮瑕氣墊棒4.0(深啡) | RYO Hong Kong | P44: 防汗水，洗髮時用洗髮水沖洗便可。為髮絲添上光澤感。氣墊質地輕柔易推開。山茶花油為髮絲添上光澤，側柏萃取為頭皮添加養分，綠茶萃取有效強化髮根。 - 呂 煥髮遮瑕氣墊棒4.0(深啡) | Q44: product | R44: RYO HK | S44: http://ryo-hk.myshopify.com/cdn/shop/files/pdp_mig_2025-05-16-250512_final_HK_RYO_pdp_thumbnail_Hair_Cushion_Pack_4.0_1.jpg?v=1751933601 | T44: https://ryo-hk.myshopify.com/cdn/shop/files/pdp_mig_2025-05-16-250512_final_HK_RYO_pdp_thumbnail_Hair_Cushion_Pack_4.0_1.jpg?v=1751933601 | U44: https://ryo-hk.myshopify.com/products/hair-cushion-dark-brown | V44: 呂 煥髮遮瑕氣墊棒4.0(深啡) | RYO Hong Kong | W44: 防汗水，洗髮時用洗髮水沖洗便可。為髮絲添上光澤感。氣墊質地輕柔易推開。山茶花油為髮絲添上光澤，側柏萃取為頭皮添加養分，綠茶萃取有效強化髮根。 - 呂 煥髮遮瑕氣墊棒4.0(深啡) | X44: summary_large_image | Y44: Pass | Z44: Brand | AA44: BreadcrumbList | AB44: ImageObject | AC44: ListItem | AD44: Offer | AE44: Organization | AF44: Product | AG44: Pass
A45: https://ryo-hk.myshopify.com/products/hair-cushion-natural-brown | B45: Pass | C45: Product Detail | D45: 200 | E45: Pass | F45: 呂 煥髮遮瑕氣墊棒5.0(自然啡) | RYO Hong Kong | G45: Pass | H45: 防汗水，洗髮時用洗髮水沖洗便可。為髮絲添上光澤感。氣墊質地輕柔易推開氣墊質地輕柔易推開。山茶花油為髮絲添上光澤，側柏萃取為頭皮添加養分，綠茶萃取有效強化髮根。 - 呂 煥髮遮瑕氣墊棒5.0(自然啡) | I45: Pass | J45: 呂 煥髮遮瑕氣墊棒5.0(自然啡) | K45: 2 | L45: multiple | M45: https://ryo-hk.myshopify.com/products/hair-cushion-natural-brown | N45: Pass | O45: 呂 煥髮遮瑕氣墊棒5.0(自然啡) | RYO Hong Kong | P45: 防汗水，洗髮時用洗髮水沖洗便可。為髮絲添上光澤感。氣墊質地輕柔易推開氣墊質地輕柔易推開。山茶花油為髮絲添上光澤，側柏萃取為頭皮添加養分，綠茶萃取有效強化髮根。 - 呂 煥髮遮瑕氣墊棒5.0(自然啡) | Q45: product | R45: RYO HK | S45: http://ryo-hk.myshopify.com/cdn/shop/files/pdp_mig_2025-05-16-250512_final_HK_RYO_pdp_thumbnail_Hair_Cushion_Pack_5.0_1.jpg?v=1751933605 | T45: https://ryo-hk.myshopify.com/cdn/shop/files/pdp_mig_2025-05-16-250512_final_HK_RYO_pdp_thumbnail_Hair_Cushion_Pack_5.0_1.jpg?v=1751933605 | U45: https://ryo-hk.myshopify.com/products/hair-cushion-natural-brown | V45: 呂 煥髮遮瑕氣墊棒5.0(自然啡) | RYO Hong Kong | W45: 防汗水，洗髮時用洗髮水沖洗便可。為髮絲添上光澤感。氣墊質地輕柔易推開氣墊質地輕柔易推開。山茶花油為髮絲添上光澤，側柏萃取為頭皮添加養分，綠茶萃取有效強化髮根。 - 呂 煥髮遮瑕氣墊棒5.0(自然啡) | X45: summary_large_image | Y45: Pass | Z45: Brand | AA45: BreadcrumbList | AB45: ImageObject | AC45: ListItem | AD45: Offer | AE45: Organization | AF45: Product | AG45: Pass
A46: https://ryo-hk.myshopify.com/products/hair-loss-expert-care-shampoo-for-anti-dandruff | B46: Pass | C46: Product Detail | D46: 200 | E46: Pass | F46: 呂 韓參滋養防脫髮洗髮液 (去屑止癢適用) 400毫升 | RYO Hong Kong | G46: Pass | H46: 【呂】經40年人蔘研究，以獨家Ginsen9EX™防脫專利技術，差壓提取法萃取高濃度韓國人蔘精華，揉合官方認證咖啡因防脫髮成分，修復受損頭皮，強韌保護髮根，有效解決掉髮現象，養護濃密秀髮。 集中護理脫髮症狀，清爽去屑，舒緩頭皮痕癢 7大無添加：動物性原料、礦物油 、尿素醛、三乙醇胺、人工色素、矽靈、皂鹼 - 呂 韓參滋養防脫髮洗髮液 (去屑止癢適用) 400毫升 | I46: Pass | J46: 呂 韓參滋養防脫髮洗髮液 (去屑止癢適用) 400毫升 | K46: 2 | L46: multiple | M46: https://ryo-hk.myshopify.com/products/hair-loss-expert-care-shampoo-for-anti-dandruff | N46: Pass | O46: 呂 韓參滋養防脫髮洗髮液 (去屑止癢適用) 400毫升 | RYO Hong Kong | P46: 【呂】經40年人蔘研究，以獨家Ginsen9EX™防脫專利技術，差壓提取法萃取高濃度韓國人蔘精華，揉合官方認證咖啡因防脫髮成分，修復受損頭皮，強韌保護髮根，有效解決掉髮現象，養護濃密秀髮。 集中護理脫髮症狀，清爽去屑，舒緩頭皮痕癢 7大無添加：動物性原料、礦物油 、尿素醛、三乙醇胺、人工色素、矽靈、皂鹼 - 呂 韓參滋養防脫髮洗髮液 (去屑止癢適用) 400毫升 | Q46: product | R46: RYO HK | S46: http://ryo-hk.myshopify.com/cdn/shop/files/pdp_mig_2021-09-17-20210917_tw_final_weak-hair_thumbnails_pc_02_1.png?v=1751933559 | T46: https://ryo-hk.myshopify.com/cdn/shop/files/pdp_mig_2021-09-17-20210917_tw_final_weak-hair_thumbnails_pc_02_1.png?v=1751933559 | U46: https://ryo-hk.myshopify.com/products/hair-loss-expert-care-shampoo-for-anti-dandruff | V46: 呂 韓參滋養防脫髮洗髮液 (去屑止癢適用) 400毫升 | RYO Hong Kong | W46: 【呂】經40年人蔘研究，以獨家Ginsen9EX™防脫專利技術，差壓提取法萃取高濃度韓國人蔘精華，揉合官方認證咖啡因防脫髮成分，修復受損頭皮，強韌保護髮根，有效解決掉髮現象，養護濃密秀髮。 集中護理脫髮症狀，清爽去屑，舒緩頭皮痕癢 7大無添加：動物性原料、礦物油 、尿素醛、三乙醇胺、人工色素、矽靈、皂鹼 - 呂 韓參滋養防脫髮洗髮液 (去屑止癢適用) 400毫升 | X46: summary_large_image | Y46: Pass | Z46: Brand | AA46: BreadcrumbList | AB46: ImageObject | AC46: ListItem | AD46: Offer | AE46: Organization | AF46: Product | AG46: Pass
A47: https://ryo-hk.myshopify.com/products/hair-loss-expert-care-shampoo-for-dry-scalp | B47: Pass | C47: Product Detail | D47: 200 | E47: Pass | F47: 呂 韓蔘滋養防脫髮洗髮液 (中乾性頭皮適用) 400毫升 | RYO Hong Kong | G47: Pass | H47: 【呂】經40年人蔘研究，以獨家Ginsen9EX™防脫專利技術，差壓提取法萃取高濃度韓國人蔘精華，揉合官方認證咖啡因防脫髮成分，修復受損頭皮，強韌保護髮根，有效解決掉髮現象，養護濃密秀髮。 集中護理脫髮症狀，保濕滋潤乾旱頭皮 7大無添加：動物性原料、礦物油 、聚丙烯酰胺、人工色素、尿素醛、三乙醇胺 、矽靈 - 呂 韓蔘滋養防脫髮洗髮液 (中乾性頭皮適用) 400毫升 | I47: Pass | J47: 呂 韓蔘滋養防脫髮洗髮液 (中乾性頭皮適用) 400毫升 | K47: 2 | L47: multiple | M47: https://ryo-hk.myshopify.com/products/hair-loss-expert-care-shampoo-for-dry-scalp | N47: Pass | O47: 呂 韓蔘滋養防脫髮洗髮液 (中乾性頭皮適用) 400毫升 | RYO Hong Kong | P47: 【呂】經40年人蔘研究，以獨家Ginsen9EX™防脫專利技術，差壓提取法萃取高濃度韓國人蔘精華，揉合官方認證咖啡因防脫髮成分，修復受損頭皮，強韌保護髮根，有效解決掉髮現象，養護濃密秀髮。 集中護理脫髮症狀，保濕滋潤乾旱頭皮 7大無添加：動物性原料、礦物油 、聚丙烯酰胺、人工色素、尿素醛、三乙醇胺 、矽靈 - 呂 韓蔘滋養防脫髮洗髮液 (中乾性頭皮適用) 400毫升 | Q47: product | R47: RYO HK | S47: http://ryo-hk.myshopify.com/cdn/shop/files/pdp_mig_2021-09-17-20210917_tw_final_dry_thumbnails_pc_02_1.png?v=1751933528 | T47: https://ryo-hk.myshopify.com/cdn/shop/files/pdp_mig_2021-09-17-20210917_tw_final_dry_thumbnails_pc_02_1.png?v=1751933528 | U47: https://ryo-hk.myshopify.com/products/hair-loss-expert-care-shampoo-for-dry-scalp | V47: 呂 韓蔘滋養防脫髮洗髮液 (中乾性頭皮適用) 400毫升 | RYO Hong Kong | W47: 【呂】經40年人蔘研究，以獨家Ginsen9EX™防脫專利技術，差壓提取法萃取高濃度韓國人蔘精華，揉合官方認證咖啡因防脫髮成分，修復受損頭皮，強韌保護髮根，有效解決掉髮現象，養護濃密秀髮。 集中護理脫髮症狀，保濕滋潤乾旱頭皮 7大無添加：動物性原料、礦物油 、聚丙烯酰胺、人工色素、尿素醛、三乙醇胺 、矽靈 - 呂 韓蔘滋養防脫髮洗髮液 (中乾性頭皮適用) 400毫升 | X47: summary_large_image | Y47: Pass | Z47: Brand | AA47: BreadcrumbList | AB47: ImageObject | AC47: ListItem | AD47: Offer | AE47: Organization | AF47: Product | AG47: Pass
A48: https://ryo-hk.myshopify.com/products/hair-loss-expert-care-shampoo-for-oly-scalp | B48: Pass | C48: Product Detail | D48: 200 | E48: Pass | F48: 呂 韓蔘滋養防脫髮洗髮液 (油性頭皮適用) 400毫升 | RYO Hong Kong | G48: Pass | H48: 【呂】經40年人蔘研究，以獨家Ginsen9EX™防脫專利技術，差壓提取法萃取高濃度韓國人蔘精華，揉合官方認證咖啡因防脫髮成分，修復受損頭皮，強韌保護髮根，有效解決掉髮現象，養護濃密秀髮。 集中護理脫髮症狀，保持頭皮清爽潔淨 7大無添加：動物性原料、礦物油 、聚丙烯酰胺、人工色素、尿素醛、三乙醇胺 、矽靈 - 呂 韓蔘滋養防脫髮洗髮液 (油性頭皮適用) 400毫升 | I48: Pass | J48: 呂 韓蔘滋養防脫髮洗髮液 (油性頭皮適用) 400毫升 | K48: 2 | L48: multiple | M48: https://ryo-hk.myshopify.com/products/hair-loss-expert-care-shampoo-for-oly-scalp | N48: Pass | O48: 呂 韓蔘滋養防脫髮洗髮液 (油性頭皮適用) 400毫升 | RYO Hong Kong | P48: 【呂】經40年人蔘研究，以獨家Ginsen9EX™防脫專利技術，差壓提取法萃取高濃度韓國人蔘精華，揉合官方認證咖啡因防脫髮成分，修復受損頭皮，強韌保護髮根，有效解決掉髮現象，養護濃密秀髮。 集中護理脫髮症狀，保持頭皮清爽潔淨 7大無添加：動物性原料、礦物油 、聚丙烯酰胺、人工色素、尿素醛、三乙醇胺 、矽靈 - 呂 韓蔘滋養防脫髮洗髮液 (油性頭皮適用) 400毫升 | Q48: product | R48: RYO HK | S48: http://ryo-hk.myshopify.com/cdn/shop/files/pdp_mig_2021-09-17-20210917_tw_final_oily_thumbnails_pc_01_1.png?v=1751933538 | T48: https://ryo-hk.myshopify.com/cdn/shop/files/pdp_mig_2021-09-17-20210917_tw_final_oily_thumbnails_pc_01_1.png?v=1751933538 | U48: https://ryo-hk.myshopify.com/products/hair-loss-expert-care-shampoo-for-oly-scalp | V48: 呂 韓蔘滋養防脫髮洗髮液 (油性頭皮適用) 400毫升 | RYO Hong Kong | W48: 【呂】經40年人蔘研究，以獨家Ginsen9EX™防脫專利技術，差壓提取法萃取高濃度韓國人蔘精華，揉合官方認證咖啡因防脫髮成分，修復受損頭皮，強韌保護髮根，有效解決掉髮現象，養護濃密秀髮。 集中護理脫髮症狀，保持頭皮清爽潔淨 7大無添加：動物性原料、礦物油 、聚丙烯酰胺、人工色素、尿素醛、三乙醇胺 、矽靈 - 呂 韓蔘滋養防脫髮洗髮液 (油性頭皮適用) 400毫升 | X48: summary_large_image | Y48: Pass | Z48: Brand | AA48: BreadcrumbList | AB48: ImageObject | AC48: ListItem | AD48: Offer | AE48: Organization | AF48: Product | AG48: Pass
A49: https://ryo-hk.myshopify.com/products/hair-loss-expert-care-shampoo-for-sensitive-scalp | B49: Pass | C49: Product Detail | D49: 200 | E49: Pass | F49: 呂 韓蔘滋養防脫髮洗髮液 (敏感性頭皮適用) 400毫升 | RYO Hong Kong | G49: Pass | H49: 【呂】經40年人蔘研究，以獨家Ginsen9EX™防脫專利技術，差壓提取法萃取高濃度韓國人蔘精華，揉合官方認證咖啡因防脫髮成分，修復受損頭皮，強韌保護髮根，有效解決掉髮現象，養護濃密秀髮。 集中護理脫髮症狀，溫和舒緩敏感脆弱頭皮 7大無添加：動物性原料、礦物油 、聚丙烯酰胺、人工色素、尿素醛、三乙醇胺 、矽靈 - 呂 韓蔘滋養防脫髮洗髮液 (敏感性頭皮適用) 400毫升 | I49: Pass | J49: 呂 韓蔘滋養防脫髮洗髮液 (敏感性頭皮適用) 400毫升 | K49: 2 | L49: multiple | M49: https://ryo-hk.myshopify.com/products/hair-loss-expert-care-shampoo-for-sensitive-scalp | N49: Pass | O49: 呂 韓蔘滋養防脫髮洗髮液 (敏感性頭皮適用) 400毫升 | RYO Hong Kong | P49: 【呂】經40年人蔘研究，以獨家Ginsen9EX™防脫專利技術，差壓提取法萃取高濃度韓國人蔘精華，揉合官方認證咖啡因防脫髮成分，修復受損頭皮，強韌保護髮根，有效解決掉髮現象，養護濃密秀髮。 集中護理脫髮症狀，溫和舒緩敏感脆弱頭皮 7大無添加：動物性原料、礦物油 、聚丙烯酰胺、人工色素、尿素醛、三乙醇胺 、矽靈 - 呂 韓蔘滋養防脫髮洗髮液 (敏感性頭皮適用) 400毫升 | Q49: product | R49: RYO HK | S49: http://ryo-hk.myshopify.com/cdn/shop/files/pdp_mig_2021-09-17-20210917_tw_final_oily-and-dry_thumbnails_pc_03_1.png?v=1751933546 | T49: https://ryo-hk.myshopify.com/cdn/shop/files/pdp_mig_2021-09-17-20210917_tw_final_oily-and-dry_thumbnails_pc_03_1.png?v=1751933546 | U49: https://ryo-hk.myshopify.com/products/hair-loss-expert-care-shampoo-for-sensitive-scalp | V49: 呂 韓蔘滋養防脫髮洗髮液 (敏感性頭皮適用) 400毫升 | RYO Hong Kong | W49: 【呂】經40年人蔘研究，以獨家Ginsen9EX™防脫專利技術，差壓提取法萃取高濃度韓國人蔘精華，揉合官方認證咖啡因防脫髮成分，修復受損頭皮，強韌保護髮根，有效解決掉髮現象，養護濃密秀髮。 集中護理脫髮症狀，溫和舒緩敏感脆弱頭皮 7大無添加：動物性原料、礦物油 、聚丙烯酰胺、人工色素、尿素醛、三乙醇胺 、矽靈 - 呂 韓蔘滋養防脫髮洗髮液 (敏感性頭皮適用) 400毫升 | X49: summary_large_image | Y49: Pass | Z49: Brand | AA49: BreadcrumbList | AB49: ImageObject | AC49: ListItem | AD49: Offer | AE49: Organization | AF49: Product | AG49: Pass
A50: https://ryo-hk.myshopify.com/products/hair-loss-expert-care-shampoo-for-weak-hair | B50: Pass | C50: Product Detail | D50: 200 | E50: Pass | F50: 呂 韓參滋養防脫髮洗髮液 (軟弱扁塌髮質適用) 400毫升 | RYO Hong Kong | G50: Pass | H50: 【呂】經40年人蔘研究，以獨家Ginsen9EX™防脫專利技術，差壓提取法萃取高濃度韓國人蔘精華，揉合官方認證咖啡因防脫髮成分，修復受損頭皮，強韌保護髮根，有效解決掉髮現象，養護濃密秀髮。 集中護理脫髮症狀，從髮根塑造濃密豐盈感 7大無添加：動物性原料、礦物油 、聚丙烯酰胺、人工色素、尿素醛、三乙醇胺 、矽靈 - 呂 韓參滋養防脫髮洗髮液 (軟弱扁塌髮質適用) 400毫升 | I50: Pass | J50: 呂 韓參滋養防脫髮洗髮液 (軟弱扁塌髮質適用) 400毫升 | K50: 2 | L50: multiple | M50: https://ryo-hk.myshopify.com/products/hair-loss-expert-care-shampoo-for-weak-hair | N50: Pass | O50: 呂 韓參滋養防脫髮洗髮液 (軟弱扁塌髮質適用) 400毫升 | RYO Hong Kong | P50: 【呂】經40年人蔘研究，以獨家Ginsen9EX™防脫專利技術，差壓提取法萃取高濃度韓國人蔘精華，揉合官方認證咖啡因防脫髮成分，修復受損頭皮，強韌保護髮根，有效解決掉髮現象，養護濃密秀髮。 集中護理脫髮症狀，從髮根塑造濃密豐盈感 7大無添加：動物性原料、礦物油 、聚丙烯酰胺、人工色素、尿素醛、三乙醇胺 、矽靈 - 呂 韓參滋養防脫髮洗髮液 (軟弱扁塌髮質適用) 400毫升 | Q50: product | R50: RYO HK | S50: http://ryo-hk.myshopify.com/cdn/shop/files/pdp_mig_2021-09-17-20210917_tw_final_weak-hair_thumbnails_pc_01_1.png?v=1751933559 | T50: https://ryo-hk.myshopify.com/cdn/shop/files/pdp_mig_2021-09-17-20210917_tw_final_weak-hair_thumbnails_pc_01_1.png?v=1751933559 | U50: https://ryo-hk.myshopify.com/products/hair-loss-expert-care-shampoo-for-weak-hair | V50: 呂 韓參滋養防脫髮洗髮液 (軟弱扁塌髮質適用) 400毫升 | RYO Hong Kong | W50: 【呂】經40年人蔘研究，以獨家Ginsen9EX™防脫專利技術，差壓提取法萃取高濃度韓國人蔘精華，揉合官方認證咖啡因防脫髮成分，修復受損頭皮，強韌保護髮根，有效解決掉髮現象，養護濃密秀髮。 集中護理脫髮症狀，從髮根塑造濃密豐盈感 7大無添加：動物性原料、礦物油 、聚丙烯酰胺、人工色素、尿素醛、三乙醇胺 、矽靈 - 呂 韓參滋養防脫髮洗髮液 (軟弱扁塌髮質適用) 400毫升 | X50: summary_large_image | Y50: Pass | Z50: Brand | AA50: BreadcrumbList | AB50: ImageObject | AC50: ListItem | AD50: Offer | AE50: Organization | AF50: Product | AG50: Pass
A51: https://ryo-hk.myshopify.com/products/hair-loss-expert-care-treatment-deep-nutrition | B51: Pass | C51: Product Detail | D51: 200 | E51: Pass | F51: 呂 韓蔘滋養防脫護髮精華素 (滋養髮絲適用) 330毫升 | RYO Hong Kong | G51: Pass | H51: 【呂】經40年人蔘研究，以獨家Ginsen9EX™防脫專利技術，差壓提取法萃取高濃度韓國人蔘精華，揉合官方認證咖啡因防脫髮成分，修復受損頭皮，強韌保護髮根，有效解決掉髮現象，養護濃密秀髮。 改善毛躁，髮絲回復彈性光澤，適合每日使用於頭皮及髮絲 7大無添加：動物性原料、礦物油 、聚丙烯酰胺、人工色素、尿素醛、三乙醇胺 、矽靈 - 呂 韓蔘滋養防脫護髮精華素 (滋養髮絲適用) 330毫升 | I51: Pass | J51: 呂 韓蔘滋養防脫護髮精華素 (滋養髮絲適用) 330毫升 | K51: 2 | L51: multiple | M51: https://ryo-hk.myshopify.com/products/hair-loss-expert-care-treatment-deep-nutrition | N51: Pass | O51: 呂 韓蔘滋養防脫護髮精華素 (滋養髮絲適用) 330毫升 | RYO Hong Kong | P51: 【呂】經40年人蔘研究，以獨家Ginsen9EX™防脫專利技術，差壓提取法萃取高濃度韓國人蔘精華，揉合官方認證咖啡因防脫髮成分，修復受損頭皮，強韌保護髮根，有效解決掉髮現象，養護濃密秀髮。 改善毛躁，髮絲回復彈性光澤，適合每日使用於頭皮及髮絲 7大無添加：動物性原料、礦物油 、聚丙烯酰胺、人工色素、尿素醛、三乙醇胺 、矽靈 - 呂 韓蔘滋養防脫護髮精華素 (滋養髮絲適用) 330毫升 | Q51: product | R51: RYO HK | S51: http://ryo-hk.myshopify.com/cdn/shop/files/pdp_mig_2021-10-06-20210429_final_treatment_thumbnails_pc_02_1.png?v=1751933549 | T51: https://ryo-hk.myshopify.com/cdn/shop/files/pdp_mig_2021-10-06-20210429_final_treatment_thumbnails_pc_02_1.png?v=1751933549 | U51: https://ryo-hk.myshopify.com/products/hair-loss-expert-care-treatment-deep-nutrition | V51: 呂 韓蔘滋養防脫護髮精華素 (滋養髮絲適用) 330毫升 | RYO Hong Kong | W51: 【呂】經40年人蔘研究，以獨家Ginsen9EX™防脫專利技術，差壓提取法萃取高濃度韓國人蔘精華，揉合官方認證咖啡因防脫髮成分，修復受損頭皮，強韌保護髮根，有效解決掉髮現象，養護濃密秀髮。 改善毛躁，髮絲回復彈性光澤，適合每日使用於頭皮及髮絲 7大無添加：動物性原料、礦物油 、聚丙烯酰胺、人工色素、尿素醛、三乙醇胺 、矽靈 - 呂 韓蔘滋養防脫護髮精華素 (滋養髮絲適用) 330毫升 | X51: summary_large_image | Y51: Pass | Z51: Brand | AA51: BreadcrumbList | AB51: ImageObject | AC51: ListItem | AD51: Offer | AE51: Organization | AF51: Product | AG51: Pass
... A58: https://ryo-hk.myshopify.com/products/hwayoon-program-scalp-essence | B58: Pass | C58: Product Detail | D58: 200 | E58: Pass | F58: 呂 極蔘潤黑防脫髮精華療程 | RYO Hong Kong | G58: Pass | H58: 呂 極尊系列，韓國限售，首度香港公開發售。古法韓方預防落髮，潤黑髮色，毛髮蓬鬆，改善明顯薄髮問題。 配方含韓方水複合物8大精華成份：人蔘、茯苓、蜂蜜、綠茶、黑豆、山地黃、何首烏、當藥 不僅可改善薄髮症狀，還能鎮靜頭皮，增加頭髮蓬鬆度，潤澤髮絲等方面進行全面護理。 - 呂 極蔘潤黑防脫髮精華療程 | I58: Pass | J58: 呂 極蔘潤黑防脫髮精華療程 | K58: 2 | L58: multiple | M58: https://ryo-hk.myshopify.com/products/hwayoon-program-scalp-essence | N58: Pass | O58: 呂 極蔘潤黑防脫髮精華療程 | RYO Hong Kong | P58: 呂 極尊系列，韓國限售，首度香港公開發售。古法韓方預防落髮，潤黑髮色，毛髮蓬鬆，改善明顯薄髮問題。 配方含韓方水複合物8大精華成份：人蔘、茯苓、蜂蜜、綠茶、黑豆、山地黃、何首烏、當藥 不僅可改善薄髮症狀，還能鎮靜頭皮，增加頭髮蓬鬆度，潤澤髮絲等方面進行全面護理。 - 呂 極蔘潤黑防脫髮精華療程 | Q58: product | R58: RYO HK | S58: http://ryo-hk.myshopify.com/cdn/shop/files/pdp_mig_2022-05-17-2022051_hk_final_ampoule_container_thumb_pc_3.jpg?v=1751933590 | T58: https://ryo-hk.myshopify.com/cdn/shop/files/pdp_mig_2022-05-17-2022051_hk_final_ampoule_container_thumb_pc_3.jpg?v=1751933590 | U58: https://ryo-hk.myshopify.com/products/hwayoon-program-scalp-essence | V58: 呂 極蔘潤黑防脫髮精華療程 | RYO Hong Kong | W58: 呂 極尊系列，韓國限售，首度香港公開發售。古法韓方預防落髮，潤黑髮色，毛髮蓬鬆，改善明顯薄髮問題。 配方含韓方水複合物8大精華成份：人蔘、茯苓、蜂蜜、綠茶、黑豆、山地黃、何首烏、當藥 不僅可改善薄髮症狀，還能鎮靜頭皮，增加頭髮蓬鬆度，潤澤髮絲等方面進行全面護理。 - 呂 極蔘潤黑防脫髮精華療程 | X58: summary_large_image | Y58: Pass | Z58: Brand | AA58: BreadcrumbList | AB58: ImageObject | AC58: ListItem | AD58: Offer | AE58: Organization | AF58: Product | AG58: Pass
A59: https://ryo-hk.myshopify.com/blogs/brand-video/1237091_20719 | B59: hyphen recommended instead of underbar | C59: Blog Page | D59: 404 | E59: need check | G59: 404 | I59: 404 | L59: 404 | N59: 404 | Y59: 404 | Z59: BlogPosting | AA59: BreadcrumbList | AB59: ImageObject | AC59: ListItem | AD59: Organization | AE59: Person | AG59: 404
A60: https://ryo-hk.myshopify.com/blogs/brand-video/1237092_20719 | B60: hyphen recommended instead of underbar | C60: Blog Page | D60: 404 | E60: need check | G60: 404 | I60: 404 | L60: 404 | N60: 404 | Y60: 404 | Z60: BlogPosting | AA60: BreadcrumbList | AB60: ImageObject | AC60: ListItem | AD60: Organization | AE60: Person | AG60: 404
A61: https://ryo-hk.myshopify.com/blogs/brand-video/1300369_20719 | B61: hyphen recommended instead of underbar | C61: Blog Page | D61: 404 | E61: need check | G61: 404 | I61: 404 | L61: 404 | N61: 404 | Y61: 404 | Z61: BlogPosting | AA61: BreadcrumbList | AB61: ImageObject | AC61: ListItem | AD61: Organization | AE61: Person | AG61: 404
A62: https://ryo-hk.myshopify.com/hk/zh/util/privacy-policy/privacy-policy.html | B62: Pass | C62: Page (No PLP / PDP) | D62: 404 | E62: need check | G62: 404 | I62: 404 | L62: 404 | N62: 404 | Y62: 404 | AG62: 404
A63: https://ryo-hk.myshopify.com/blogs/brand-video/1316670_20719 | B63: hyphen recommended instead of underbar | C63: Blog Page | D63: 200? 404? | E63: need check | F63: 2021 NEW RYO 專屬於 #呂的頭皮科學 (全紀錄) | G63: missing " | {brand}{country}" | I63: missing | L63: missing | M63: https://ryo-hk.myshopify.com/blogs/brand-video/1316670_20719 | N63: Pass | O63: 2021 NEW RYO 專屬於 #呂的頭皮科學 (全紀錄) | P63: 呂Ryo以獨有的「頭皮科學」研究經驗融合韓方成分進行產品研發，解決顧客的頭皮困擾、實現頭皮的最佳均衡狀態。 | Q63: article | R63: RYO HK | S63: http://ryo-hk.myshopify.com/cdn/shop/files/ryo_og_image.jpg?v=1749606307 | T63: https://ryo-hk.myshopify.com/cdn/shop/files/ryo_og_image.jpg?v=1749606307 | U63: https://ryo-hk.myshopify.com/blogs/brand-video/1316670_20719 | V63: 2021 NEW RYO 專屬於 #呂的頭皮科學 (全紀錄) | W63: 呂Ryo以獨有的「頭皮科學」研究經驗融合韓方成分進行產品研發，解決顧客的頭皮困擾、實現頭皮的最佳均衡狀態。 | X63: summary_large_image | Y63: duplicate (check red marked cells) | Z63: BlogPosting | AA63: BreadcrumbList | AB63: ImageObject | AC63: ListItem | AD63: Organization | AE63: Person | AG63: Pass
A64: https://ryo-hk.myshopify.com/blogs/brand-video | B64: Pass | C64: Blog Page | D64: Javascript Redirect | E64: need check | F64: 品牌廣告片 | G64: missing " | {brand}{country}" | I64: missing | L64: missing | M64: https://ryo-hk.myshopify.com/blogs/brand-video | N64: Pass | O64: 品牌廣告片 | P64: 呂Ryo以獨有的「頭皮科學」研究經驗融合韓方成分進行產品研發，解決顧客的頭皮困擾、實現頭皮的最佳均衡狀態。 | Q64: website | R64: RYO HK | S64: http://ryo-hk.myshopify.com/cdn/shop/files/ryo_og_image.jpg?v=1749606307 | T64: https://ryo-hk.myshopify.com/cdn/shop/files/ryo_og_image.jpg?v=1749606307 | U64: https://ryo-hk.myshopify.com/blogs/brand-video | V64: 品牌廣告片 | W64: 呂Ryo以獨有的「頭皮科學」研究經驗融合韓方成分進行產品研發，解決顧客的頭皮困擾、實現頭皮的最佳均衡狀態。 | X64: summary_large_image | Y64: duplicate (check red marked cells) | Z64: BreadcrumbList | AA64: ListItem | AB64: Organization | AG64: Pass

Sheet raw-sheet
A1: Address | B1: Segments | C1: Content Type | D1: Status Code | E1: Status | F1: Indexability | G1: Indexability Status | H1: Title 1 | I1: Title 1 Length | J1: Title 1 Pixel Width | K1: Meta Description 1 | L1: Meta Description 1 Length | M1: Meta Description 1 Pixel Width | N1: Meta Keywords 1 | O1: Meta Keywords 1 Length | P1: H1-1 | Q1: H1-1 Length | R1: H1-2 | S1: H1-2 Length | T1: H2-1 | U1: H2-1 Length | V1: Meta Robots 1 | W1: X-Robots-Tag 1 | X1: Meta Refresh 1 | Y1: Canonical Link Element 1 | Z1: rel="next" 1 | AA1: rel="prev" 1 | AB1: HTTP rel="next" 1 | AC1: HTTP rel="prev" 1 | AD1: amphtml Link Element | AE1: Size (bytes) | AF1: Transferred (bytes) | AG1: Word Count | AH1: Sentence Count | AI1: Average Words Per Sentence | AJ1: Flesch Reading Ease Score | AK1: Readability | AL1: Text Ratio | AM1: Crawl Depth | AN1: Folder Depth | AO1: Link Score | AP1: Inlinks | AQ1: Unique Inlinks | AR1: Unique JS Inlinks | AS1: % of Total | AT1: Outlinks | AU1: Unique Outlinks | AV1: Unique JS Outlinks | AW1: External Outlinks | AX1: Unique External Outlinks | AY1: Unique External JS Outlinks | AZ1: Closest Similarity Match | BA1: No. Near Duplicates | BB1: Spelling Errors | BC1: Grammar Errors | BD1: Hash | BE1: Response Time | BF1: Last Modified | BG1: Redirect URL | BH1: Redirect Type | BI1: Cookies | BJ1: HTTP Version | BK1: og title 1 | BL1: og description 1 | BM1: og type 1 | BN1: og sitename 1 | BO1: og image 1 | BP1: og image 2 | BQ1: og image 3 | BR1: og image 4 | BS1: og url 1 | BT1: twitter title 1 | BU1: twitter description 1 | BV1: twitter card 1 | BW1: H1 Count 1 | BX1: URL Encoded Address | BY1: Crawl Timestamp
A2: https://ryo-hk.myshopify.com/ | B2: Page (No PLP / PDP) | C2: text/html; charset=utf-8 | D2: 200 | E2: OK | F2: Indexable | H2: 呂 RYO 官方網站 | RYO Hong Kong | I2: 26 | J2: 315 | K2: 呂Ryo以獨有的「頭皮科學」研究經驗融合韓方成分進行產品研發，解決顧客的頭皮困擾、實現頭皮的最佳均衡狀態。 | L2: 53 | M2: 727 | Q2: 0 | S2: 0 | Y2: https://ryo-hk.myshopify.com/ | AM2: 0 | AN2: 0 | AP2: 189 | AQ2: 65 | AR2: 0 | AS2: 98.48 | AT2: 73 | AU2: 34 | AV2: 0 | BJ2: 1.1 | BK2: 呂 RYO 官方網站 | RYO Hong Kong | BL2: 呂Ryo以獨有的「頭皮科學」研究經驗融合韓方成分進行產品研發，解決顧客的頭皮困擾、實現頭皮的最佳均衡狀態。 | BM2: website | BN2: RYO HK | BO2: http://ryo-hk.myshopify.com/cdn/shop/files/ryo_og_image.jpg?v=1749606307 | BP2: https://ryo-hk.myshopify.com/cdn/shop/files/ryo_og_image.jpg?v=1749606307 | BQ2: 1920 | BR2: 1110 | BS2: https://ryo-hk.myshopify.com/ | BT2: 呂 RYO 官方網站 | RYO Hong Kong | BU2: 呂Ryo以獨有的「頭皮科學」研究經驗融合韓方成分進行產品研發，解決顧客的頭皮困擾、實現頭皮的最佳均衡狀態。 | BV2: summary_large_image | BW2: 0 | BX2: https://ryo-hk.myshopify.com/ | BY2: 2025-07-21 15:12:05
A3: https://ryo-hk.myshopify.com/blogs/brand-video | B3: Blog Page | C3: text/html; charset=utf-8 | D3: Javascript Redirect | E3: OK | F3: Indexable | H3: 品牌廣告片 | I3: 5 | J3: 100 | L3: 0 | M3: 0 | Q3: 0 | S3: 0 | Y3: https://ryo-hk.myshopify.com/blogs/brand-video | AM3: 2 | AN3: 1 | AP3: 42 | AQ3: 20 | AR3: 0 | AS3: 30.3 | AT3: 52 | AU3: 23 | AV3: 0 | BJ3: 1.1 | BK3: 品牌廣告片 | BL3: 呂Ryo以獨有的「頭皮科學」研究經驗融合韓方成分進行產品研發，解決顧客的頭皮困擾、實現頭皮的最佳均衡狀態。 | BM3: website | BN3: RYO HK | BO3: http://ryo-hk.myshopify.com/cdn/shop/files/ryo_og_image.jpg?v=1749606307 | BP3: https://ryo-hk.myshopify.com/cdn/shop/files/ryo_og_image.jpg?v=1749606307 | BQ3: 1920 | BR3: 1110 | BS3: https://ryo-hk.myshopify.com/blogs/brand-video | BT3: 品牌廣告片 | BU3: 呂Ryo以獨有的「頭皮科學」研究經驗融合韓方成分進行產品研發，解決顧客的頭皮困擾、實現頭皮的最佳均衡狀態。 | BV3: summary_large_image | BW3: 0 | BX3: https://ryo-hk.myshopify.com/blogs/brand-video | BY3: 2025-07-21 15:12:27
A4: https://ryo-hk.myshopify.com/blogs/brand-video/1237091_20719 | B4: Blog Page | C4: text/html; charset=utf-8 | D4: 404 | E4: Not Found | F4: Non-Indexable | G4: Client Error | I4: 0 | J4: 0 | L4: 0 | M4: 0 | Q4: 0 | S4: 0 | AM4: 2 | AN4: 2 | AP4: 1 | AQ4: 1 | AR4: 0 | AS4: 1.56 | AT4: 0 | AU4: 0 | AV4: 0 | BJ4: 1.1 | BX4: https://ryo-hk.myshopify.com/blogs/brand-video/1237091_20719 | BY4: 2025-07-21 15:56:37
A5: https://ryo-hk.myshopify.com/blogs/brand-video/1237092_20719 | B5: Blog Page | C5: text/html; charset=utf-8 | D5: 404 | E5: Not Found | F5: Non-Indexable | G5: Client Error | I5: 0 | J5: 0 | L5: 0 | M5: 0 | Q5: 0 | S5: 0 | AM5: 2 | AN5: 2 | AP5: 1 | AQ5: 1 | AR5: 0 | AS5: 1.56 | AT5: 0 | AU5: 0 | AV5: 0 | BJ5: 1.1 | BX5: https://ryo-hk.myshopify.com/blogs/brand-video/1237092_20719 | BY5: 2025-07-21 15:56:38
A6: https://ryo-hk.myshopify.com/blogs/brand-video/1300369_20719 | B6: Blog Page | C6: text/html; charset=utf-8 | D6: 404 | E6: Not Found | F6: Non-Indexable | G6: Client Error | I6: 0 | J6: 0 | L6: 0 | M6: 0 | Q6: 0 | S6: 0 | AM6: 2 | AN6: 2 | AP6: 1 | AQ6: 1 | AR6: 0 | AS6: 1.56 | AT6: 0 | AU6: 0 | AV6: 0 | BJ6: 1.1 | BX6: https://ryo-hk.myshopify.com/blogs/brand-video/1300369_20719 | BY6: 2025-07-21 15:56:37
A7: https://ryo-hk.myshopify.com/blogs/brand-video/1316670_20719 | B7: Blog Page | C7: text/html; charset=utf-8 | D7: 200? 404? | E7: OK | F7: Indexable | H7: 2021 NEW RYO 專屬於 #呂的頭皮科學 (全紀錄) | I7: 30 | J7: 423 | L7: 0 | M7: 0 | Q7: 0 | S7: 0 | Y7: https://ryo-hk.myshopify.com/blogs/brand-video/1316670_20719 | AM7: 1 | AN7: 2 | AP7: 105 | AQ7: 48 | AR7: 0 | AS7: 72.73 | AT7: 60 | AU7: 25 | AV7: 0 | BJ7: 1.1 | BK7: 2021 NEW RYO 專屬於 #呂的頭皮科學 (全紀錄) | BL7: 呂Ryo以獨有的「頭皮科學」研究經驗融合韓方成分進行產品研發，解決顧客的頭皮困擾、實現頭皮的最佳均衡狀態。 | BM7: article | BN7: RYO HK | BO7: http://ryo-hk.myshopify.com/cdn/shop/files/ryo_og_image.jpg?v=1749606307 | BP7: https://ryo-hk.myshopify.com/cdn/shop/files/ryo_og_image.jpg?v=1749606307 | BQ7: 1920 | BR7: 1110 | BS7: https://ryo-hk.myshopify.com/blogs/brand-video/1316670_20719 | BT7: 2021 NEW RYO 專屬於 #呂的頭皮科學 (全紀錄) | BU7: 呂Ryo以獨有的「頭皮科學」研究經驗融合韓方成分進行產品研發，解決顧客的頭皮困擾、實現頭皮的最佳均衡狀態。 | BV7: summary_large_image | BW7: 0 | BX7: https://ryo-hk.myshopify.com/blogs/brand-video/1316670_20719 | BY7: 2025-07-21 15:12:09
A8: https://ryo-hk.myshopify.com/blogs/brand-video/1325601_24084 | B8: Blog Page | C8: text/html; charset=utf-8 | D8: 200 | E8: OK | F8: Indexable | H8: 呂RYO 全新升級｜領先科研防脫之旅 | I8: 18 | J8: 326 | L8: 0 | M8: 0 | Q8: 0 | S8: 0 | Y8: https://ryo-hk.myshopify.com/blogs/brand-video/1325601_24084 | AN8: 2 | AP8: 6 | AQ8: 1 | AR8: 0 | AS8: 1.52 | AT8: 56 | AU8: 23 | AV8: 0 | BJ8: 1.1 | BK8: 呂RYO 全新升級｜領先科研防脫之旅 | BL8: 呂Ryo以獨有的「頭皮科學」研究經驗融合韓方成分進行產品研發，解決顧客的頭皮困擾、實現頭皮的最佳均衡狀態。 | BM8: article | BN8: RYO HK | BO8: http://ryo-hk.myshopify.com/cdn/shop/files/ryo_og_image.jpg?v=1749606307 | BP8: https://ryo-hk.myshopify.com/cdn/shop/files/ryo_og_image.jpg?v=1749606307 | BQ8: 1920 | BR8: 1110 | BS8: https://ryo-hk.myshopify.com/blogs/brand-video/1325601_24084 | BT8: 呂RYO 全新升級｜領先科研防脫之旅 | BU8: 呂Ryo以獨有的「頭皮科學」研究經驗融合韓方成分進行產品研發，解決顧客的頭皮困擾、實現頭皮的最佳均衡狀態。 | BV8: summary_large_image | BW8: 0 | BX8: https://ryo-hk.myshopify.com/blogs/brand-video/1325601_24084 | BY8: 2025-07-21 15:12:34
A9: https://ryo-hk.myshopify.com/blogs/news | B9: Blog Page | C9: text/html; charset=utf-8 | D9: 200 | E9: OK | F9: Indexable | H9: News | I9: 4 | J9: 50 | L9: 0 | M9: 0 | P9: ASK AESTURA | Q9: 11 | S9: 0 | Y9: https://ryo-hk.myshopify.com/blogs/news | AN9: 1 | AP9: 4 | AQ9: 1 | AR9: 0 | AS9: 1.52 | AT9: 52 | AU9: 23 | AV9: 0 | BJ9: 1.1 | BK9: News | BL9: 呂Ryo以獨有的「頭皮科學」研究經驗融合韓方成分進行產品研發，解決顧客的頭皮困擾、實現頭皮的最佳均衡狀態。 | BM9: website | BN9: RYO HK | BO9: http://ryo-hk.myshopify.com/cdn/shop/files/ryo_og_image.jpg?v=1749606307 | BP9: https://ryo-hk.myshopify.com/cdn/shop/files/ryo_og_image.jpg?v=1749606307 | BQ9: 1920 | BR9: 1110 | BS9: https://ryo-hk.myshopify.com/blogs/news | BT9: News | BU9: 呂Ryo以獨有的「頭皮科學」研究經驗融合韓方成分進行產品研發，解決顧客的頭皮困擾、實現頭皮的最佳均衡狀態。 | BV9: summary_large_image | BW9: 1 | BX9: https://ryo-hk.myshopify.com/blogs/news | BY9: 2025-07-21 15:12:33
A10: https://ryo-hk.myshopify.com/collections/beautiful-aging-care | B10: Product List | C10: text/html; charset=utf-8 | D10: 200 | E10: OK | F10: Indexable | H10: 修復明顯脫髮 | I10: 6 | J10: 120 | L10: 0 | M10: 0 | Q10: 0 | S10: 0 | Y10: https://ryo-hk.myshopify.com/collections/beautiful-aging-care | AM10: 1 | AN10: 1 | AP10: 135 | AQ10: 65 | AR10: 0 | AS10: 98.48 | AT10: 55 | AU10: 22 | AV10: 0 | BJ10: 1.1 | BK10: 修復明顯脫髮 | BL10: 呂Ryo以獨有的「頭皮科學」研究經驗融合韓方成分進行產品研發，解決顧客的頭皮困擾、實現頭皮的最佳均衡狀態。 | BM10: website | BN10: RYO HK | BO10: http://ryo-hk.myshopify.com/cdn/shop/files/ryo_og_image.jpg?v=1749606307 | BP10: https://ryo-hk.myshopify.com/cdn/shop/files/ryo_og_image.jpg?v=1749606307 | BQ10: 1920 | BR10: 1110 | BS10: https://ryo-hk.myshopify.com/collections/beautiful-aging-care | BT10: 修復明顯脫髮 | BU10: 呂Ryo以獨有的「頭皮科學」研究經驗融合韓方成分進行產品研發，解決顧客的頭皮困擾、實現頭皮的最佳均衡狀態。 | BV10: summary_large_image | BW10: 5 | BX10: https://ryo-hk.myshopify.com/collections/beautiful-aging-care | BY10: 2025-07-21 15:12:14
A11: https://ryo-hk.myshopify.com/collections/bestseller-item | B11: Product List | C11: text/html; charset=utf-8 | D11: 200 | E11: OK | F11: Indexable | H11: BEST SELLER ITEM l RYO HK | I11: 25 | J11: 255 | K11: 给大家介绍一下厉的畅销单品 | L11: 13 | M11: 182 | Q11: 0 | S11: 0 | Y11: https://ryo-hk.myshopify.com/collections/bestseller-item | AN11: 1 | AP11: 4 | AQ11: 1 | AR11: 0 | AS11: 1.52 | AT11: 53 | AU11: 23 | AV11: 0 | BJ11: 1.1 | BK11: BEST SELLER ITEM l RYO HK | BL11: 给大家介绍一下厉的畅销单品 | BM11: website | BN11: RYO HK | BO11: http://ryo-hk.myshopify.com/cdn/shop/files/ryo_og_image.jpg?v=1749606307 | BP11: https://ryo-hk.myshopify.com/cdn/shop/files/ryo_og_image.jpg?v=1749606307 | BQ11: 1920 | BR11: 1110 | BS11: https://ryo-hk.myshopify.com/collections/bestseller-item | BT11: BEST SELLER ITEM l RYO HK | BU11: 给大家介绍一下厉的畅销单品 | BV11: summary_large_image | BW11: 5 | BX11: https://ryo-hk.myshopify.com/collections/bestseller-item | BY11: 2025-07-21 15:12:39
A12: https://ryo-hk.myshopify.com/collections/conditioner-treatment | B12: Product List | C12: text/html; charset=utf-8 | D12: 200 | E12: OK | F12: Indexable | H12: 護髮精華素及潤髮乳 | I12: 9 | J12: 180 | L12: 0 | M12: 0 | Q12: 0 | S12: 0 | Y12: https://ryo-hk.myshopify.com/collections/conditioner-treatment | AM12: 1 | AN12: 1 | AP12: 135 | AQ12: 65 | AR12: 0 | AS12: 98.48 | AT12: 55 | AU12: 22 | AV12: 0 | BJ12: 1.1 | BK12: 護髮精華素及潤髮乳 | BL12: 呂Ryo以獨有的「頭皮科學」研究經驗融合韓方成分進行產品研發，解決顧客的頭皮困擾、實現頭皮的最佳均衡狀態。 | BM12: website | BN12: RYO HK | BO12: http://ryo-hk.myshopify.com/cdn/shop/files/ryo_og_image.jpg?v=1749606307 | BP12: https://ryo-hk.myshopify.com/cdn/shop/files/ryo_og_image.jpg?v=1749606307 | BQ12: 1920 | BR12: 1110 | BS12: https://ryo-hk.myshopify.com/collections/conditioner-treatment | BT12: 護髮精華素及潤髮乳 | BU12: 呂Ryo以獨有的「頭皮科學」研究經驗融合韓方成分進行產品研發，解決顧客的頭皮困擾、實現頭皮的最佳均衡狀態。 | BV12: summary_large_image | BW12: 5 | BX12: https://ryo-hk.myshopify.com/collections/conditioner-treatment | BY12: 2025-07-21 15:12:14
A13: https://ryo-hk.myshopify.com/collections/damage_care_line | B13: Product List | C13: text/html; charset=utf-8 | D13: 200 | E13: OK | F13: Indexable | H13: 呂 韓方修護系列 受損髮質適用 | I13: 15 | J13: 274 | K13: 針對極度髮受損髮質，瞬間修復集中滋養，減少 38% 打結髮絲，重拾絲滑柔順，強健髮絲增加光澤 | L13: 46 | M13: 611 | Q13: 0 | S13: 0 | Y13: https://ryo-hk.myshopify.com/collections/damage_care_line | AN13: 1 | AP13: 4 | AQ13: 1 | AR13: 0 | AS13: 1.52 | AT13: 53 | AU13: 23 | AV13: 0 | BJ13: 1.1 | BK13: 呂 韓方修護系列 受損髮質適用 | BL13: 針對極度髮受損髮質，瞬間修復集中滋養，減少 38% 打結髮絲，重拾絲滑柔順，強健髮絲增加光澤 | BM13: website | BN13: RYO HK | BO13: http://ryo-hk.myshopify.com/cdn/shop/files/ryo_og_image.jpg?v=1749606307 | BP13: https://ryo-hk.myshopify.com/cdn/shop/files/ryo_og_image.jpg?v=1749606307 | BQ13: 1920 | BR13: 1110 | BS13: https://ryo-hk.myshopify.com/collections/damage_care_line | BT13: 呂 韓方修護系列 受損髮質適用 | BU13: 針對極度髮受損髮質，瞬間修復集中滋養，減少 38% 打結髮絲，重拾絲滑柔順，強健髮絲增加光澤 | BV13: summary_large_image | BW13: 5 | BX13: https://ryo-hk.myshopify.com/collections/damage_care_line | BY13: 2025-07-21 15:12:36
A14: https://ryo-hk.myshopify.com/collections/damage-care | B14: Product List | C14: text/html; charset=utf-8 | D14: 200 | E14: OK | F14: Indexable | H14: 修護受損髮質 | I14: 6 | J14: 120 | L14: 0 | M14: 0 | Q14: 0 | S14: 0 | Y14: https://ryo-hk.myshopify.com/collections/damage-care | AM14: 1 | AN14: 1 | AP14: 135 | AQ14: 65 | AR14: 0 | AS14: 98.48 | AT14: 55 | AU14: 22 | AV14: 0 | BJ14: 1.1 | BK14: 修護受損髮質 | BL14: 呂Ryo以獨有的「頭皮科學」研究經驗融合韓方成分進行產品研發，解決顧客的頭皮困擾、實現頭皮的最佳均衡狀態。 | BM14: website | BN14: RYO HK | BO14: http://ryo-hk.myshopify.com/cdn/shop/files/ryo_og_image.jpg?v=1749606307 | BP14: https://ryo-hk.myshopify.com/cdn/shop/files/ryo_og_image.jpg?v=1749606307 | BQ14: 1920 | BR14: 1110 | BS14: https://ryo-hk.myshopify.com/collections/damage-care | BT14: 修護受損髮質 | BU14: 呂Ryo以獨有的「頭皮科學」研究經驗融合韓方成分進行產品研發，解決顧客的頭皮困擾、實現頭皮的最佳均衡狀態。 | BV14: summary_large_image | BW14: 5 | BX14: https://ryo-hk.myshopify.com/collections/damage-care | BY14: 2025-07-21 15:12:10
A15: https://ryo-hk.myshopify.com/collections/essence | B15: Product List | C15: text/html; charset=utf-8 | D15: 200 | E15: OK | F15: Indexable | H15: 防脫髮精華 | I15: 5 | J15: 100 | L15: 0 | M15: 0 | Q15: 0 | S15: 0 | Y15: https://ryo-hk.myshopify.com/collections/essence | AM15: 1 | AN15: 1 | AP15: 135 | AQ15: 65 | AR15: 0 | AS15: 98.48 | AT15: 55 | AU15: 22 | AV15: 0 | BJ15: 1.1 | BK15: 防脫髮精華 | BL15: 呂Ryo以獨有的「頭皮科學」研究經驗融合韓方成分進行產品研發，解決顧客的頭皮困擾、實現頭皮的最佳均衡狀態。 | BM15: website | BN15: RYO HK | BO15: http://ryo-hk.myshopify.com/cdn/shop/files/ryo_og_image.jpg?v=1749606307 | BP15: https://ryo-hk.myshopify.com/cdn/shop/files/ryo_og_image.jpg?v=1749606307 | BQ15: 1920 | BR15: 1110 | BS15: https://ryo-hk.myshopify.com/collections/essence | BT15: 防脫髮精華 | BU15: 呂Ryo以獨有的「頭皮科學」研究經驗融合韓方成分進行產品研發，解決顧客的頭皮困擾、實現頭皮的最佳均衡狀態。 | BV15: summary_large_image | BW15: 5 | BX15: https://ryo-hk.myshopify.com/collections/essence | BY15: 2025-07-21 15:12:07
A16: https://ryo-hk.myshopify.com/collections/frontpage | B16: Product List | C16: text/html; charset=utf-8 | D16: 200 | E16: OK | F16: Indexable | H16: Home page | I16: 9 | J16: 103 | L16: 0 | M16: 0 | Q16: 0 | S16: 0 | Y16: https://ryo-hk.myshopify.com/collections/frontpage | AN16: 1 | AP16: 5 | AQ16: 1 | AR16: 0 | AS16: 1.52 | AT16: 54 | AU16: 23 | AV16: 0 | BJ16: 1.1 | BK16: Home page | BL16: 呂Ryo以獨有的「頭皮科學」研究經驗融合韓方成分進行產品研發，解決顧客的頭皮困擾、實現頭皮的最佳均衡狀態。 | BM16: website | BN16: RYO HK | BO16: http://ryo-hk.myshopify.com/cdn/shop/files/ryo_og_image.jpg?v=1749606307 | BP16: https://ryo-hk.myshopify.com/cdn/shop/files/ryo_og_image.jpg?v=1749606307 | BQ16: 1920 | BR16: 1110 | BS16: https://ryo-hk.myshopify.com/collections/frontpage | BT16: Home page | BU16: 呂Ryo以獨有的「頭皮科學」研究經驗融合韓方成分進行產品研發，解決顧客的頭皮困擾、實現頭皮的最佳均衡狀態。 | BV16: summary_large_image | BW16: 5 | BX16: https://ryo-hk.myshopify.com/collections/frontpage | BY16: 2025-07-21 15:12:41
A17: https://ryo-hk.myshopify.com/collections/hair-cushion | B17: Product List | C17: text/html; charset=utf-8 | D17: 200 | E17: OK | F17: Indexable | H17: 焗髮遮瑕氣墊棒 | I17: 7 | J17: 140 | L17: 0 | M17: 0 | Q17: 0 | S17: 0 | Y17: https://ryo-hk.myshopify.com/collections/hair-cushion | AM17: 1 | AN17: 1 | AP17: 266 | AQ17: 65 | AR17: 0 | AS17: 98.48 | AT17: 55 | AU17: 22 | AV17: 0 | BJ17: 1.1 | BK17: 焗髮遮瑕氣墊棒 | BL17: 呂Ryo以獨有的「頭皮科學」研究經驗融合韓方成分進行產品研發，解決顧客的頭皮困擾、實現頭皮的最佳均衡狀態。 | BM17: website | BN17: RYO HK | BO17: http://ryo-hk.myshopify.com/cdn/shop/files/ryo_og_image.jpg?v=1749606307 | BP17: https://ryo-hk.myshopify.com/cdn/shop/files/ryo_og_image.jpg?v=1749606307 | BQ17: 1920 | BR17: 1110 | BS17: https://ryo-hk.myshopify.com/collections/hair-cushion | BT17: 焗髮遮瑕氣墊棒 | BU17: 呂Ryo以獨有的「頭皮科學」研究經驗融合韓方成分進行產品研發，解決顧客的頭皮困擾、實現頭皮的最佳均衡狀態。 | BV17: summary_large_image | BW17: 5 | BX17: https://ryo-hk.myshopify.com/collections/hair-cushion | BY17: 2025-07-21 15:12:08
A18: https://ryo-hk.myshopify.com/collections/hairloss_expert_line | B18: Product List | C18: text/html; charset=utf-8 | D18: 200 | E18: OK | F18: Indexable | H18: 呂 韓參滋養防脫髮系列 | I18: 11 | J18: 207 | K18: 以獨家Ginsen9EX™防脫專利技術萃取高濃度韓國人蔘精華，修復受損頭皮，強韌保護髮根，養護濃密秀髮 | L18: 51 | M18: 659 | Q18: 0 | S18: 0 | Y18: https://ryo-hk.myshopify.com/collections/hairloss_expert_line | AN18: 1 | AP18: 4 | AQ18: 1 | AR18: 0 | AS18: 1.52 | AT18: 53 | AU18: 23 | AV18: 0 | BJ18: 1.1 | BK18: 呂 韓參滋養防脫髮系列 | BL18: 以獨家Ginsen9EX™防脫專利技術萃取高濃度韓國人蔘精華，修復受損頭皮，強韌保護髮根，養護濃密秀髮 | BM18: website | BN18: RYO HK | BO18: http://ryo-hk.myshopify.com/cdn/shop/files/ryo_og_image.jpg?v=1749606307 | BP18: https://ryo-hk.myshopify.com/cdn/shop/files/ryo_og_image.jpg?v=1749606307 | BQ18: 1920 | BR18: 1110 | BS18: https://ryo-hk.myshopify.com/collections/hairloss_expert_line | BT18: 呂 韓參滋養防脫髮系列 | BU18: 以獨家Ginsen9EX™防脫專利技術萃取高濃度韓國人蔘精華，修復受損頭皮，強韌保護髮根，養護濃密秀髮 | BV18: summary_large_image | BW18: 5 | BX18: https://ryo-hk.myshopify.com/collections/hairloss_expert_line | BY18: 2025-07-21 15:12:35
A19: https://ryo-hk.myshopify.com/collections/hair-loss-care | B19: Product List | C19: text/html; charset=utf-8 | D19: 200 | E19: OK | F19: Indexable | H19: 防護早期脫髮 | I19: 6 | J19: 120 | L19: 0 | M19: 0 | Q19: 0 | S19: 0 | Y19: https://ryo-hk.myshopify.com/collections/hair-loss-care | AM19: 1 | AN19: 1 | AP19: 273 | AQ19: 65 | AR19: 0 | AS19: 98.48 | AT19: 55 | AU19: 22 | AV19: 0 | BJ19: 1.1 | BK19: 防護早期脫髮 | BL19: 呂Ryo以獨有的「頭皮科學」研究經驗融合韓方成分進行產品研發，解決顧客的頭皮困擾、實現頭皮的最佳均衡狀態。 | BM19: website | BN19: RYO HK | BO19: http://ryo-hk.myshopify.com/cdn/shop/files/ryo_og_image.jpg?v=1749606307 | BP19: https://ryo-hk.myshopify.com/cdn/shop/files/ryo_og_image.jpg?v=1749606307 | BQ19: 1920 | BR19: 1110 | BS19: https://ryo-hk.myshopify.com/collections/hair-loss-care | BT19: 防護早期脫髮 | BU19: 呂Ryo以獨有的「頭皮科學」研究經驗融合韓方成分進行產品研發，解決顧客的頭皮困擾、實現頭皮的最佳均衡狀態。 | BV19: summary_large_image | BW19: 5 | BX19: https://ryo-hk.myshopify.com/collections/hair-loss-care | BY19: 2025-07-21 15:12:16
A20: https://ryo-hk.myshopify.com/collections/hair-strengthen-volume | B20: Product List | C20: text/html; charset=utf-8 | D20: 200 | E20: OK | F20: Indexable | H20: 豐盈幼弱扁塌髮質 | I20: 8 | J20: 160 | L20: 0 | M20: 0 | Q20: 0 | S20: 0 | Y20: https://ryo-hk.myshopify.com/collections/hair-strengthen-volume | AM20: 1 | AN20: 1 | AP20: 135 | AQ20: 65 | AR20: 0 | AS20: 98.48 | AT20: 55 | AU20: 22 | AV20: 0 | BJ20: 1.1 | BK20: 豐盈幼弱扁塌髮質 | BL20: 呂Ryo以獨有的「頭皮科學」研究經驗融合韓方成分進行產品研發，解決顧客的頭皮困擾、實現頭皮的最佳均衡狀態。 | BM20: website | BN20: RYO HK | BO20: http://ryo-hk.myshopify.com/cdn/shop/files/ryo_og_image.jpg?v=1749606307 | BP20: https://ryo-hk.myshopify.com/cdn/shop/files/ryo_og_image.jpg?v=1749606307 | BQ20: 1920 | BR20: 1110 | BS20: https://ryo-hk.myshopify.com/collections/hair-strengthen-volume | BT20: 豐盈幼弱扁塌髮質 | BU20: 呂Ryo以獨有的「頭皮科學」研究經驗融合韓方成分進行產品研發，解決顧客的頭皮困擾、實現頭皮的最佳均衡狀態。 | BV20: summary_large_image | BW20: 5 | BX20: https://ryo-hk.myshopify.com/collections/hair-strengthen-volume | BY20: 2025-07-21 15:12:17
A21: https://ryo-hk.myshopify.com/collections/products | B21: Product List | C21: text/html; charset=utf-8 | D21: 200 | E21: OK | F21: Indexable | H21: products | I21: 8 | J21: 78 | L21: 0 | M21: 0 | Q21: 0 | S21: 0 | Y21: https://ryo-hk.myshopify.com/collections/products | AN21: 1 | AP21: 4 | AQ21: 1 | AR21: 0 | AS21: 1.52 | AT21: 55 | AU21: 24 | AV21: 0 | BJ21: 1.1 | BK21: products | BL21: 呂Ryo以獨有的「頭皮科學」研究經驗融合韓方成分進行產品研發，解決顧客的頭皮困擾、實現頭皮的最佳均衡狀態。 | BM21: website | BN21: RYO HK | BO21: http://ryo-hk.myshopify.com/cdn/shop/files/ryo_og_image.jpg?v=1749606307 | BP21: https://ryo-hk.myshopify.com/cdn/shop/files/ryo_og_image.jpg?v=1749606307 | BQ21: 1920 | BR21: 1110 | BS21: https://ryo-hk.myshopify.com/collections/products | BT21: products | BU21: 呂Ryo以獨有的「頭皮科學」研究經驗融合韓方成分進行產品研發，解決顧客的頭皮困擾、實現頭皮的最佳均衡狀態。 | BV21: summary_large_image | BW21: 5 | BX21: https://ryo-hk.myshopify.com/collections/products | BY21: 2025-07-21 15:12:36
A22: https://ryo-hk.myshopify.com/collections/products?page=2 | B22: Product List | C22: text/html; charset=utf-8 | D22: 200 | E22: OK | F22: Indexable | H22: products | I22: 8 | J22: 78 | L22: 0 | M22: 0 | Q22: 0 | S22: 0 | Y22: https://ryo-hk.myshopify.com/collections/products?page=2 | AN22: 1 | AP22: 4 | AQ22: 1 | AR22: 0 | AS22: 1.52 | AT22: 55 | AU22: 24 | AV22: 0 | BJ22: 1.1 | BK22: products | BL22: 呂Ryo以獨有的「頭皮科學」研究經驗融合韓方成分進行產品研發，解決顧客的頭皮困擾、實現頭皮的最佳均衡狀態。 | BM22: website | BN22: RYO HK | BO22: http://ryo-hk.myshopify.com/cdn/shop/files/ryo_og_image.jpg?v=1749606307 | BP22: https://ryo-hk.myshopify.com/cdn/shop/files/ryo_og_image.jpg?v=1749606307 | BQ22: 1920 | BR22: 1110 | BS22: https://ryo-hk.myshopify.com/collections/products?page=2 | BT22: products | BU22: 呂Ryo以獨有的「頭皮科學」研究經驗融合韓方成分進行產品研發，解決顧客的頭皮困擾、實現頭皮的最佳均衡狀態。 | BV22: summary_large_image | BW22: 5 | BX22: https://ryo-hk.myshopify.com/collections/products?page=2 | BY22: 2025-07-21 15:12:37
A23: https://ryo-hk.myshopify.com/collections/scalp-deep-cleansing | B23: Product List | C23: text/html; charset=utf-8 | D23: 200 | E23: OK | F23: Indexable | H23: 深層潔淨油性髮質 | I23: 8 | J23: 160 | L23: 0 | M23: 0 | Q23: 0 | S23: 0 | Y23: https://ryo-hk.myshopify.com/collections/scalp-deep-cleansing | AM23: 1 | AN23: 1 | AP23: 135 | AQ23: 65 | AR23: 0 | AS23: 98.48 | AT23: 55 | AU23: 22 | AV23: 0 | BJ23: 1.1 | BK23: 深層潔淨油性髮質 | BL23: 呂Ryo以獨有的「頭皮科學」研究經驗融合韓方成分進行產品研發，解決顧客的頭皮困擾、實現頭皮的最佳均衡狀態。 | BM23: website | BN23: RYO HK | BO23: http://ryo-hk.myshopify.com/cdn/shop/files/ryo_og_image.jpg?v=1749606307 | BP23: https://ryo-hk.myshopify.com/cdn/shop/files/ryo_og_image.jpg?v=1749606307 | BQ23: 1920 | BR23: 1110 | BS23: https://ryo-hk.myshopify.com/collections/scalp-deep-cleansing | BT23: 深層潔淨油性髮質 | BU23: 呂Ryo以獨有的「頭皮科學」研究經驗融合韓方成分進行產品研發，解決顧客的頭皮困擾、實現頭皮的最佳均衡狀態。 | BV23: summary_large_image | BW23: 5 | BX23: https://ryo-hk.myshopify.com/collections/scalp-deep-cleansing | BY23: 2025-07-21 15:12:09
A24: https://ryo-hk.myshopify.com/collections/shampoo | B24: Product List | C24: text/html; charset=utf-8 | D24: 200 | E24: OK | F24: Indexable | H24: 洗髮液 | I24: 3 | J24: 60 | K24: 古法韓方預防掉髮，蘊含高濃縮韓方珍貴草藥成分， 「蔘」入頭皮髮根，滋養頭皮毛孔，髮根強韌如蔘， 潤黑髮色，改善明顯脫髮問題 | L24: 61 | M24: 836 | Q24: 0 | S24: 0 | Y24: https://ryo-hk.myshopify.com/collections/shampoo | AM24: 1 | AN24: 1 | AP24: 410 | AQ24: 65 | AR24: 0 | AS24: 98.48 | AT24: 55 | AU24: 22 | AV24: 0 | BJ24: 1.1 | BK24: 洗髮液 | BL24: 古法韓方預防掉髮，蘊含高濃縮韓方珍貴草藥成分， 「蔘」入頭皮髮根，滋養頭皮毛孔，髮根強韌如蔘， 潤黑髮色，改善明顯脫髮問題 | BM24: website | BN24: RYO HK | BO24: http://ryo-hk.myshopify.com/cdn/shop/collections/ryo_og_image.jpg?v=1751259424 | BP24: https://ryo-hk.myshopify.com/cdn/shop/collections/ryo_og_image.jpg?v=1751259424 | BQ24: 1920 | BR24: 1110 | BS24: https://ryo-hk.myshopify.com/collections/shampoo | BT24: 洗髮液 | BU24: 古法韓方預防掉髮，蘊含高濃縮韓方珍貴草藥成分， 「蔘」入頭皮髮根，滋養頭皮毛孔，髮根強韌如蔘， 潤黑髮色，改善明顯脫髮問題 | BV24: summary_large_image | BW24: 5 | BX24: https://ryo-hk.myshopify.com/collections/shampoo | BY24: 2025-07-21 15:12:16
A25: https://ryo-hk.myshopify.com/collections/super-revital | B25: Product List | C25: text/html; charset=utf-8 | D25: 200 | E25: OK | F25: Indexable | H25: 改善易斷髮絲 | I25: 6 | J25: 120 | L25: 0 | M25: 0 | Q25: 0 | S25: 0 | Y25: https://ryo-hk.myshopify.com/collections/super-revital | AM25: 1 | AN25: 1 | AP25: 135 | AQ25: 65 | AR25: 0 | AS25: 98.48 | AT25: 55 | AU25: 22 | AV25: 0 | BJ25: 1.1 | BK25: 改善易斷髮絲 | BL25: 呂Ryo以獨有的「頭皮科學」研究經驗融合韓方成分進行產品研發，解決顧客的頭皮困擾、實現頭皮的最佳均衡狀態。 | BM25: website | BN25: RYO HK | BO25: http://ryo-hk.myshopify.com/cdn/shop/files/ryo_og_image.jpg?v=1749606307 | BP25: https://ryo-hk.myshopify.com/cdn/shop/files/ryo_og_image.jpg?v=1749606307 | BQ25: 1920 | BR25: 1110 | BS25: https://ryo-hk.myshopify.com/collections/super-revital | BT25: 改善易斷髮絲 | BU25: 呂Ryo以獨有的「頭皮科學」研究經驗融合韓方成分進行產品研發，解決顧客的頭皮困擾、實現頭皮的最佳均衡狀態。 | BV25: summary_large_image | BW25: 5 | BX25: https://ryo-hk.myshopify.com/collections/super-revital | BY25: 2025-07-21 15:12:08
A26: https://ryo-hk.myshopify.com/collections/呂-極蔘潤黑防脫髮系列 | B26: Product List | C26: text/html; charset=utf-8 | D26: 200 | E26: OK | F26: Indexable | H26: 呂 極蔘潤黑防脫髮系列 | I26: 11 | J26: 207 | L26: 0 | M26: 0 | Q26: 0 | S26: 0 | Y26: https://ryo-hk.myshopify.com/collections/呂-極蔘潤黑防脫髮系列 | AN26: 1 | AP26: 4 | AQ26: 1 | AR26: 0 | AS26: 1.52 | AT26: 53 | AU26: 23 | AV26: 0 | BJ26: 1.1 | BK26: 呂 極蔘潤黑防脫髮系列 | BL26: 呂Ryo以獨有的「頭皮科學」研究經驗融合韓方成分進行產品研發，解決顧客的頭皮困擾、實現頭皮的最佳均衡狀態。 | BM26: website | BN26: RYO HK | BO26: http://ryo-hk.myshopify.com/cdn/shop/files/ryo_og_image.jpg?v=1749606307 | BP26: https://ryo-hk.myshopify.com/cdn/shop/files/ryo_og_image.jpg?v=1749606307 | BQ26: 1920 | BR26: 1110 | BS26: https://ryo-hk.myshopify.com/collections/%e5%91%82-%e6%a5%b5%e8%94%98%e6%bd%a4%e9%bb%91%e9%98%b2%e8%84%ab%e9%ab%ae%e7%b3%bb%e5%88%97 | BT26: 呂 極蔘潤黑防脫髮系列 | BU26: 呂Ryo以獨有的「頭皮科學」研究經驗融合韓方成分進行產品研發，解決顧客的頭皮困擾、實現頭皮的最佳均衡狀態。 | BV26: summary_large_image | BW26: 5 | BX26: https://ryo-hk.myshopify.com/collections/%E5%91%82-%E6%A5%B5%E8%94%98%E6%BD%A4%E9%BB%91%E9%98%B2%E8%84%AB%E9%AB%AE%E7%B3%BB%E5%88%97 | BY26: 2025-07-21 15:12:38
A27: https://ryo-hk.myshopify.com/collections/呂-韓方修護系列-受損髮質適用 | B27: Product List | C27: text/html; charset=utf-8 | D27: 200 | E27: OK | F27: Indexable | H27: 呂 韓方修護系列 受損髮質適用 | I27: 15 | J27: 274 | L27: 0 | M27: 0 | Q27: 0 | S27: 0 | Y27: https://ryo-hk.myshopify.com/collections/呂-韓方修護系列-受損髮質適用 | AN27: 1 | AP27: 4 | AQ27: 1 | AR27: 0 | AS27: 1.52 | AT27: 53 | AU27: 23 | AV27: 0 | BJ27: 1.1 | BK27: 呂 韓方修護系列 受損髮質適用 | BL27: 呂Ryo以獨有的「頭皮科學」研究經驗融合韓方成分進行產品研發，解決顧客的頭皮困擾、實現頭皮的最佳均衡狀態。 | BM27: website | BN27: RYO HK | BO27: http://ryo-hk.myshopify.com/cdn/shop/files/ryo_og_image.jpg?v=1749606307 | BP27: https://ryo-hk.myshopify.com/cdn/shop/files/ryo_og_image.jpg?v=1749606307 | BQ27: 1920 | BR27: 1110 | BS27: https://ryo-hk.myshopify.com/collections/%e5%91%82-%e9%9f%93%e6%96%b9%e4%bf%ae%e8%ad%b7%e7%b3%bb%e5%88%97-%e5%8f%97%e6%90%8d%e9%ab%ae%e8%b3%aa%e9%81%a9%e7%94%a8 | BT27: 呂 韓方修護系列 受損髮質適用 | BU27: 呂Ryo以獨有的「頭皮科學」研究經驗融合韓方成分進行產品研發，解決顧客的頭皮困擾、實現頭皮的最佳均衡狀態。 | BV27: summary_large_image | BW27: 5 | BX27: https://ryo-hk.myshopify.com/collections/%E5%91%82-%E9%9F%93%E6%96%B9%E4%BF%AE%E8%AD%B7%E7%B3%BB%E5%88%97-%E5%8F%97%E6%90%8D%E9%AB%AE%E8%B3%AA%E9%81%A9%E7%94%A8 | BY27: 2025-07-21 15:12:39
A28: https://ryo-hk.myshopify.com/collections/呂-韓方修護系列-油性髮質適用 | B28: Product List | C28: text/html; charset=utf-8 | D28: 200 | E28: OK | F28: Indexable | H28: 呂 韓方修護系列 油性髮質適用 | I28: 15 | J28: 274 | L28: 0 | M28: 0 | Q28: 0 | S28: 0 | Y28: https://ryo-hk.myshopify.com/collections/呂-韓方修護系列-油性髮質適用 | AN28: 1 | AP28: 4 | AQ28: 1 | AR28: 0 | AS28: 1.52 | AT28: 53 | AU28: 23 | AV28: 0 | BJ28: 1.1 | BK28: 呂 韓方修護系列 油性髮質適用 | BL28: 呂Ryo以獨有的「頭皮科學」研究經驗融合韓方成分進行產品研發，解決顧客的頭皮困擾、實現頭皮的最佳均衡狀態。 | BM28: website | BN28: RYO HK | BO28: http://ryo-hk.myshopify.com/cdn/shop/files/ryo_og_image.jpg?v=1749606307 | BP28: https://ryo-hk.myshopify.com/cdn/shop/files/ryo_og_image.jpg?v=1749606307 | BQ28: 1920 | BR28: 1110 | BS28: https://ryo-hk.myshopify.com/collections/%e5%91%82-%e9%9f%93%e6%96%b9%e4%bf%ae%e8%ad%b7%e7%b3%bb%e5%88%97-%e6%b2%b9%e6%80%a7%e9%ab%ae%e8%b3%aa%e9%81%a9%e7%94%a8 | BT28: 呂 韓方修護系列 油性髮質適用 | BU28: 呂Ryo以獨有的「頭皮科學」研究經驗融合韓方成分進行產品研發，解決顧客的頭皮困擾、實現頭皮的最佳均衡狀態。 | BV28: summary_large_image | BW28: 5 | BX28: https://ryo-hk.myshopify.com/collections/%E5%91%82-%E9%9F%93%E6%96%B9%E4%BF%AE%E8%AD%B7%E7%B3%BB%E5%88%97-%E6%B2%B9%E6%80%A7%E9%AB%AE%E8%B3%AA%E9%81%A9%E7%94%A8 | BY28: 2025-07-21 15:12:40
A29: https://ryo-hk.myshopify.com/collections/呂-韓蔘靈芝亮澤強韌洗髮液 | B29: Product List | C29: text/html; charset=utf-8 | D29: 200 | E29: OK | F29: Indexable | H29: 呂 韓蔘靈芝亮澤強韌洗髮液 | I29: 13 | J29: 247 | L29: 0 | M29: 0 | Q29: 0 | S29: 0 | Y29: https://ryo-hk.myshopify.com/collections/呂-韓蔘靈芝亮澤強韌洗髮液 | AN29: 1 | AP29: 4 | AQ29: 1 | AR29: 0 | AS29: 1.52 | AT29: 53 | AU29: 23 | AV29: 0 | BJ29: 1.1 | BK29: 呂 韓蔘靈芝亮澤強韌洗髮液 | BL29: 呂Ryo以獨有的「頭皮科學」研究經驗融合韓方成分進行產品研發，解決顧客的頭皮困擾、實現頭皮的最佳均衡狀態。 | BM29: website | BN29: RYO HK | BO29: http://ryo-hk.myshopify.com/cdn/shop/files/ryo_og_image.jpg?v=1749606307 | BP29: https://ryo-hk.myshopify.com/cdn/shop/files/ryo_og_image.jpg?v=1749606307 | BQ29: 1920 | BR29: 1110 | BS29: https://ryo-hk.myshopify.com/collections/%e5%91%82-%e9%9f%93%e8%94%98%e9%9d%88%e8%8a%9d%e4%ba%ae%e6%be%a4%e5%bc%b7%e9%9f%8c%e6%b4%97%e9%ab%ae%e6%b6%b2 | BT29: 呂 韓蔘靈芝亮澤強韌洗髮液 | BU29: 呂Ryo以獨有的「頭皮科學」研究經驗融合韓方成分進行產品研發，解決顧客的頭皮困擾、實現頭皮的最佳均衡狀態。 | BV29: summary_large_image | BW29: 5 | BX29: https://ryo-hk.myshopify.com/collections/%E5%91%82-%E9%9F%93%E8%94%98%E9%9D%88%E8%8A%9D%E4%BA%AE%E6%BE%A4%E5%BC%B7%E9%9F%8C%E6%B4%97%E9%AB%AE%E6%B6%B2 | BY29: 2025-07-21 15:12:37
A30: https://ryo-hk.myshopify.com/collections/呂-韓參滋養防脫髮系列 | B30: Product List | C30: text/html; charset=utf-8 | D30: 200 | E30: OK | F30: Indexable | H30: 呂 韓參滋養防脫髮系列 | I30: 11 | J30: 207 | L30: 0 | M30: 0 | Q30: 0 | S30: 0 | Y30: https://ryo-hk.myshopify.com/collections/呂-韓參滋養防脫髮系列 | AN30: 1 | AP30: 4 | AQ30: 1 | AR30: 0 | AS30: 1.52 | AT30: 53 | AU30: 23 | AV30: 0 | BJ30: 1.1 | BK30: 呂 韓參滋養防脫髮系列 | BL30: 呂Ryo以獨有的「頭皮科學」研究經驗融合韓方成分進行產品研發，解決顧客的頭皮困擾、實現頭皮的最佳均衡狀態。 | BM30: website | BN30: RYO HK | BO30: http://ryo-hk.myshopify.com/cdn/shop/files/ryo_og_image.jpg?v=1749606307 | BP30: https://ryo-hk.myshopify.com/cdn/shop/files/ryo_og_image.jpg?v=1749606307 | BQ30: 1920 | BR30: 1110 | BS30: https://ryo-hk.myshopify.com/collections/%e5%91%82-%e9%9f%93%e5%8f%83%e6%bb%8b%e9%a4%8a%e9%98%b2%e8%84%ab%e9%ab%ae%e7%b3%bb%e5%88%97 | BT30: 呂 韓參滋養防脫髮系列 | BU30: 呂Ryo以獨有的「頭皮科學」研究經驗融合韓方成分進行產品研發，解決顧客的頭皮困擾、實現頭皮的最佳均衡狀態。 | BV30: summary_large_image | BW30: 5 | BX30: https://ryo-hk.myshopify.com/collections/%E5%91%82-%E9%9F%93%E5%8F%83%E6%BB%8B%E9%A4%8A%E9%98%B2%E8%84%AB%E9%AB%AE%E7%B3%BB%E5%88%97 | BY30: 2025-07-21 15:12:40
A31: https://ryo-hk.myshopify.com/hk/zh/util/privacy-policy/privacy-policy.html | B31: Page (No PLP / PDP) | C31: text/html; charset=utf-8 | D31: 404 | E31: Not Found | F31: Non-Indexable | G31: Client Error | I31: 0 | J31: 0 | L31: 0 | M31: 0 | Q31: 0 | S31: 0 | AM31: 2 | AN31: 4 | AP31: 1 | AQ31: 1 | AR31: 0 | AS31: 1.52 | AT31: 0 | AU31: 0 | AV31: 0 | BJ31: 1.1 | BX31: https://ryo-hk.myshopify.com/hk/zh/util/privacy-policy/privacy-policy.html | BY31: 2025-07-21 15:12:23
A32: https://ryo-hk.myshopify.com/pages/brand-ginseng | B32: Page (No PLP / PDP) | C32: text/html; charset=utf-8 | D32: 200 | E32: OK | F32: Indexable | H32: 高麗人蔘 | RYO Hong Kong | I32: 20 | J32: 242 | L32: 0 | M32: 0 | P32: 呂的故事 | Q32: 4 | S32: 0 | Y32: https://ryo-hk.myshopify.com/pages/brand-ginseng | AM32: 2 | AN32: 1 | AP32: 9 | AQ32: 5 | AR32: 0 | AS32: 7.58 | AT32: 57 | AU32: 26 | AV32: 0 | BJ32: 1.1 | BK32: 高麗人蔘 | RYO Hong Kong | BL32: 呂Ryo以獨有的「頭皮科學」研究經驗融合韓方成分進行產品研發，解決顧客的頭皮困擾、實現頭皮的最佳均衡狀態。 | BM32: website | BN32: RYO HK | BO32: http://ryo-hk.myshopify.com/cdn/shop/files/ryo_og_image.jpg?v=1749606307 | BP32: https://ryo-hk.myshopify.com/cdn/shop/files/ryo_og_image.jpg?v=1749606307 | BQ32: 1920 | BR32: 1110 | BS32: https://ryo-hk.myshopify.com/pages/brand-ginseng | BT32: 高麗人蔘 | RYO Hong Kong | BU32: 呂Ryo以獨有的「頭皮科學」研究經驗融合韓方成分進行產品研發，解決顧客的頭皮困擾、實現頭皮的最佳均衡狀態。 | BV32: summary_large_image | BW32: 1 | BX32: https://ryo-hk.myshopify.com/pages/brand-ginseng | BY32: 2025-07-21 15:12:25
A33: https://ryo-hk.myshopify.com/pages/brand-heukyun | B33: Page (No PLP / PDP) | C33: text/html; charset=utf-8 | D33: 200 | E33: OK | F33: Indexable | H33: 黑潤生氣 | RYO Hong Kong | I33: 20 | J33: 242 | L33: 0 | M33: 0 | P33: 呂的故事 | Q33: 4 | S33: 0 | Y33: https://ryo-hk.myshopify.com/pages/brand-heukyun | AM33: 2 | AN33: 1 | AP33: 9 | AQ33: 5 | AR33: 0 | AS33: 7.58 | AT33: 57 | AU33: 26 | AV33: 0 | BJ33: 1.1 | BK33: 黑潤生氣 | RYO Hong Kong | BL33: 呂Ryo以獨有的「頭皮科學」研究經驗融合韓方成分進行產品研發，解決顧客的頭皮困擾、實現頭皮的最佳均衡狀態。 | BM33: website | BN33: RYO HK | BO33: http://ryo-hk.myshopify.com/cdn/shop/files/ryo_og_image.jpg?v=1749606307 | BP33: https://ryo-hk.myshopify.com/cdn/shop/files/ryo_og_image.jpg?v=1749606307 | BQ33: 1920 | BR33: 1110 | BS33: https://ryo-hk.myshopify.com/pages/brand-heukyun | BT33: 黑潤生氣 | RYO Hong Kong | BU33: 呂Ryo以獨有的「頭皮科學」研究經驗融合韓方成分進行產品研發，解決顧客的頭皮困擾、實現頭皮的最佳均衡狀態。 | BV33: summary_large_image | BW33: 1 | BX33: https://ryo-hk.myshopify.com/pages/brand-heukyun | BY33: 2025-07-21 15:12:26
A34: https://ryo-hk.myshopify.com/pages/brand-philosophy | B34: Page (No PLP / PDP) | C34: text/html; charset=utf-8 | D34: 200 | E34: OK | F34: Indexable | H34: 美的呂程 | RYO Hong Kong | I34: 20 | J34: 242 | L34: 0 | M34: 0 | P34: 呂的故事 | Q34: 4 | S34: 0 | Y34: https://ryo-hk.myshopify.com/pages/brand-philosophy | AM34: 2 | AN34: 1 | AP34: 9 | AQ34: 5 | AR34: 0 | AS34: 7.58 | AT34: 57 | AU34: 26 | AV34: 0 | BJ34: 1.1 | BK34: 美的呂程 | RYO Hong Kong | BL34: 呂Ryo以獨有的「頭皮科學」研究經驗融合韓方成分進行產品研發，解決顧客的頭皮困擾、實現頭皮的最佳均衡狀態。 | BM34: website | BN34: RYO HK | BO34: http://ryo-hk.myshopify.com/cdn/shop/files/ryo_og_image.jpg?v=1749606307 | BP34: https://ryo-hk.myshopify.com/cdn/shop/files/ryo_og_image.jpg?v=1749606307 | BQ34: 1920 | BR34: 1110 | BS34: https://ryo-hk.myshopify.com/pages/brand-philosophy | BT34: 美的呂程 | RYO Hong Kong | BU34: 呂Ryo以獨有的「頭皮科學」研究經驗融合韓方成分進行產品研發，解決顧客的頭皮困擾、實現頭皮的最佳均衡狀態。 | BV34: summary_large_image | BW34: 1 | BX34: https://ryo-hk.myshopify.com/pages/brand-philosophy | BY34: 2025-07-21 15:12:24
A35: https://ryo-hk.myshopify.com/pages/brand-ryo | B35: Page (No PLP / PDP) | C35: text/html; charset=utf-8 | D35: 200 | E35: OK | F35: Indexable | H35: 呂的故事 | RYO Hong Kong | I35: 20 | J35: 242 | L35: 0 | M35: 0 | P35: 呂的故事 | Q35: 4 | S35: 0 | Y35: https://ryo-hk.myshopify.com/pages/brand-ryo | AM35: 1 | AN35: 1 | AP35: 10 | AQ35: 6 | AR35: 0 | AS35: 9.09 | AT35: 57 | AU35: 26 | AV35: 0 | BJ35: 1.1 | BK35: 呂的故事 | RYO Hong Kong | BL35: 呂Ryo以獨有的「頭皮科學」研究經驗融合韓方成分進行產品研發，解決顧客的頭皮困擾、實現頭皮的最佳均衡狀態。 | BM35: website | BN35: RYO HK | BO35: http://ryo-hk.myshopify.com/cdn/shop/files/ryo_og_image.jpg?v=1749606307 | BP35: https://ryo-hk.myshopify.com/cdn/shop/files/ryo_og_image.jpg?v=1749606307 | BQ35: 1920 | BR35: 1110 | BS35: https://ryo-hk.myshopify.com/pages/brand-ryo | BT35: 呂的故事 | RYO Hong Kong | BU35: 呂Ryo以獨有的「頭皮科學」研究經驗融合韓方成分進行產品研發，解決顧客的頭皮困擾、實現頭皮的最佳均衡狀態。 | BV35: summary_large_image | BW35: 1 | BX35: https://ryo-hk.myshopify.com/pages/brand-ryo | BY35: 2025-07-21 15:12:13
A36: https://ryo-hk.myshopify.com/pages/contact | B36: Page (No PLP / PDP) | C36: text/html; charset=utf-8 | D36: 200 | E36: OK | F36: Indexable | H36: Contact | I36: 7 | J36: 70 | L36: 0 | M36: 0 | P36: Contact | Q36: 7 | S36: 0 | Y36: https://ryo-hk.myshopify.com/pages/contact | AN36: 1 | AP36: 4 | AQ36: 1 | AR36: 0 | AS36: 1.52 | AT36: 52 | AU36: 23 | AV36: 0 | BJ36: 1.1 | BK36: Contact | BL36: 呂Ryo以獨有的「頭皮科學」研究經驗融合韓方成分進行產品研發，解決顧客的頭皮困擾、實現頭皮的最佳均衡狀態。 | BM36: website | BN36: RYO HK | BO36: http://ryo-hk.myshopify.com/cdn/shop/files/ryo_og_image.jpg?v=1749606307 | BP36: https://ryo-hk.myshopify.com/cdn/shop/files/ryo_og_image.jpg?v=1749606307 | BQ36: 1920 | BR36: 1110 | BS36: https://ryo-hk.myshopify.com/pages/contact | BT36: Contact | BU36: 呂Ryo以獨有的「頭皮科學」研究經驗融合韓方成分進行產品研發，解決顧客的頭皮困擾、實現頭皮的最佳均衡狀態。 | BV36: summary_large_image | BW36: 1 | BX36: https://ryo-hk.myshopify.com/pages/contact | BY36: 2025-07-21 15:12:32
A37: https://ryo-hk.myshopify.com/pages/ngbw-status | B37: Page (No PLP / PDP) | C37: text/html; charset=utf-8 | D37: 200 | E37: OK | F37: Indexable | H37: NGBW 퍼블리싱 작업 현황판 - RYO | I37: 22 | J37: 208 | L37: 0 | M37: 0 | P37: RYO | Q37: 3 | S37: 0 | Y37: https://ryo-hk.myshopify.com/pages/ngbw-status | AN37: 1 | AP37: 0 | AQ37: 0 | AR37: 0 | AS37: 0 | AT37: 0 | AU37: 0 | AV37: 0 | BJ37: 1.1 | BO37: https://cdn.shopify.com/s/files/1/0927/1558/1747/files/ryo_og_image.jpg?v=1749606307 | BP37: https://cdn.shopify.com/s/files/1/0927/1558/1747/files/ryo_og_image.jpg?v=1749606307 | BQ37: 1920 | BR37: 1110 | BW37: 1 | BX37: https://ryo-hk.myshopify.com/pages/ngbw-status | BY37: 2025-07-21 15:12:32
A38: https://ryo-hk.myshopify.com/pages/product-map | B38: Page (No PLP / PDP) | C38: text/html; charset=utf-8 | D38: 200 | E38: OK | F38: Indexable | H38: 全系列產品 | RYO Hong Kong | I38: 21 | J38: 262 | L38: 0 | M38: 0 | Q38: 0 | S38: 0 | Y38: https://ryo-hk.myshopify.com/pages/product-map | AM38: 1 | AN38: 1 | AP38: 135 | AQ38: 65 | AR38: 0 | AS38: 98.48 | AT38: 71 | AU38: 41 | AV38: 0 | BJ38: 1.1 | BK38: 全系列產品 | RYO Hong Kong | BL38: 呂Ryo以獨有的「頭皮科學」研究經驗融合韓方成分進行產品研發，解決顧客的頭皮困擾、實現頭皮的最佳均衡狀態。 | BM38: website | BN38: RYO HK | BO38: http://ryo-hk.myshopify.com/cdn/shop/files/ryo_og_image.jpg?v=1749606307 | BP38: https://ryo-hk.myshopify.com/cdn/shop/files/ryo_og_image.jpg?v=1749606307 | BQ38: 1920 | BR38: 1110 | BS38: https://ryo-hk.myshopify.com/pages/product-map | BT38: 全系列產品 | RYO Hong Kong | BU38: 呂Ryo以獨有的「頭皮科學」研究經驗融合韓方成分進行產品研發，解決顧客的頭皮困擾、實現頭皮的最佳均衡狀態。 | BV38: summary_large_image | BW38: 0 | BX38: https://ryo-hk.myshopify.com/pages/product-map | BY38: 2025-07-21 15:12:07
A39: https://ryo-hk.myshopify.com/pages/product-story-design | B39: Page (No PLP / PDP) | C39: text/html; charset=utf-8 | D39: 200 | E39: OK | F39: Indexable | H39: 呂的設計 | RYO Hong Kong | I39: 20 | J39: 242 | L39: 0 | M39: 0 | P39: 呂的設計 | Q39: 4 | S39: 0 | Y39: https://ryo-hk.myshopify.com/pages/product-story-design | AM39: 2 | AN39: 1 | AP39: 6 | AQ39: 2 | AR39: 0 | AS39: 3.03 | AT39: 55 | AU39: 23 | AV39: 0 | BJ39: 1.1 | BK39: 呂的設計 | RYO Hong Kong | BL39: 呂Ryo以獨有的「頭皮科學」研究經驗融合韓方成分進行產品研發，解決顧客的頭皮困擾、實現頭皮的最佳均衡狀態。 | BM39: website | BN39: RYO HK | BO39: http://ryo-hk.myshopify.com/cdn/shop/files/ryo_og_image.jpg?v=1749606307 | BP39: https://ryo-hk.myshopify.com/cdn/shop/files/ryo_og_image.jpg?v=1749606307 | BQ39: 1920 | BR39: 1110 | BS39: https://ryo-hk.myshopify.com/pages/product-story-design | BT39: 呂的設計 | RYO Hong Kong | BU39: 呂Ryo以獨有的「頭皮科學」研究經驗融合韓方成分進行產品研發，解決顧客的頭皮困擾、實現頭皮的最佳均衡狀態。 | BV39: summary_large_image | BW39: 1 | BX39: https://ryo-hk.myshopify.com/pages/product-story-design | BY39: 2025-07-21 15:12:24
A40: https://ryo-hk.myshopify.com/pages/product-story-material | B40: Page (No PLP / PDP) | C40: text/html; charset=utf-8 | D40: 200 | E40: OK | F40: Indexable | H40: 韓方原料及產品成分 | RYO Hong Kong | I40: 25 | J40: 342 | L40: 0 | M40: 0 | P40: 韓方原料及產品成分 | Q40: 9 | S40: 0 | Y40: https://ryo-hk.myshopify.com/pages/product-story-material | AM40: 1 | AN40: 1 | AP40: 138 | AQ40: 65 | AR40: 0 | AS40: 98.48 | AT40: 57 | AU40: 23 | AV40: 0 | BJ40: 1.1 | BK40: 韓方原料及產品成分 | RYO Hong Kong | BL40: 呂Ryo以獨有的「頭皮科學」研究經驗融合韓方成分進行產品研發，解決顧客的頭皮困擾、實現頭皮的最佳均衡狀態。 | BM40: website | BN40: RYO HK | BO40: http://ryo-hk.myshopify.com/cdn/shop/files/ryo_og_image.jpg?v=1749606307 | BP40: https://ryo-hk.myshopify.com/cdn/shop/files/ryo_og_image.jpg?v=1749606307 | BQ40: 1920 | BR40: 1110 | BS40: https://ryo-hk.myshopify.com/pages/product-story-material | BT40: 韓方原料及產品成分 | RYO Hong Kong | BU40: 呂Ryo以獨有的「頭皮科學」研究經驗融合韓方成分進行產品研發，解決顧客的頭皮困擾、實現頭皮的最佳均衡狀態。 | BV40: summary_large_image | BW40: 1 | BX40: https://ryo-hk.myshopify.com/pages/product-story-material | BY40: 2025-07-21 15:12:14
A41: https://ryo-hk.myshopify.com/pages/ryo-award | B41: Page (No PLP / PDP) | C41: text/html; charset=utf-8 | D41: 200 | E41: OK | F41: Indexable | H41: 呂獲獎經歷 | RYO Hong Kong | I41: 21 | J41: 262 | L41: 0 | M41: 0 | P41: 韓方高級護髮品牌呂RYO獲獎歷程 | Q41: 16 | S41: 0 | Y41: https://ryo-hk.myshopify.com/pages/ryo-award | AM41: 1 | AN41: 1 | AP41: 136 | AQ41: 65 | AR41: 0 | AS41: 98.48 | AT41: 55 | AU41: 22 | AV41: 0 | BJ41: 1.1 | BK41: 呂獲獎經歷 | RYO Hong Kong | BL41: 呂Ryo以獨有的「頭皮科學」研究經驗融合韓方成分進行產品研發，解決顧客的頭皮困擾、實現頭皮的最佳均衡狀態。 | BM41: website | BN41: RYO HK | BO41: http://ryo-hk.myshopify.com/cdn/shop/files/ryo_og_image.jpg?v=1749606307 | BP41: https://ryo-hk.myshopify.com/cdn/shop/files/ryo_og_image.jpg?v=1749606307 | BQ41: 1920 | BR41: 1110 | BS41: https://ryo-hk.myshopify.com/pages/ryo-award | BT41: 呂獲獎經歷 | RYO Hong Kong | BU41: 呂Ryo以獨有的「頭皮科學」研究經驗融合韓方成分進行產品研發，解決顧客的頭皮困擾、實現頭皮的最佳均衡狀態。 | BV41: summary_large_image | BW41: 1 | BX41: https://ryo-hk.myshopify.com/pages/ryo-award | BY41: 2025-07-21 15:12:11
A42: https://ryo-hk.myshopify.com/pages/ryo-story | B42: Page (No PLP / PDP) | C42: text/html; charset=utf-8 | D42: 200 | E42: OK | F42: Indexable | H42: 呂的故事 | RYO Hong Kong | I42: 20 | J42: 242 | L42: 0 | M42: 0 | P42: 韓方 No.1 呂 | Q42: 9 | S42: 0 | Y42: https://ryo-hk.myshopify.com/pages/ryo-story | AM42: 1 | AN42: 1 | AP42: 271 | AQ42: 65 | AR42: 0 | AS42: 98.48 | AT42: 59 | AU42: 26 | AV42: 0 | BJ42: 1.1 | BK42: 呂的故事 | RYO Hong Kong | BL42: 呂Ryo以獨有的「頭皮科學」研究經驗融合韓方成分進行產品研發，解決顧客的頭皮困擾、實現頭皮的最佳均衡狀態。 | BM42: website | BN42: RYO HK | BO42: http://ryo-hk.myshopify.com/cdn/shop/files/ryo_og_image.jpg?v=1749606307 | BP42: https://ryo-hk.myshopify.com/cdn/shop/files/ryo_og_image.jpg?v=1749606307 | BQ42: 1920 | BR42: 1110 | BS42: https://ryo-hk.myshopify.com/pages/ryo-story | BT42: 呂的故事 | RYO Hong Kong | BU42: 呂Ryo以獨有的「頭皮科學」研究經驗融合韓方成分進行產品研發，解決顧客的頭皮困擾、實現頭皮的最佳均衡狀態。 | BV42: summary_large_image | BW42: 1 | BX42: https://ryo-hk.myshopify.com/pages/ryo-story | BY42: 2025-07-21 15:12:13
A43: https://ryo-hk.myshopify.com/pages/sitemap | B43: Page (No PLP / PDP) | C43: text/html; charset=utf-8 | D43: 200 | E43: OK | F43: Indexable | H43: 网站地图 | RYO Hong Kong | I43: 20 | J43: 242 | L43: 0 | M43: 0 | P43: 网站地图 | Q43: 4 | S43: 0 | Y43: https://ryo-hk.myshopify.com/pages/sitemap | AM43: 1 | AN43: 1 | AP43: 70 | AQ43: 65 | AR43: 0 | AS43: 98.48 | AT43: 73 | AU43: 22 | AV43: 0 | BJ43: 1.1 | BK43: 网站地图 | RYO Hong Kong | BL43: 呂Ryo以獨有的「頭皮科學」研究經驗融合韓方成分進行產品研發，解決顧客的頭皮困擾、實現頭皮的最佳均衡狀態。 | BM43: website | BN43: RYO HK | BO43: http://ryo-hk.myshopify.com/cdn/shop/files/ryo_og_image.jpg?v=1749606307 | BP43: https://ryo-hk.myshopify.com/cdn/shop/files/ryo_og_image.jpg?v=1749606307 | BQ43: 1920 | BR43: 1110 | BS43: https://ryo-hk.myshopify.com/pages/sitemap | BT43: 网站地图 | RYO Hong Kong | BU43: 呂Ryo以獨有的「頭皮科學」研究經驗融合韓方成分進行產品研發，解決顧客的頭皮困擾、實現頭皮的最佳均衡狀態。 | BV43: summary_large_image | BW43: 1 | BX43: https://ryo-hk.myshopify.com/pages/sitemap | BY43: 2025-07-21 15:12:11
A44: https://ryo-hk.myshopify.com/policies/privacy-policy | B44: Page (No PLP / PDP) | C44: text/html; charset=utf-8 | D44: 200 | E44: OK | F44: Non-Indexable | G44: Blocked by robots.txt | H44: Privacy policy | I44: 14 | J44: 121 | L44: 0 | M44: 0 | P44: Privacy policy | Q44: 14 | S44: 0 | Y44: https://ryo-hk.myshopify.com/policies/privacy-policy | AM44: 1 | AN44: 1 | AP44: 69 | AQ44: 65 | AR44: 0 | AS44: 98.48 | AT44: 52 | AU44: 22 | AV44: 0 | BJ44: 1.1 | BK44: Privacy policy | BL44: 呂Ryo以獨有的「頭皮科學」研究經驗融合韓方成分進行產品研發，解決顧客的頭皮困擾、實現頭皮的最佳均衡狀態。 | BM44: website | BN44: RYO HK | BO44: http://ryo-hk.myshopify.com/cdn/shop/files/ryo_og_image.jpg?v=1749606307 | BP44: https://ryo-hk.myshopify.com/cdn/shop/files/ryo_og_image.jpg?v=1749606307 | BQ44: 1920 | BR44: 1110 | BS44: https://ryo-hk.myshopify.com/policies/privacy-policy | BT44: Privacy policy | BU44: 呂Ryo以獨有的「頭皮科學」研究經驗融合韓方成分進行產品研發，解決顧客的頭皮困擾、實現頭皮的最佳均衡狀態。 | BV44: summary_large_image | BW44: 1 | BX44: https://ryo-hk.myshopify.com/policies/privacy-policy | BY44: 2025-07-21 15:12:07
A45: https://ryo-hk.myshopify.com/policies/terms-of-service | B45: Page (No PLP / PDP) | C45: text/html; charset=utf-8 | D45: 200 | E45: OK | F45: Non-Indexable | G45: Blocked by robots.txt | H45: Terms of service | I45: 16 | J45: 150 | L45: 0 | M45: 0 | P45: Terms of service | Q45: 16 | S45: 0 | Y45: https://ryo-hk.myshopify.com/policies/terms-of-service | AM45: 1 | AN45: 1 | AP45: 69 | AQ45: 65 | AR45: 0 | AS45: 98.48 | AT45: 53 | AU45: 23 | AV45: 0 | BJ45: 1.1 | BK45: Terms of service | BL45: 呂Ryo以獨有的「頭皮科學」研究經驗融合韓方成分進行產品研發，解決顧客的頭皮困擾、實現頭皮的最佳均衡狀態。 | BM45: website | BN45: RYO HK | BO45: http://ryo-hk.myshopify.com/cdn/shop/files/ryo_og_image.jpg?v=1749606307 | BP45: https://ryo-hk.myshopify.com/cdn/shop/files/ryo_og_image.jpg?v=1749606307 | BQ45: 1920 | BR45: 1110 | BS45: https://ryo-hk.myshopify.com/policies/terms-of-service | BT45: Terms of service | BU45: 呂Ryo以獨有的「頭皮科學」研究經驗融合韓方成分進行產品研發，解決顧客的頭皮困擾、實現頭皮的最佳均衡狀態。 | BV45: summary_large_image | BW45: 1 | BX45: https://ryo-hk.myshopify.com/policies/terms-of-service | BY45: 2025-07-21 15:12:16
A46: https://ryo-hk.myshopify.com/products/damage-care-nourishing-shampoo | B46: Product Detail | C46: text/html; charset=utf-8 | D46: 200 | E46: OK | F46: Indexable | H46: 呂 韓方修護洗髮液 (受損髮質適用) 550毫升 | RYO Hong Kong | I46: 40 | J46: 548 | K46: 含100%濟州產發酵山茶花油，瞬間修復集中滋養，強健髮根，增加光澤。 山茶花油 - 改善髮絲分叉 五味子 - 滋養並強健髮根 石榴 - 潤澤髮絲彈力修護 5大無添加：人工色素、礦物油、聚丙烯酰胺、尿素醛、三乙醇胺 - 呂 韓方修護洗髮液 (受損髮質適用) 550毫升 | L46: 133 | M46: 1642 | P46: 呂 韓方修護洗髮液 (受損髮質適用) 550毫升 | Q46: 24 | S46: 0 | Y46: https://ryo-hk.myshopify.com/products/damage-care-nourishing-shampoo | AM46: 1 | AN46: 1 | AP46: 10 | AQ46: 4 | AR46: 0 | AS46: 6.06 | AT46: 56 | AU46: 24 | AV46: 0 | BJ46: 1.1 | BK46: 呂 韓方修護洗髮液 (受損髮質適用) 550毫升 | RYO Hong Kong | BL46: 含100%濟州產發酵山茶花油，瞬間修復集中滋養，強健髮根，增加光澤。 山茶花油 - 改善髮絲分叉 五味子 - 滋養並強健髮根 石榴 - 潤澤髮絲彈力修護 5大無添加：人工色素、礦物油、聚丙烯酰胺、尿素醛、三乙醇胺 - 呂 韓方修護洗髮液 (受損髮質適用) 550毫升 | BM46: product | BN46: RYO HK | BO46: http://ryo-hk.myshopify.com/cdn/shop/files/pdp_mig_2025-05-16-250512_final_HK_RYO_pdp_thumbnail_Damage_Care_Nourishign_Shampoo_1.jpg?v=1751933528 | BP46: https://ryo-hk.myshopify.com/cdn/shop/files/pdp_mig_2025-05-16-250512_final_HK_RYO_pdp_thumbnail_Damage_Care_Nourishign_Shampoo_1.jpg?v=1751933528 | BQ46: 500 | BR46: 500 | BS46: https://ryo-hk.myshopify.com/products/damage-care-nourishing-shampoo | BT46: 呂 韓方修護洗髮液 (受損髮質適用) 550毫升 | RYO Hong Kong | BU46: 含100%濟州產發酵山茶花油，瞬間修復集中滋養，強健髮根，增加光澤。 山茶花油 - 改善髮絲分叉 五味子 - 滋養並強健髮根 石榴 - 潤澤髮絲彈力修護 5大無添加：人工色素、礦物油、聚丙烯酰胺、尿素醛、三乙醇胺 - 呂 韓方修護洗髮液 (受損髮質適用) 550毫升 | BV46: summary_large_image | BW46: 2 | BX46: https://ryo-hk.myshopify.com/products/damage-care-nourishing-shampoo | BY46: 2025-07-21 15:12:22
A47: https://ryo-hk.myshopify.com/products/damage-care-nourishing-treatment | B47: Product Detail | C47: text/html; charset=utf-8 | D47: 200 | E47: OK | F47: Indexable | H47: 呂韓方修護精華素 (受損髮質適用) 300毫升 | RYO Hong Kong | I47: 39 | J47: 541 | K47: 【呂】 專利山茶花油成分 - 改善髮絲乾旱分叉，修護燙染損傷。石榴精華 - 潤澤髮絲，彈力修護。6大無添加：動物性原料、礦物油 、聚丙烯酰胺、人工色素、尿素醛、三乙醇胺。弱酸性及全素配方，溫和親膚 - 呂韓方修護精華素 (受損髮質適用) 300毫升 | L47: 124 | M47: 1588 | P47: 呂韓方修護精華素 (受損髮質適用) 300毫升 | Q47: 23 | S47: 0 | Y47: https://ryo-hk.myshopify.com/products/damage-care-nourishing-treatment | AM47: 2 | AN47: 1 | AP47: 7 | AQ47: 2 | AR47: 0 | AS47: 3.03 | AT47: 55 | AU47: 23 | AV47: 0 | BJ47: 1.1 | BK47: 呂韓方修護精華素 (受損髮質適用) 300毫升 | RYO Hong Kong | BL47: 【呂】 專利山茶花油成分 - 改善髮絲乾旱分叉，修護燙染損傷。石榴精華 - 潤澤髮絲，彈力修護。6大無添加：動物性原料、礦物油 、聚丙烯酰胺、人工色素、尿素醛、三乙醇胺。弱酸性及全素配方，溫和親膚 - 呂韓方修護精華素 (受損髮質適用) 300毫升 | BM47: product | BN47: RYO HK | BO47: http://ryo-hk.myshopify.com/cdn/shop/files/pdp_mig_2025-05-16-250512_final_HK_RYO_pdp_thumbnail_Damage_Care_Nourishign_Treatment_1.jpg?v=1751933590 | BP47: https://ryo-hk.myshopify.com/cdn/shop/files/pdp_mig_2025-05-16-250512_final_HK_RYO_pdp_thumbnail_Damage_Care_Nourishign_Treatment_1.jpg?v=1751933590 | BQ47: 500 | BR47: 500 | BS47: https://ryo-hk.myshopify.com/products/damage-care-nourishing-treatment | BT47: 呂韓方修護精華素 (受損髮質適用) 300毫升 | RYO Hong Kong | BU47: 【呂】 專利山茶花油成分 - 改善髮絲乾旱分叉，修護燙染損傷。石榴精華 - 潤澤髮絲，彈力修護。6大無添加：動物性原料、礦物油 、聚丙烯酰胺、人工色素、尿素醛、三乙醇胺。弱酸性及全素配方，溫和親膚 - 呂韓方修護精華素 (受損髮質適用) 300毫升 | BV47: summary_large_image | BW47: 2 | BX47: https://ryo-hk.myshopify.com/products/damage-care-nourishing-treatment | BY47: 2025-07-21 15:12:30
A48: https://ryo-hk.myshopify.com/products/deep-cleansing-cooling-shampoo | B48: Product Detail | C48: text/html; charset=utf-8 | D48: 200 | E48: OK | F48: Indexable | H48: 呂 韓方修護洗髮液 (油性髮質適用) 550毫升 | RYO Hong Kong | I48: 40 | J48: 548 | K48: 含100%韓國產薄荷發酵液，99%去除頭皮髮絲污垢，淨化頭皮，深層清潔，調節皮脂。 發酵薄荷液 - 清潔頭皮過多油脂 松針 - 淨化並改善頭皮環境 綠茶 - 去屑止癢 5大無添加：矽靈、礦物油 、聚丙烯酰胺、尿素醛、焦油系色素 - 呂 韓方修護洗髮液 (油性髮質適用) 550毫升 | L48: 140 | M48: 1716 | P48: 呂 韓方修護洗髮液 (油性髮質適用) 550毫升 | Q48: 24 | S48: 0 | Y48: https://ryo-hk.myshopify.com/products/deep-cleansing-cooling-shampoo | AM48: 1 | AN48: 1 | AP48: 8 | AQ48: 3 | AR48: 0 | AS48: 4.55 | AT48: 55 | AU48: 23 | AV48: 0 | BJ48: 1.1 | BK48: 呂 韓方修護洗髮液 (油性髮質適用) 550毫升 | RYO Hong Kong | BL48: 含100%韓國產薄荷發酵液，99%去除頭皮髮絲污垢，淨化頭皮，深層清潔，調節皮脂。 發酵薄荷液 - 清潔頭皮過多油脂 松針 - 淨化並改善頭皮環境 綠茶 - 去屑止癢 5大無添加：矽靈、礦物油 、聚丙烯酰胺、尿素醛、焦油系色素 - 呂 韓方修護洗髮液 (油性髮質適用) 550毫升 | BM48: product | BN48: RYO HK | BO48: http://ryo-hk.myshopify.com/cdn/shop/files/pdp_mig_2025-05-16-250512_final_HK_RYO_pdp_thumbnail_Deep_Cleansing_Cooling_Shampoo_1.jpg?v=1751933518 | BP48: https://ryo-hk.myshopify.com/cdn/shop/files/pdp_mig_2025-05-16-250512_final_HK_RYO_pdp_thumbnail_Deep_Cleansing_Cooling_Shampoo_1.jpg?v=1751933518 | BQ48: 500 | BR48: 500 | BS48: https://ryo-hk.myshopify.com/products/deep-cleansing-cooling-shampoo | BT48: 呂 韓方修護洗髮液 (油性髮質適用) 550毫升 | RYO Hong Kong | BU48: 含100%韓國產薄荷發酵液，99%去除頭皮髮絲污垢，淨化頭皮，深層清潔，調節皮脂。 發酵薄荷液 - 清潔頭皮過多油脂 松針 - 淨化並改善頭皮環境 綠茶 - 去屑止癢 5大無添加：矽靈、礦物油 、聚丙烯酰胺、尿素醛、焦油系色素 - 呂 韓方修護洗髮液 (油性髮質適用) 550毫升 | BV48: summary_large_image | BW48: 2 | BX48: https://ryo-hk.myshopify.com/products/deep-cleansing-cooling-shampoo | BY48: 2025-07-21 15:12:23
A49: https://ryo-hk.myshopify.com/products/ginsengbo-super-revital-total-care-shampoo-dry | B49: Product Detail | C49: text/html; charset=utf-8 | D49: 200 | E49: OK | F49: Indexable | H49: 呂 韓蔘靈芝亮澤強韌洗髮液 (中乾性頭皮適用) 400毫升 | RYO Hong Kong | I49: 45 | J49: 648 | K49: 蘊含珍稀靈芝及5大韓蔘成分 防斷髮, 富予頭髮亮澤空氣感 改善隨年齡增長而出現的頭皮老化及缺乏光澤活力的髪絲 - 呂 韓蔘靈芝亮澤強韌洗髮液 (中乾性頭皮適用) 400毫升 | L49: 86 | M49: 1077 | P49: 呂 韓蔘靈芝亮澤強韌洗髮液 (中乾性頭皮適用) 400毫升 | Q49: 29 | S49: 0 | Y49: https://ryo-hk.myshopify.com/products/ginsengbo-super-revital-total-care-shampoo-dry | AM49: 1 | AN49: 1 | AP49: 8 | AQ49: 3 | AR49: 0 | AS49: 4.55 | AT49: 57 | AU49: 25 | AV49: 0 | BJ49: 1.1 | BK49: 呂 韓蔘靈芝亮澤強韌洗髮液 (中乾性頭皮適用) 400毫升 | RYO Hong Kong | BL49: 蘊含珍稀靈芝及5大韓蔘成分 防斷髮, 富予頭髮亮澤空氣感 改善隨年齡增長而出現的頭皮老化及缺乏光澤活力的髪絲 - 呂 韓蔘靈芝亮澤強韌洗髮液 (中乾性頭皮適用) 400毫升 | BM49: product | BN49: RYO HK | BO49: http://ryo-hk.myshopify.com/cdn/shop/files/pdp_mig_2022-05-25-20220525_hk_final_Ginsengbo_Total_Care_Shampoo_thumb_pc_1_1.jpg?v=1751933590 | BP49: https://ryo-hk.myshopify.com/cdn/shop/files/pdp_mig_2022-05-25-20220525_hk_final_Ginsengbo_Total_Care_Shampoo_thumb_pc_1_1.jpg?v=1751933590 | BQ49: 500 | BR49: 500 | BS49: https://ryo-hk.myshopify.com/products/ginsengbo-super-revital-total-care-shampoo-dry | BT49: 呂 韓蔘靈芝亮澤強韌洗髮液 (中乾性頭皮適用) 400毫升 | RYO Hong Kong | BU49: 蘊含珍稀靈芝及5大韓蔘成分 防斷髮, 富予頭髮亮澤空氣感 改善隨年齡增長而出現的頭皮老化及缺乏光澤活力的髪絲 - 呂 韓蔘靈芝亮澤強韌洗髮液 (中乾性頭皮適用) 400毫升 | BV49: summary_large_image | BW49: 2 | BX49: https://ryo-hk.myshopify.com/products/ginsengbo-super-revital-total-care-shampoo-dry | BY49: 2025-07-21 15:12:20
A50: https://ryo-hk.myshopify.com/products/hair-cushion-dark-brown | B50: Product Detail | C50: text/html; charset=utf-8 | D50: 200 | E50: OK | F50: Indexable | H50: 呂 煥髮遮瑕氣墊棒4.0(深啡) | RYO Hong Kong | I50: 32 | J50: 410 | K50: 防汗水，洗髮時用洗髮水沖洗便可。為髮絲添上光澤感。氣墊質地輕柔易推開。山茶花油為髮絲添上光澤，側柏萃取為頭皮添加養分，綠茶萃取有效強化髮根。 - 呂 煥髮遮瑕氣墊棒4.0(深啡) | L50: 89 | M50: 1176 | P50: 呂 煥髮遮瑕氣墊棒4.0(深啡) | Q50: 16 | S50: 0 | Y50: https://ryo-hk.myshopify.com/products/hair-cushion-dark-brown | AM50: 2 | AN50: 1 | AP50: 8 | AQ50: 3 | AR50: 0 | AS50: 4.55 | AT50: 56 | AU50: 24 | AV50: 0 | BJ50: 1.1 | BK50: 呂 煥髮遮瑕氣墊棒4.0(深啡) | RYO Hong Kong | BL50: 防汗水，洗髮時用洗髮水沖洗便可。為髮絲添上光澤感。氣墊質地輕柔易推開。山茶花油為髮絲添上光澤，側柏萃取為頭皮添加養分，綠茶萃取有效強化髮根。 - 呂 煥髮遮瑕氣墊棒4.0(深啡) | BM50: product | BN50: RYO HK | BO50: http://ryo-hk.myshopify.com/cdn/shop/files/pdp_mig_2025-05-16-250512_final_HK_RYO_pdp_thumbnail_Hair_Cushion_Pack_4.0_1.jpg?v=1751933601 | BP50: https://ryo-hk.myshopify.com/cdn/shop/files/pdp_mig_2025-05-16-250512_final_HK_RYO_pdp_thumbnail_Hair_Cushion_Pack_4.0_1.jpg?v=1751933601 | BQ50: 500 | BR50: 500 | BS50: https://ryo-hk.myshopify.com/products/hair-cushion-dark-brown | BT50: 呂 煥髮遮瑕氣墊棒4.0(深啡) | RYO Hong Kong | BU50: 防汗水，洗髮時用洗髮水沖洗便可。為髮絲添上光澤感。氣墊質地輕柔易推開。山茶花油為髮絲添上光澤，側柏萃取為頭皮添加養分，綠茶萃取有效強化髮根。 - 呂 煥髮遮瑕氣墊棒4.0(深啡) | BV50: summary_large_image | BW50: 2 | BX50: https://ryo-hk.myshopify.com/products/hair-cushion-dark-brown | BY50: 2025-07-21 15:12:31
A51: https://ryo-hk.myshopify.com/products/hair-cushion-natural-brown | B51: Product Detail | C51: text/html; charset=utf-8 | D51: 200 | E51: OK | F51: Indexable | H51: 呂 煥髮遮瑕氣墊棒5.0(自然啡) | RYO Hong Kong | I51: 33 | J51: 430 | K51: 防汗水，洗髮時用洗髮水沖洗便可。為髮絲添上光澤感。氣墊質地輕柔易推開氣墊質地輕柔易推開。山茶花油為髮絲添上光澤，側柏萃取為頭皮添加養分，綠茶萃取有效強化髮根。 - 呂 煥髮遮瑕氣墊棒5.0(自然啡) | L51: 99 | M51: 1316 | P51: 呂 煥髮遮瑕氣墊棒5.0(自然啡) | Q51: 17 | S51: 0 | Y51: https://ryo-hk.myshopify.com/products/hair-cushion-natural-brown | AM51: 2 | AN51: 1 | AP51: 8 | AQ51: 3 | AR51: 0 | AS51: 4.55 | AT51: 56 | AU51: 24 | AV51: 0 | BJ51: 1.1 | BK51: 呂 煥髮遮瑕氣墊棒5.0(自然啡) | RYO Hong Kong | BL51: 防汗水，洗髮時用洗髮水沖洗便可。為髮絲添上光澤感。氣墊質地輕柔易推開氣墊質地輕柔易推開。山茶花油為髮絲添上光澤，側柏萃取為頭皮添加養分，綠茶萃取有效強化髮根。 - 呂 煥髮遮瑕氣墊棒5.0(自然啡) | BM51: product | BN51: RYO HK | BO51: http://ryo-hk.myshopify.com/cdn/shop/files/pdp_mig_2025-05-16-250512_final_HK_RYO_pdp_thumbnail_Hair_Cushion_Pack_5.0_1.jpg?v=1751933605 | BP51: https://ryo-hk.myshopify.com/cdn/shop/files/pdp_mig_2025-05-16-250512_final_HK_RYO_pdp_thumbnail_Hair_Cushion_Pack_5.0_1.jpg?v=1751933605 | BQ51: 500 | BR51: 500 | BS51: https://ryo-hk.myshopify.com/products/hair-cushion-natural-brown | BT51: 呂 煥髮遮瑕氣墊棒5.0(自然啡) | RYO Hong Kong | BU51: 防汗水，洗髮時用洗髮水沖洗便可。為髮絲添上光澤感。氣墊質地輕柔易推開氣墊質地輕柔易推開。山茶花油為髮絲添上光澤，側柏萃取為頭皮添加養分，綠茶萃取有效強化髮根。 - 呂 煥髮遮瑕氣墊棒5.0(自然啡) | BV51: summary_large_image | BW51: 2 | BX51: https://ryo-hk.myshopify.com/products/hair-cushion-natural-brown | BY51: 2025-07-21 15:12:28
A52: https://ryo-hk.myshopify.com/products/hair-loss-expert-care-shampoo-for-anti-dandruff | B52: Product Detail | C52: text/html; charset=utf-8 | D52: 200 | E52: OK | F52: Indexable | H52: 呂 韓參滋養防脫髮洗髮液 (去屑止癢適用) 400毫升 | RYO Hong Kong | I52: 43 | J52: 608 | K52: 【呂】經40年人蔘研究，以獨家Ginsen9EX™防脫專利技術，差壓提取法萃取高濃度韓國人蔘精華，揉合官方認證咖啡因防脫髮成分，修復受損頭皮，強韌保護髮根，有效解決掉髮現象，養護濃密秀髮。 集中護理脫髮症狀，清爽去屑，舒緩頭皮痕癢 7大無添加：動物性原料、礦物油 、尿素醛、三乙醇胺、人工色素、矽靈、皂鹼 - 呂 韓參滋養防脫髮洗髮液 (去屑止癢適用) 400毫升 | L52: 182 | M52: 2363 | P52: 呂 韓參滋養防脫髮洗髮液 (去屑止癢適用) 400毫升 | Q52: 27 | S52: 0 | Y52: https://ryo-hk.myshopify.com/products/hair-loss-expert-care-shampoo-for-anti-dandruff | AM52: 1 | AN52: 1 | AP52: 9 | AQ52: 3 | AR52: 0 | AS52: 4.55 | AT52: 57 | AU52: 25 | AV52: 0 | BJ52: 1.1 | BK52: 呂 韓參滋養防脫髮洗髮液 (去屑止癢適用) 400毫升 | RYO Hong Kong | BL52: 【呂】經40年人蔘研究，以獨家Ginsen9EX™防脫專利技術，差壓提取法萃取高濃度韓國人蔘精華，揉合官方認證咖啡因防脫髮成分，修復受損頭皮，強韌保護髮根，有效解決掉髮現象，養護濃密秀髮。 集中護理脫髮症狀，清爽去屑，舒緩頭皮痕癢 7大無添加：動物性原料、礦物油 、尿素醛、三乙醇胺、人工色素、矽靈、皂鹼 - 呂 韓參滋養防脫髮洗髮液 (去屑止癢適用) 400毫升 | BM52: product | BN52: RYO HK | BO52: http://ryo-hk.myshopify.com/cdn/shop/files/pdp_mig_2021-09-17-20210917_tw_final_weak-hair_thumbnails_pc_02_1.png?v=1751933559 | BP52: https://ryo-hk.myshopify.com/cdn/shop/files/pdp_mig_2021-09-17-20210917_tw_final_weak-hair_thumbnails_pc_02_1.png?v=1751933559 | BQ52: 500 | BR52: 500 | BS52: https://ryo-hk.myshopify.com/products/hair-loss-expert-care-shampoo-for-anti-dandruff | BT52: 呂 韓參滋養防脫髮洗髮液 (去屑止癢適用) 400毫升 | RYO Hong Kong | BU52: 【呂】經40年人蔘研究，以獨家Ginsen9EX™防脫專利技術，差壓提取法萃取高濃度韓國人蔘精華，揉合官方認證咖啡因防脫髮成分，修復受損頭皮，強韌保護髮根，有效解決掉髮現象，養護濃密秀髮。 集中護理脫髮症狀，清爽去屑，舒緩頭皮痕癢 7大無添加：動物性原料、礦物油 、尿素醛、三乙醇胺、人工色素、矽靈、皂鹼 - 呂 韓參滋養防脫髮洗髮液 (去屑止癢適用) 400毫升 | BV52: summary_large_image | BW52: 2 | BX52: https://ryo-hk.myshopify.com/products/hair-loss-expert-care-shampoo-for-anti-dandruff | BY52: 2025-07-21 15:12:21
A53: https://ryo-hk.myshopify.com/products/hair-loss-expert-care-shampoo-for-dry-scalp | B53: Product Detail | C53: text/html; charset=utf-8 | D53: 200 | E53: OK | F53: Indexable | H53: 呂 韓蔘滋養防脫髮洗髮液 (中乾性頭皮適用) 400毫升 | RYO Hong Kong | I53: 44 | J53: 628 | K53: 【呂】經40年人蔘研究，以獨家Ginsen9EX™防脫專利技術，差壓提取法萃取高濃度韓國人蔘精華，揉合官方認證咖啡因防脫髮成分，修復受損頭皮，強韌保護髮根，有效解決掉髮現象，養護濃密秀髮。 集中護理脫髮症狀，保濕滋潤乾旱頭皮 7大無添加：動物性原料、礦物油 、聚丙烯酰胺、人工色素、尿素醛、三乙醇胺 、矽靈 - 呂 韓蔘滋養防脫髮洗髮液 (中乾性頭皮適用) 400毫升 | L53: 184 | M53: 2382 | P53: 呂 韓蔘滋養防脫髮洗髮液 (中乾性頭皮適用) 400毫升 | Q53: 28 | S53: 0 | Y53: https://ryo-hk.myshopify.com/products/hair-loss-expert-care-shampoo-for-dry-scalp | AM53: 1 | AN53: 1 | AP53: 12 | AQ53: 5 | AR53: 0 | AS53: 7.58 | AT53: 57 | AU53: 25 | AV53: 0 | BJ53: 1.1 | BK53: 呂 韓蔘滋養防脫髮洗髮液 (中乾性頭皮適用) 400毫升 | RYO Hong Kong | BL53: 【呂】經40年人蔘研究，以獨家Ginsen9EX™防脫專利技術，差壓提取法萃取高濃度韓國人蔘精華，揉合官方認證咖啡因防脫髮成分，修復受損頭皮，強韌保護髮根，有效解決掉髮現象，養護濃密秀髮。 集中護理脫髮症狀，保濕滋潤乾旱頭皮 7大無添加：動物性原料、礦物油 、聚丙烯酰胺、人工色素、尿素醛、三乙醇胺 、矽靈 - 呂 韓蔘滋養防脫髮洗髮液 (中乾性頭皮適用) 400毫升 | BM53: product | BN53: RYO HK | BO53: http://ryo-hk.myshopify.com/cdn/shop/files/pdp_mig_2021-09-17-20210917_tw_final_dry_thumbnails_pc_02_1.png?v=1751933528 | BP53: https://ryo-hk.myshopify.com/cdn/shop/files/pdp_mig_2021-09-17-20210917_tw_final_dry_thumbnails_pc_02_1.png?v=1751933528 | BQ53: 500 | BR53: 500 | BS53: https://ryo-hk.myshopify.com/products/hair-loss-expert-care-shampoo-for-dry-scalp | BT53: 呂 韓蔘滋養防脫髮洗髮液 (中乾性頭皮適用) 400毫升 | RYO Hong Kong | BU53: 【呂】經40年人蔘研究，以獨家Ginsen9EX™防脫專利技術，差壓提取法萃取高濃度韓國人蔘精華，揉合官方認證咖啡因防脫髮成分，修復受損頭皮，強韌保護髮根，有效解決掉髮現象，養護濃密秀髮。 集中護理脫髮症狀，保濕滋潤乾旱頭皮 7大無添加：動物性原料、礦物油 、聚丙烯酰胺、人工色素、尿素醛、三乙醇胺 、矽靈 - 呂 韓蔘滋養防脫髮洗髮液 (中乾性頭皮適用) 400毫升 | BV53: summary_large_image | BW53: 2 | BX53: https://ryo-hk.myshopify.com/products/hair-loss-expert-care-shampoo-for-dry-scalp | BY53: 2025-07-21 15:12:19
A54: https://ryo-hk.myshopify.com/products/hair-loss-expert-care-shampoo-for-oly-scalp | B54: Product Detail | C54: text/html; charset=utf-8 | D54: 200 | E54: OK | F54: Indexable | H54: 呂 韓蔘滋養防脫髮洗髮液 (油性頭皮適用) 400毫升 | RYO Hong Kong | I54: 43 | J54: 608 | K54: 【呂】經40年人蔘研究，以獨家Ginsen9EX™防脫專利技術，差壓提取法萃取高濃度韓國人蔘精華，揉合官方認證咖啡因防脫髮成分，修復受損頭皮，強韌保護髮根，有效解決掉髮現象，養護濃密秀髮。 集中護理脫髮症狀，保持頭皮清爽潔淨 7大無添加：動物性原料、礦物油 、聚丙烯酰胺、人工色素、尿素醛、三乙醇胺 、矽靈 - 呂 韓蔘滋養防脫髮洗髮液 (油性頭皮適用) 400毫升 | L54: 183 | M54: 2368 | P54: 呂 韓蔘滋養防脫髮洗髮液 (油性頭皮適用) 400毫升 | Q54: 27 | S54: 0 | Y54: https://ryo-hk.myshopify.com/products/hair-loss-expert-care-shampoo-for-oly-scalp | AM54: 1 | AN54: 1 | AP54: 12 | AQ54: 5 | AR54: 0 | AS54: 7.58 | AT54: 57 | AU54: 25 | AV54: 0 | BJ54: 1.1 | BK54: 呂 韓蔘滋養防脫髮洗髮液 (油性頭皮適用) 400毫升 | RYO Hong Kong | BL54: 【呂】經40年人蔘研究，以獨家Ginsen9EX™防脫專利技術，差壓提取法萃取高濃度韓國人蔘精華，揉合官方認證咖啡因防脫髮成分，修復受損頭皮，強韌保護髮根，有效解決掉髮現象，養護濃密秀髮。 集中護理脫髮症狀，保持頭皮清爽潔淨 7大無添加：動物性原料、礦物油 、聚丙烯酰胺、人工色素、尿素醛、三乙醇胺 、矽靈 - 呂 韓蔘滋養防脫髮洗髮液 (油性頭皮適用) 400毫升 | BM54: product | BN54: RYO HK | BO54: http://ryo-hk.myshopify.com/cdn/shop/files/pdp_mig_2021-09-17-20210917_tw_final_oily_thumbnails_pc_01_1.png?v=1751933538 | BP54: https://ryo-hk.myshopify.com/cdn/shop/files/pdp_mig_2021-09-17-20210917_tw_final_oily_thumbnails_pc_01_1.png?v=1751933538 | BQ54: 500 | BR54: 500 | BS54: https://ryo-hk.myshopify.com/products/hair-loss-expert-care-shampoo-for-oly-scalp | BT54: 呂 韓蔘滋養防脫髮洗髮液 (油性頭皮適用) 400毫升 | RYO Hong Kong | BU54: 【呂】經40年人蔘研究，以獨家Ginsen9EX™防脫專利技術，差壓提取法萃取高濃度韓國人蔘精華，揉合官方認證咖啡因防脫髮成分，修復受損頭皮，強韌保護髮根，有效解決掉髮現象，養護濃密秀髮。 集中護理脫髮症狀，保持頭皮清爽潔淨 7大無添加：動物性原料、礦物油 、聚丙烯酰胺、人工色素、尿素醛、三乙醇胺 、矽靈 - 呂 韓蔘滋養防脫髮洗髮液 (油性頭皮適用) 400毫升 | BV54: summary_large_image | BW54: 2 | BX54: https://ryo-hk.myshopify.com/products/hair-loss-expert-care-shampoo-for-oly-scalp | BY54: 2025-07-21 15:12:21
A55: https://ryo-hk.myshopify.com/products/hair-loss-expert-care-shampoo-for-sensitive-scalp | B55: Product Detail | C55: text/html; charset=utf-8 | D55: 200 | E55: OK | F55: Indexable | H55: 呂 韓蔘滋養防脫髮洗髮液 (敏感性頭皮適用) 400毫升 | RYO Hong Kong | I55: 44 | J55: 628 | K55: 【呂】經40年人蔘研究，以獨家Ginsen9EX™防脫專利技術，差壓提取法萃取高濃度韓國人蔘精華，揉合官方認證咖啡因防脫髮成分，修復受損頭皮，強韌保護髮根，有效解決掉髮現象，養護濃密秀髮。 集中護理脫髮症狀，溫和舒緩敏感脆弱頭皮 7大無添加：動物性原料、礦物油 、聚丙烯酰胺、人工色素、尿素醛、三乙醇胺 、矽靈 - 呂 韓蔘滋養防脫髮洗髮液 (敏感性頭皮適用) 400毫升 | L55: 186 | M55: 2410 | P55: 呂 韓蔘滋養防脫髮洗髮液 (敏感性頭皮適用) 400毫升 | Q55: 28 | S55: 0 | Y55: https://ryo-hk.myshopify.com/products/hair-loss-expert-care-shampoo-for-sensitive-scalp | AM55: 1 | AN55: 1 | AP55: 10 | AQ55: 5 | AR55: 0 | AS55: 7.58 | AT55: 57 | AU55: 25 | AV55: 0 | BJ55: 1.1 | BK55: 呂 韓蔘滋養防脫髮洗髮液 (敏感性頭皮適用) 400毫升 | RYO Hong Kong | BL55: 【呂】經40年人蔘研究，以獨家Ginsen9EX™防脫專利技術，差壓提取法萃取高濃度韓國人蔘精華，揉合官方認證咖啡因防脫髮成分，修復受損頭皮，強韌保護髮根，有效解決掉髮現象，養護濃密秀髮。 集中護理脫髮症狀，溫和舒緩敏感脆弱頭皮 7大無添加：動物性原料、礦物油 、聚丙烯酰胺、人工色素、尿素醛、三乙醇胺 、矽靈 - 呂 韓蔘滋養防脫髮洗髮液 (敏感性頭皮適用) 400毫升 | BM55: product | BN55: RYO HK | BO55: http://ryo-hk.myshopify.com/cdn/shop/files/pdp_mig_2021-09-17-20210917_tw_final_oily-and-dry_thumbnails_pc_03_1.png?v=1751933546 | BP55: https://ryo-hk.myshopify.com/cdn/shop/files/pdp_mig_2021-09-17-20210917_tw_final_oily-and-dry_thumbnails_pc_03_1.png?v=1751933546 | BQ55: 500 | BR55: 500 | BS55: https://ryo-hk.myshopify.com/products/hair-loss-expert-care-shampoo-for-sensitive-scalp | BT55: 呂 韓蔘滋養防脫髮洗髮液 (敏感性頭皮適用) 400毫升 | RYO Hong Kong | BU55: 【呂】經40年人蔘研究，以獨家Ginsen9EX™防脫專利技術，差壓提取法萃取高濃度韓國人蔘精華，揉合官方認證咖啡因防脫髮成分，修復受損頭皮，強韌保護髮根，有效解決掉髮現象，養護濃密秀髮。 集中護理脫髮症狀，溫和舒緩敏感脆弱頭皮 7大無添加：動物性原料、礦物油 、聚丙烯酰胺、人工色素、尿素醛、三乙醇胺 、矽靈 - 呂 韓蔘滋養防脫髮洗髮液 (敏感性頭皮適用) 400毫升 | BV55: summary_large_image | BW55: 2 | BX55: https://ryo-hk.myshopify.com/products/hair-loss-expert-care-shampoo-for-sensitive-scalp | BY55: 2025-07-21 15:12:22
A56: https://ryo-hk.myshopify.com/products/hair-loss-expert-care-shampoo-for-weak-hair | B56: Product Detail | C56: text/html; charset=utf-8 | D56: 200 | E56: OK | F56: Indexable | H56: 呂 韓參滋養防脫髮洗髮液 (軟弱扁塌髮質適用) 400毫升 | RYO Hong Kong | I56: 45 | J56: 648 | K56: 【呂】經40年人蔘研究，以獨家Ginsen9EX™防脫專利技術，差壓提取法萃取高濃度韓國人蔘精華，揉合官方認證咖啡因防脫髮成分，修復受損頭皮，強韌保護髮根，有效解決掉髮現象，養護濃密秀髮。 集中護理脫髮症狀，從髮根塑造濃密豐盈感 7大無添加：動物性原料、礦物油 、聚丙烯酰胺、人工色素、尿素醛、三乙醇胺 、矽靈 - 呂 韓參滋養防脫髮洗髮液 (軟弱扁塌髮質適用) 400毫升 | L56: 187 | M56: 2424 | P56: 呂 韓參滋養防脫髮洗髮液 (軟弱扁塌髮質適用) 400毫升 | Q56: 29 | S56: 0 | Y56: https://ryo-hk.myshopify.com/products/hair-loss-expert-care-shampoo-for-weak-hair | AM56: 1 | AN56: 1 | AP56: 12 | AQ56: 5 | AR56: 0 | AS56: 7.58 | AT56: 57 | AU56: 25 | AV56: 0 | BJ56: 1.1 | BK56: 呂 韓參滋養防脫髮洗髮液 (軟弱扁塌髮質適用) 400毫升 | RYO Hong Kong | BL56: 【呂】經40年人蔘研究，以獨家Ginsen9EX™防脫專利技術，差壓提取法萃取高濃度韓國人蔘精華，揉合官方認證咖啡因防脫髮成分，修復受損頭皮，強韌保護髮根，有效解決掉髮現象，養護濃密秀髮。 集中護理脫髮症狀，從髮根塑造濃密豐盈感 7大無添加：動物性原料、礦物油 、聚丙烯酰胺、人工色素、尿素醛、三乙醇胺 、矽靈 - 呂 韓參滋養防脫髮洗髮液 (軟弱扁塌髮質適用) 400毫升 | BM56: product | BN56: RYO HK | BO56: http://ryo-hk.myshopify.com/cdn/shop/files/pdp_mig_2021-09-17-20210917_tw_final_weak-hair_thumbnails_pc_01_1.png?v=1751933559 | BP56: https://ryo-hk.myshopify.com/cdn/shop/files/pdp_mig_2021-09-17-20210917_tw_final_weak-hair_thumbnails_pc_01_1.png?v=1751933559 | BQ56: 500 | BR56: 500 | BS56: https://ryo-hk.myshopify.com/products/hair-loss-expert-care-shampoo-for-weak-hair | BT56: 呂 韓參滋養防脫髮洗髮液 (軟弱扁塌髮質適用) 400毫升 | RYO Hong Kong | BU56: 【呂】經40年人蔘研究，以獨家Ginsen9EX™防脫專利技術，差壓提取法萃取高濃度韓國人蔘精華，揉合官方認證咖啡因防脫髮成分，修復受損頭皮，強韌保護髮根，有效解決掉髮現象，養護濃密秀髮。 集中護理脫髮症狀，從髮根塑造濃密豐盈感 7大無添加：動物性原料、礦物油 、聚丙烯酰胺、人工色素、尿素醛、三乙醇胺 、矽靈 - 呂 韓參滋養防脫髮洗髮液 (軟弱扁塌髮質適用) 400毫升 | BV56: summary_large_image | BW56: 2 | BX56: https://ryo-hk.myshopify.com/products/hair-loss-expert-care-shampoo-for-weak-hair | BY56: 2025-07-21 15:12:17
A57: https://ryo-hk.myshopify.com/products/hair-loss-expert-care-treatment-deep-nutrition | B57: Product Detail | C57: text/html; charset=utf-8 | D57: 200 | E57: OK | F57: Indexable | H57: 呂 韓蔘滋養防脫護髮精華素 (滋養髮絲適用) 330毫升 | RYO Hong Kong | I57: 44 | J57: 628 | K57: 【呂】經40年人蔘研究，以獨家Ginsen9EX™防脫專利技術，差壓提取法萃取高濃度韓國人蔘精華，揉合官方認證咖啡因防脫髮成分，修復受損頭皮，強韌保護髮根，有效解決掉髮現象，養護濃密秀髮。 改善毛躁，髮絲回復彈性光澤，適合每日使用於頭皮及髮絲 7大無添加：動物性原料、礦物油 、聚丙烯酰胺、人工色素、尿素醛、三乙醇胺 、矽靈 - 呂 韓蔘滋養防脫護髮精華素 (滋養髮絲適用) 330毫升 | L57: 193 | M57: 2508 | P57: 呂 韓蔘滋養防脫護髮精華素 (滋養髮絲適用) 330毫升 | Q57: 28 | S57: 0 | Y57: https://ryo-hk.myshopify.com/products/hair-loss-expert-care-treatment-deep-nutrition | AM57: 1 | AN57: 1 | AP57: 14 | AQ57: 9 | AR57: 0 | AS57: 13.64 | AT57: 59 | AU57: 27 | AV57: 0 | BJ57: 1.1 | BK57: 呂 韓蔘滋養防脫護髮精華素 (滋養髮絲適用) 330毫升 | RYO Hong Kong | BL57: 【呂】經40年人蔘研究，以獨家Ginsen9EX™防脫專利技術，差壓提取法萃取高濃度韓國人蔘精華，揉合官方認證咖啡因防脫髮成分，修復受損頭皮，強韌保護髮根，有效解決掉髮現象，養護濃密秀髮。 改善毛躁，髮絲回復彈性光澤，適合每日使用於頭皮及髮絲 7大無添加：動物性原料、礦物油 、聚丙烯酰胺、人工色素、尿素醛、三乙醇胺 、矽靈 - 呂 韓蔘滋養防脫護髮精華素 (滋養髮絲適用) 330毫升 | BM57: product | BN57: RYO HK | BO57: http://ryo-hk.myshopify.com/cdn/shop/files/pdp_mig_2021-10-06-20210429_final_treatment_thumbnails_pc_02_1.png?v=1751933549 | BP57: https://ryo-hk.myshopify.com/cdn/shop/files/pdp_mig_2021-10-06-20210429_final_treatment_thumbnails_pc_02_1.png?v=1751933549 | BQ57: 500 | BR57: 500 | BS57: https://ryo-hk.myshopify.com/products/hair-loss-expert-care-treatment-deep-nutrition | BT57: 呂 韓蔘滋養防脫護髮精華素 (滋養髮絲適用) 330毫升 | RYO Hong Kong | BU57: 【呂】經40年人蔘研究，以獨家Ginsen9EX™防脫專利技術，差壓提取法萃取高濃度韓國人蔘精華，揉合官方認證咖啡因防脫髮成分，修復受損頭皮，強韌保護髮根，有效解決掉髮現象，養護濃密秀髮。 改善毛躁，髮絲回復彈性光澤，適合每日使用於頭皮及髮絲 7大無添加：動物性原料、礦物油 、聚丙烯酰胺、人工色素、尿素醛、三乙醇胺 、矽靈 - 呂 韓蔘滋養防脫護髮精華素 (滋養髮絲適用) 330毫升 | BV57: summary_large_image | BW57: 2 | BX57: https://ryo-hk.myshopify.com/products/hair-loss-expert-care-treatment-deep-nutrition | BY57: 2025-07-21 15:12:18
... A64: https://ryo-hk.myshopify.com/products/hwayoon-program-scalp-essence | B64: Product Detail | C64: text/html; charset=utf-8 | D64: 200 | E64: OK | F64: Indexable | H64: 呂 極蔘潤黑防脫髮精華療程 | RYO Hong Kong | I64: 29 | J64: 409 | K64: 呂 極尊系列，韓國限售，首度香港公開發售。古法韓方預防落髮，潤黑髮色，毛髮蓬鬆，改善明顯薄髮問題。 配方含韓方水複合物8大精華成份：人蔘、茯苓、蜂蜜、綠茶、黑豆、山地黃、何首烏、當藥 不僅可改善薄髮症狀，還能鎮靜頭皮，增加頭髮蓬鬆度，潤澤髮絲等方面進行全面護理。 - 呂 極蔘潤黑防脫髮精華療程 | L64: 147 | M64: 1992 | P64: 呂 極蔘潤黑防脫髮精華療程 | Q64: 13 | S64: 0 | Y64: https://ryo-hk.myshopify.com/products/hwayoon-program-scalp-essence | AM64: 1 | AN64: 1 | AP64: 10 | AQ64: 5 | AR64: 0 | AS64: 7.58 | AT64: 57 | AU64: 25 | AV64: 0 | BJ64: 1.1 | BK64: 呂 極蔘潤黑防脫髮精華療程 | RYO Hong Kong | BL64: 呂 極尊系列，韓國限售，首度香港公開發售。古法韓方預防落髮，潤黑髮色，毛髮蓬鬆，改善明顯薄髮問題。 配方含韓方水複合物8大精華成份：人蔘、茯苓、蜂蜜、綠茶、黑豆、山地黃、何首烏、當藥 不僅可改善薄髮症狀，還能鎮靜頭皮，增加頭髮蓬鬆度，潤澤髮絲等方面進行全面護理。 - 呂 極蔘潤黑防脫髮精華療程 | BM64: product | BN64: RYO HK | BO64: http://ryo-hk.myshopify.com/cdn/shop/files/pdp_mig_2022-05-17-2022051_hk_final_ampoule_container_thumb_pc_3.jpg?v=1751933590 | BP64: https://ryo-hk.myshopify.com/cdn/shop/files/pdp_mig_2022-05-17-2022051_hk_final_ampoule_container_thumb_pc_3.jpg?v=1751933590 | BQ64: 500 | BR64: 500 | BS64: https://ryo-hk.myshopify.com/products/hwayoon-program-scalp-essence | BT64: 呂 極蔘潤黑防脫髮精華療程 | RYO Hong Kong | BU64: 呂 極尊系列，韓國限售，首度香港公開發售。古法韓方預防落髮，潤黑髮色，毛髮蓬鬆，改善明顯薄髮問題。 配方含韓方水複合物8大精華成份：人蔘、茯苓、蜂蜜、綠茶、黑豆、山地黃、何首烏、當藥 不僅可改善薄髮症狀，還能鎮靜頭皮，增加頭髮蓬鬆度，潤澤髮絲等方面進行全面護理。 - 呂 極蔘潤黑防脫髮精華療程 | BV64: summary_large_image | BW64: 2 | BX64: https://ryo-hk.myshopify.com/products/hwayoon-program-scalp-essence | BY64: 2025-07-21 15:12:20

Sheet raw-schema
A1: Address | B1: Segments | C1: Errors | D1: Warnings | E1: Total Types | F1: Unique Types | G1: Type-1 | H1: Type-2 | I1: Type-3 | J1: Type-4 | K1: Type-5 | L1: Type-6 | M1: Type-7 | N1: Indexability | O1: Indexability Status
A2: https://ryo-hk.myshopify.com/ | B2: Page (No PLP / PDP) | C2: 0 | D2: 0 | E2: 5 | F2: 5 | G2: BreadcrumbList | H2: ListItem | I2: Organization | J2: SearchAction | K2: WebSite | N2: Indexable
A3: https://ryo-hk.myshopify.com/pages/product-map | B3: Page (No PLP / PDP) | C3: 0 | D3: 0 | E3: 4 | F3: 3 | G3: BreadcrumbList | H3: ListItem | I3: Organization | N3: Indexable
A4: https://ryo-hk.myshopify.com/collections/essence | B4: Product List | C4: 0 | D4: 0 | E4: 4 | F4: 3 | G4: BreadcrumbList | H4: ListItem | I4: Organization | N4: Indexable
A5: https://ryo-hk.myshopify.com/collections/hair-cushion | B5: Product List | C5: 0 | D5: 0 | E5: 4 | F5: 3 | G5: BreadcrumbList | H5: ListItem | I5: Organization | N5: Indexable
A6: https://ryo-hk.myshopify.com/products/hair-loss-expert-care-shampoo-for-dry-scalp | B6: Product Detail | C6: 0 | D6: 6 | E6: 8 | F6: 7 | G6: Brand | H6: BreadcrumbList | I6: ImageObject | J6: ListItem | K6: Offer | L6: Organization | M6: Product | N6: Indexable
A7: https://ryo-hk.myshopify.com/pages/ryo-award | B7: Page (No PLP / PDP) | C7: 0 | D7: 0 | E7: 4 | F7: 3 | G7: BreadcrumbList | H7: ListItem | I7: Organization | N7: Indexable
A8: https://ryo-hk.myshopify.com/products/hwayoon-program-scalp-essence | B8: Product Detail | C8: 0 | D8: 6 | E8: 8 | F8: 7 | G8: Brand | H8: BreadcrumbList | I8: ImageObject | J8: ListItem | K8: Offer | L8: Organization | M8: Product | N8: Indexable
A9: https://ryo-hk.myshopify.com/products/ginsengbo-super-revital-total-care-shampoo-dry | B9: Product Detail | C9: 0 | D9: 6 | E9: 8 | F9: 7 | G9: Brand | H9: BreadcrumbList | I9: ImageObject | J9: ListItem | K9: Offer | L9: Organization | M9: Product | N9: Indexable
A10: https://ryo-hk.myshopify.com/pages/brand-ryo | B10: Page (No PLP / PDP) | C10: 0 | D10: 0 | E10: 4 | F10: 3 | G10: BreadcrumbList | H10: ListItem | I10: Organization | N10: Indexable
A11: https://ryo-hk.myshopify.com/collections/conditioner-treatment | B11: Product List | C11: 0 | D11: 0 | E11: 4 | F11: 3 | G11: BreadcrumbList | H11: ListItem | I11: Organization | N11: Indexable
A12: https://ryo-hk.myshopify.com/products/hair-loss-expert-care-shampoo-for-anti-dandruff | B12: Product Detail | C12: 0 | D12: 6 | E12: 8 | F12: 7 | G12: Brand | H12: BreadcrumbList | I12: ImageObject | J12: ListItem | K12: Offer | L12: Organization | M12: Product | N12: Indexable
A13: https://ryo-hk.myshopify.com/collections/hair-loss-care | B13: Product List | C13: 0 | D13: 0 | E13: 4 | F13: 3 | G13: BreadcrumbList | H13: ListItem | I13: Organization | N13: Indexable
A14: https://ryo-hk.myshopify.com/products/hair-loss-expert-care-shampoo-for-sensitive-scalp | B14: Product Detail | C14: 0 | D14: 6 | E14: 8 | F14: 7 | G14: Brand | H14: BreadcrumbList | I14: ImageObject | J14: ListItem | K14: Offer | L14: Organization | M14: Product | N14: Indexable
A15: https://ryo-hk.myshopify.com/products/hair-loss-expert-care-shampoo-for-weak-hair | B15: Product Detail | C15: 0 | D15: 6 | E15: 8 | F15: 7 | G15: Brand | H15: BreadcrumbList | I15: ImageObject | J15: ListItem | K15: Offer | L15: Organization | M15: Product | N15: Indexable
A16: https://ryo-hk.myshopify.com/collections/super-revital | B16: Product List | C16: 0 | D16: 0 | E16: 4 | F16: 3 | G16: BreadcrumbList | H16: ListItem | I16: Organization | N16: Indexable
A17: https://ryo-hk.myshopify.com/collections/scalp-deep-cleansing | B17: Product List | C17: 0 | D17: 0 | E17: 4 | F17: 3 | G17: BreadcrumbList | H17: ListItem | I17: Organization | N17: Indexable
A18: https://ryo-hk.myshopify.com/blogs/brand-video/1316670_20719 | B18: Blog Page | C18: 0 | D18: 1 | E18: 9 | F18: 6 | G18: BlogPosting | H18: BreadcrumbList | I18: ImageObject | J18: ListItem | K18: Organization | L18: Person | N18: Indexable
A19: https://ryo-hk.myshopify.com/collections/damage-care | B19: Product List | C19: 0 | D19: 0 | E19: 4 | F19: 3 | G19: BreadcrumbList | H19: ListItem | I19: Organization | N19: Indexable
A20: https://ryo-hk.myshopify.com/products/hair-loss-expert-care-treatment-deep-nutrition | B20: Product Detail | C20: 0 | D20: 6 | E20: 8 | F20: 7 | G20: Brand | H20: BreadcrumbList | I20: ImageObject | J20: ListItem | K20: Offer | L20: Organization | M20: Product | N20: Indexable
A21: https://ryo-hk.myshopify.com/products/hair-loss-expert-care-treatment-root-strength | B21: Product Detail | C21: 0 | D21: 6 | E21: 8 | F21: 7 | G21: Brand | H21: BreadcrumbList | I21: ImageObject | J21: ListItem | K21: Offer | L21: Organization | M21: Product | N21: Indexable
A22: https://ryo-hk.myshopify.com/pages/sitemap | B22: Page (No PLP / PDP) | C22: 0 | D22: 0 | E22: 4 | F22: 3 | G22: BreadcrumbList | H22: ListItem | I22: Organization | N22: Indexable
A23: https://ryo-hk.myshopify.com/pages/ryo-story | B23: Page (No PLP / PDP) | C23: 0 | D23: 0 | E23: 4 | F23: 3 | G23: BreadcrumbList | H23: ListItem | I23: Organization | N23: Indexable
A24: https://ryo-hk.myshopify.com/collections/beautiful-aging-care | B24: Product List | C24: 0 | D24: 0 | E24: 4 | F24: 3 | G24: BreadcrumbList | H24: ListItem | I24: Organization | N24: Indexable
A25: https://ryo-hk.myshopify.com/pages/product-story-material | B25: Page (No PLP / PDP) | C25: 0 | D25: 0 | E25: 4 | F25: 3 | G25: BreadcrumbList | H25: ListItem | I25: Organization | N25: Indexable
A26: https://ryo-hk.myshopify.com/collections/shampoo | B26: Product List | C26: 0 | D26: 0 | E26: 4 | F26: 3 | G26: BreadcrumbList | H26: ListItem | I26: Organization | N26: Indexable
A27: https://ryo-hk.myshopify.com/products/hair-loss-expert-care-shampoo-for-oly-scalp | B27: Product Detail | C27: 0 | D27: 6 | E27: 8 | F27: 7 | G27: Brand | H27: BreadcrumbList | I27: ImageObject | J27: ListItem | K27: Offer | L27: Organization | M27: Product | N27: Indexable
A28: https://ryo-hk.myshopify.com/products/damage-care-nourishing-shampoo | B28: Product Detail | C28: 0 | D28: 6 | E28: 8 | F28: 7 | G28: Brand | H28: BreadcrumbList | I28: ImageObject | J28: ListItem | K28: Offer | L28: Organization | M28: Product | N28: Indexable
A29: https://ryo-hk.myshopify.com/collections/hair-strengthen-volume | B29: Product List | C29: 0 | D29: 0 | E29: 4 | F29: 3 | G29: BreadcrumbList | H29: ListItem | I29: Organization | N29: Indexable
A30: https://ryo-hk.myshopify.com/products/deep-cleansing-cooling-shampoo | B30: Product Detail | C30: 0 | D30: 6 | E30: 8 | F30: 7 | G30: Brand | H30: BreadcrumbList | I30: ImageObject | J30: ListItem | K30: Offer | L30: Organization | M30: Product | N30: Indexable
A31: https://ryo-hk.myshopify.com/pages/product-story-design | B31: Page (No PLP / PDP) | C31: 0 | D31: 0 | E31: 4 | F31: 3 | G31: BreadcrumbList | H31: ListItem | I31: Organization | N31: Indexable
A32: https://ryo-hk.myshopify.com/blogs/brand-video/1237092_20719 | B32: Blog Page | C32: 0 | D32: 1 | E32: 9 | F32: 6 | G32: BlogPosting | H32: BreadcrumbList | I32: ImageObject | J32: ListItem | K32: Organization | L32: Person | N32: Indexable
A33: https://ryo-hk.myshopify.com/blogs/brand-video/1300369_20719 | B33: Blog Page | C33: 0 | D33: 1 | E33: 9 | F33: 6 | G33: BlogPosting | H33: BreadcrumbList | I33: ImageObject | J33: ListItem | K33: Organization | L33: Person | N33: Indexable
A34: https://ryo-hk.myshopify.com/blogs/brand-video/1237091_20719 | B34: Blog Page | C34: 0 | D34: 1 | E34: 9 | F34: 6 | G34: BlogPosting | H34: BreadcrumbList | I34: ImageObject | J34: ListItem | K34: Organization | L34: Person | N34: Indexable
A35: https://ryo-hk.myshopify.com/pages/brand-philosophy | B35: Page (No PLP / PDP) | C35: 0 | D35: 0 | E35: 4 | F35: 3 | G35: BreadcrumbList | H35: ListItem | I35: Organization | N35: Indexable
A36: https://ryo-hk.myshopify.com/pages/brand-ginseng | B36: Page (No PLP / PDP) | C36: 0 | D36: 0 | E36: 4 | F36: 3 | G36: BreadcrumbList | H36: ListItem | I36: Organization | N36: Indexable
A37: https://ryo-hk.myshopify.com/pages/brand-heukyun | B37: Page (No PLP / PDP) | C37: 0 | D37: 0 | E37: 4 | F37: 3 | G37: BreadcrumbList | H37: ListItem | I37: Organization | N37: Indexable
A38: https://ryo-hk.myshopify.com/products/hwayoon-anti-hair-loss-pack | B38: Product Detail | C38: 0 | D38: 6 | E38: 8 | F38: 7 | G38: Brand | H38: BreadcrumbList | I38: ImageObject | J38: ListItem | K38: Offer | L38: Organization | M38: Product | N38: Indexable
A39: https://ryo-hk.myshopify.com/products/hair-strengthen-volume-conditioner | B39: Product Detail | C39: 0 | D39: 6 | E39: 8 | F39: 7 | G39: Brand | H39: BreadcrumbList | I39: ImageObject | J39: ListItem | K39: Offer | L39: Organization | M39: Product | N39: Indexable
A40: https://ryo-hk.myshopify.com/products/hair-cushion-natural-brown | B40: Product Detail | C40: 0 | D40: 6 | E40: 8 | F40: 7 | G40: Brand | H40: BreadcrumbList | I40: ImageObject | J40: ListItem | K40: Offer | L40: Organization | M40: Product | N40: Indexable
A41: https://ryo-hk.myshopify.com/products/hambit-hair-strengthener-conditioner | B41: Product Detail | C41: 0 | D41: 6 | E41: 8 | F41: 7 | G41: Brand | H41: BreadcrumbList | I41: ImageObject | J41: ListItem | K41: Offer | L41: Organization | M41: Product | N41: Indexable
A42: https://ryo-hk.myshopify.com/products/hwayoon-anti-hair-loss-shampoo | B42: Product Detail | C42: 0 | D42: 6 | E42: 8 | F42: 7 | G42: Brand | H42: BreadcrumbList | I42: ImageObject | J42: ListItem | K42: Offer | L42: Organization | M42: Product | N42: Indexable
A43: https://ryo-hk.myshopify.com/products/hair-cushion-dark-brown | B43: Product Detail | C43: 0 | D43: 6 | E43: 8 | F43: 7 | G43: Brand | H43: BreadcrumbList | I43: ImageObject | J43: ListItem | K43: Offer | L43: Organization | M43: Product | N43: Indexable
A44: https://ryo-hk.myshopify.com/products/damage-care-nourishing-treatment | B44: Product Detail | C44: 0 | D44: 6 | E44: 8 | F44: 7 | G44: Brand | H44: BreadcrumbList | I44: ImageObject | J44: ListItem | K44: Offer | L44: Organization | M44: Product | N44: Indexable
A45: https://ryo-hk.myshopify.com/products/hair-strengthen-volume-shampoo | B45: Product Detail | C45: 0 | D45: 6 | E45: 8 | F45: 7 | G45: Brand | H45: BreadcrumbList | I45: ImageObject | J45: ListItem | K45: Offer | L45: Organization | M45: Product | N45: Indexable
A46: https://ryo-hk.myshopify.com/blogs/brand-video | B46: Blog Page | C46: 0 | D46: 0 | E46: 4 | F46: 3 | G46: BreadcrumbList | H46: ListItem | I46: Organization | N46: Indexable
A47: https://ryo-hk.myshopify.com/pages/contact | B47: Page (No PLP / PDP) | C47: 0 | D47: 0 | E47: 4 | F47: 3 | G47: BreadcrumbList | H47: ListItem | I47: Organization | N47: Indexable
A48: https://ryo-hk.myshopify.com/pages/ngbw-status | B48: Page (No PLP / PDP) | C48: 0 | D48: 0 | E48: 0 | F48: 0 | N48: Indexable
A49: https://ryo-hk.myshopify.com/blogs/news | B49: Blog Page | C49: 0 | D49: 0 | E49: 4 | F49: 3 | G49: BreadcrumbList | H49: ListItem | I49: Organization | N49: Indexable
A50: https://ryo-hk.myshopify.com/collections/hairloss_expert_line | B50: Product List | C50: 0 | D50: 0 | E50: 4 | F50: 3 | G50: BreadcrumbList | H50: ListItem | I50: Organization | N50: Indexable
A51: https://ryo-hk.myshopify.com/collections/products | B51: Product List | C51: 0 | D51: 0 | E51: 4 | F51: 3 | G51: BreadcrumbList | H51: ListItem | I51: Organization | N51: Indexable
A52: https://ryo-hk.myshopify.com/collections/damage_care_line | B52: Product List | C52: 0 | D52: 0 | E52: 4 | F52: 3 | G52: BreadcrumbList | H52: ListItem | I52: Organization | N52: Indexable
A53: https://ryo-hk.myshopify.com/collections/products?page=2&phcursor=eyJhbGciOiJIUzI1NiJ9.eyJzayI6InBvc2l0aW9uIiwic3YiOjE1LCJkIjoiZiIsInVpZCI6NDEzNTk2NDkxNDUxMzksImwiOjE1LCJvIjowLCJyIjoiQ0RQIiwidiI6MSwicCI6Mn0.rtHD4YPc7kCpx06_UXQyjy18auQUtEq7bU5t-MRuKjc | B53: Product List | C53: 0 | D53: 0 | E53: 4 | F53: 3 | G53: BreadcrumbList | H53: ListItem | I53: Organization | N53: Indexable
A54: https://ryo-hk.myshopify.com/collections/products?page=1&phcursor=eyJhbGciOiJIUzI1NiJ9.eyJzayI6InBvc2l0aW9uIiwic3YiOjE2LCJkIjoiYiIsInVpZCI6NDEzNTk2NDkwMTQwNjcsImwiOjE1LCJvIjowLCJyIjoiQ0RQIiwidiI6MSwicCI6MX0.qqFDldq0qbAz1nanETrPVUCJJ9XUVWUxSQZ2-UWqib0 | B54: Product List | C54: 0 | D54: 0 | E54: 4 | F54: 3 | G54: BreadcrumbList | H54: ListItem | I54: Organization | N54: Indexable
A55: https://ryo-hk.myshopify.com/collections/呂-韓蔘靈芝亮澤強韌洗髮液 | B55: Product List | C55: 0 | D55: 0 | E55: 4 | F55: 3 | G55: BreadcrumbList | H55: ListItem | I55: Organization | N55: Indexable
A56: https://ryo-hk.myshopify.com/collections/呂-極蔘潤黑防脫髮系列 | B56: Product List | C56: 0 | D56: 0 | E56: 4 | F56: 3 | G56: BreadcrumbList | H56: ListItem | I56: Organization | N56: Indexable
A57: https://ryo-hk.myshopify.com/collections/bestseller-item | B57: Product List | C57: 0 | D57: 0 | E57: 4 | F57: 3 | G57: BreadcrumbList | H57: ListItem | I57: Organization | N57: Indexable
A58: https://ryo-hk.myshopify.com/collections/呂-韓方修護系列-受損髮質適用 | B58: Product List | C58: 0 | D58: 0 | E58: 4 | F58: 3 | G58: BreadcrumbList | H58: ListItem | I58: Organization | N58: Indexable
A59: https://ryo-hk.myshopify.com/collections/呂-韓參滋養防脫髮系列 | B59: Product List | C59: 0 | D59: 0 | E59: 4 | F59: 3 | G59: BreadcrumbList | H59: ListItem | I59: Organization | N59: Indexable
A60: https://ryo-hk.myshopify.com/collections/frontpage | B60: Product List | C60: 0 | D60: 0 | E60: 4 | F60: 3 | G60: BreadcrumbList | H60: ListItem | I60: Organization | N60: Indexable
A61: https://ryo-hk.myshopify.com/collections/呂-韓方修護系列-油性髮質適用 | B61: Product List | C61: 0 | D61: 0 | E61: 4 | F61: 3 | G61: BreadcrumbList | H61: ListItem | I61: Organization | N61: Indexable
A62: https://www.mamonde.com/int/en/layout/menu/menu.html | C62: 0 | D62: 0 | E62: 0 | F62: 0 | L62: Indexable
A63: https://www.mamonde.com/int/en/brand/lounge/sns/index.html | C63: 0 | D63: 0 | E63: 0 | F63: 0 | L63: Indexable
A64: https://mamonde-int.myshopify.com/collections/all | B64: Product List | C64: 0 | D64: 0 | E64: 4 | F64: 3 | G64: BreadcrumbList | H64: ListItem | I64: Organization | L64: Indexable
A65: https://mamonde-int.myshopify.com/products/age-control-camellia-cream | B65: Product Detail | C65: 0 | D65: 6 | E65: 8 | F65: 7 | G65: Brand | H65: BreadcrumbList | I65: ImageObject | J65: ListItem | K65: Offer | L65: Indexable
A66: https://www.mamonde.com/int/en/product/flora-glow-rose-tinted-sun-serum.html | C66: 1 | D66: 3 | E66: 5 | F66: 4 | G66: BreadcrumbList | H66: ListItem | I66: Product | J66: Thing | L66: Indexable
A67: https://www.mamonde.com/int/en/product/pore-shrinker-bakuchiol-cream.html | C67: 1 | D67: 3 | E67: 5 | F67: 4 | G67: BreadcrumbList | H67: ListItem | I67: Product | J67: Thing | L67: Indexable
A68: https://www.mamonde.com/int/en/product/skincare/category/all/index.html?conc=oil-control | C68: 0 | D68: 0 | E68: 4 | F68: 2 | G68: BreadcrumbList | H68: ListItem | L68: Non-Indexable | M68: Canonicalised
A69: https://www.mamonde.com/int/en/product/men/category/all/index.html | C69: 0 | D69: 0 | E69: 4 | F69: 2 | G69: BreadcrumbList | H69: ListItem | L69: Indexable
A70: https://www.mamonde.com/int/en/product/skincare/category/cleansing/index.html | C70: 0 | D70: 0 | E70: 0 | F70: 0 | L70: Indexable
A71: https://www.mamonde.com/int/en/lines/flowers/bitterorangeflower/index.html | C71: 0 | D71: 0 | E71: 4 | F71: 2 | G71: BreadcrumbList | H71: ListItem | L71: Indexable
A72: https://www.mamonde.com/int/en/product/age-control-camellia-ampoule-mask.html | C72: 1 | D72: 3 | E72: 5 | F72: 4 | G72: BreadcrumbList | H72: ListItem | I72: Product | J72: Thing | L72: Indexable
A73: https://www.mamonde.com/int/en/product/bestnew/index.html | C73: 0 | D73: 0 | E73: 3 | F73: 2 | G73: BreadcrumbList | H73: ListItem | L73: Indexable
A74: https://www.mamonde.com/int/en/brand/brand-story/index.html | C74: 0 | D74: 0 | E74: 3 | F74: 2 | G74: BreadcrumbList | H74: ListItem | L74: Indexable
A75: https://www.mamonde.com/int/en/product/flora-glow-rose-water-toner.html | C75: 1 | D75: 3 | E75: 5 | F75: 4 | G75: BreadcrumbList | H75: ListItem | I75: Product | J75: Thing | L75: Indexable
A76: https://mamonde-int.myshopify.com/products/pore-shrinker-bakuchiol-pad | B76: Product Detail | C76: 0 | D76: 6 | E76: 8 | F76: 7 | G76: Brand | H76: BreadcrumbList | I76: ImageObject | J76: ListItem | K76: Offer | L76: Indexable
A77: https://mamonde-int.myshopify.com/products/pore-shrinker-bakuchiol-cream | B77: Product Detail | C77: 0 | D77: 6 | E77: 8 | F77: 7 | G77: Brand | H77: BreadcrumbList | I77: ImageObject | J77: ListItem | K77: Offer | L77: Indexable
A78: https://mamonde-int.myshopify.com/products/age-control-camellia-ampoule-mask | B78: Product Detail | C78: 0 | D78: 6 | E78: 8 | F78: 7 | G78: Brand | H78: BreadcrumbList | I78: ImageObject | J78: ListItem | K78: Offer | L78: Indexable
A79: https://mamonde-int.myshopify.com/collections/anti-aging | B79: Product List | C79: 0 | D79: 0 | E79: 4 | F79: 3 | G79: BreadcrumbList | H79: ListItem | I79: Organization | L79: Indexable
A80: https://www.mamonde.com/int/en/product/skincare/category/all/index.html | C80: 0 | D80: 0 | E80: 4 | F80: 2 | G80: BreadcrumbList | H80: ListItem | L80: Indexable
A81: https://www.mamonde.com/int/en/brand/lounge/youtube/index.html | C81: 0 | D81: 0 | E81: 4 | F81: 2 | G81: BreadcrumbList | H81: ListItem | L81: Indexable
A82: https://mamonde-int.myshopify.com/blogs/news | B82: Blog Page | C82: 0 | D82: 0 | E82: 4 | F82: 3 | G82: BreadcrumbList | H82: ListItem | I82: Organization | L82: Indexable
A83: https://mamonde-int.myshopify.com/pages/best | B83: Page (No PLP / PDP) | C83: 0 | D83: 0 | E83: 4 | F83: 3 | G83: BreadcrumbList | H83: ListItem | I83: Organization | L83: Indexable
A84: https://www.mamonde.com/int/en/product/ceramide-emulsion.html | C84: 1 | D84: 3 | E84: 5 | F84: 4 | G84: BreadcrumbList | H84: ListItem | I84: Product | J84: Thing | L84: Indexable
A85: https://www.mamonde.com/int/en/product/ceramide-intense-cream.html | C85: 1 | D85: 3 | E85: 5 | F85: 4 | G85: BreadcrumbList | H85: ListItem | I85: Product | J85: Thing | L85: Indexable
A86: https://mamonde-int.myshopify.com/collections/moisturizing | B86: Product List | C86: 0 | D86: 0 | E86: 4 | F86: 3 | G86: BreadcrumbList | H86: ListItem | I86: Organization | L86: Indexable
A87: https://mamonde-int.myshopify.com/products/men-recharging-toner | B87: Product Detail | C87: 0 | D87: 6 | E87: 8 | F87: 7 | G87: Brand | H87: BreadcrumbList | I87: ImageObject | J87: ListItem | K87: Offer | L87: Indexable
A88: https://mamonde-int.myshopify.com/collections/mask | B88: Product List | C88: 0 | D88: 0 | E88: 4 | F88: 3 | G88: BreadcrumbList | H88: ListItem | I88: Organization | L88: Indexable
A89: https://mamonde-int.myshopify.com/products/age-control-camellia-serum | B89: Product Detail | C89: 0 | D89: 6 | E89: 8 | F89: 7 | G89: Brand | H89: BreadcrumbList | I89: ImageObject | J89: ListItem | K89: Offer | L89: Indexable
A90: https://mamonde-int.myshopify.com/products/flora-glow-rose-tinted-sun-serum | B90: Product Detail | C90: 0 | D90: 6 | E90: 8 | F90: 7 | G90: Brand | H90: BreadcrumbList | I90: ImageObject | J90: ListItem | K90: Offer | L90: Indexable
A91: https://mamonde-int.myshopify.com/pages/contents | B91: Page (No PLP / PDP) | C91: 0 | D91: 0 | E91: 4 | F91: 3 | G91: BreadcrumbList | H91: ListItem | I91: Organization | L91: Indexable
A92: https://www.mamonde.com/int/en/product/pore-shrinker-bakuchiol-retinol-toner.html | C92: 1 | D92: 3 | E92: 5 | F92: 4 | G92: BreadcrumbList | H92: ListItem | I92: Product | J92: Thing | L92: Indexable
A93: https://www.mamonde.com/int/en/product/skincare/category/body/index.html | C93: 0 | D93: 0 | E93: 0 | F93: 0 | L93: Indexable
A94: https://www.mamonde.com/int/en/util/notice/notice.html | C94: 0 | D94: 0 | E94: 0 | F94: 0 | L94: Indexable
A95: https://mamonde-int.myshopify.com/products/ceramide-emulsion | B95: Product Detail | C95: 0 | D95: 6 | E95: 8 | F95: 7 | G95: Brand | H95: BreadcrumbList | I95: ImageObject | J95: ListItem | K95: Offer | L95: Indexable
A96: https://www.mamonde.com/int/en/product/ceramide-amino-foam.html | C96: 1 | D96: 3 | E96: 5 | F96: 4 | G96: BreadcrumbList | H96: ListItem | I96: Product | J96: Thing | L96: Indexable
A97: https://mamonde-int.myshopify.com/products/calming-shot-azulene-ampoule | B97: Product Detail | C97: 0 | D97: 6 | E97: 8 | F97: 7 | G97: Brand | H97: BreadcrumbList | I97: ImageObject | J97: ListItem | K97: Offer | L97: Indexable
A98: https://www.mamonde.com/int/en/product/men-recharging-toner.html | C98: 1 | D98: 3 | E98: 5 | F98: 4 | G98: BreadcrumbList | H98: ListItem | I98: Product | J98: Thing | L98: Indexable
A99: https://mamonde-int.myshopify.com/products/calming-shot-azulene-toner | B99: Product Detail | C99: 0 | D99: 6 | E99: 8 | F99: 7 | G99: Brand | H99: BreadcrumbList | I99: ImageObject | J99: ListItem | K99: Offer | L99: Indexable
A100: https://mamonde-int.myshopify.com/collections/oil-control | B100: Product List | C100: 0 | D100: 0 | E100: 4 | F100: 3 | G100: BreadcrumbList | H100: ListItem | I100: Organization | L100: Indexable
...
