Workbook

Sheet Summary
B2: 이니스프리 TW QA Result
B4: Expected Launch Date | C4: 2026.02.24
B5: QA Date | C5: 2026.02.12
B6: Pass Rate | C6: =AVERAGE(D12,D15,D18,D21,D24,D27,D30,D33) -> 0.85104423
B9: QA Elements | C9: All Page | E9: Product Detail | G9: Product List | I9: Blog Page | K9: Page (No PLP / PDP)
B10: Total | C10: =SUM(E10:L10) -> 407 | E10: =COUNTIF('QA 결과'!$D:$D,Summary!E9) -> 181 | G10: =COUNTIF('QA 결과'!$D:$D,Summary!G9) -> 125 | I10: =COUNTIF('QA 결과'!$D:$D,Summary!I9) -> 59 | K10: =COUNTIF('QA 결과'!$D:$D,Summary!K9) -> 42
B11: Address
B12: Pass | C12: =SUM(E12+G12+I12+K12) -> 390 | D12: =C12/C$10 -> 0.95823096 | E12: =COUNTIFS('QA 결과'!$D:$D,Summary!E$9,'QA 결과'!$C:$C,"Pass") -> 166 | F12: =E12/E$10 -> 0.91712707 | G12: =COUNTIFS('QA 결과'!$D:$D,Summary!G$9,'QA 결과'!$C:$C,"Pass") -> 124 | H12: =G12/G$10 -> 0.992 | I12: =COUNTIFS('QA 결과'!$D:$D,Summary!I$9,'QA 결과'!$C:$C,"Pass") -> 58 | J12: =I12/I$10 -> 0.98305085 | K12: =COUNTIFS('QA 결과'!$D:$D,Summary!K$9,'QA 결과'!$C:$C,"Pass") -> 42 | L12: =K12/K10 -> 1
B13: has issues (not english) | C13: =SUM(E13+G13+I13+K13) -> 17 | D13: =C13/C$10 -> 0.041769042 | E13: =COUNTIFS('QA 결과'!$D:$D,Summary!E$9,'QA 결과'!$C:$C,"<>Pass") -> 15 | F13: =E13/E$10 -> 0.082872928 | G13: =COUNTIFS('QA 결과'!$D:$D,Summary!G$9,'QA 결과'!$C:$C,"<>Pass") -> 1 | H13: =G13/G$10 -> 0.008 | I13: =COUNTIFS('QA 결과'!$D:$D,Summary!I$9,'QA 결과'!$C:$C,"<>Pass") -> 1 | J13: =I13/I$10 -> 0.016949153 | K13: =COUNTIFS('QA 결과'!$D:$D,Summary!K$9,'QA 결과'!$C:$C,"<>Pass") -> 0 | L13: =K13/K10 -> 0
B14: Status Code
B15: Pass | C15: =SUM(E15+G15+I15+K15) -> 407 | D15: =C15/C$10 -> 1 | E15: =COUNTIFS('QA 결과'!$D:$D,Summary!E$9,'QA 결과'!$F:$F,"Pass") -> 181 | F15: =E15/E$10 -> 1 | G15: =COUNTIFS('QA 결과'!$D:$D,Summary!G$9,'QA 결과'!$F:$F,"Pass") -> 125 | H15: =G15/G$10 -> 1 | I15: =COUNTIFS('QA 결과'!$D:$D,Summary!I$9,'QA 결과'!$F:$F,"Pass") -> 59 | J15: =I15/I$10 -> 1 | K15: =COUNTIFS('QA 결과'!$D:$D,Summary!K$9,'QA 결과'!$F:$F,"Pass") -> 42 | L15: =K15/K10 -> 1
B16: has issues (301, 302, 404) | C16: =SUM(E16+G16+I16+K16) -> 0 | D16: =C16/C$10 -> 0 | E16: =COUNTIFS('QA 결과'!$D:$D,Summary!E$9,'QA 결과'!$F:$F,"<>Pass") -> 0 | F16: =E16/E$10 -> 0 | G16: =COUNTIFS('QA 결과'!$D:$D,Summary!G$9,'QA 결과'!$F:$F,"<>Pass") -> 0 | H16: =G16/G$10 -> 0 | I16: =COUNTIFS('QA 결과'!$D:$D,Summary!I$9,'QA 결과'!$F:$F,"<>Pass") -> 0 | J16: =I16/I$10 -> 0 | K16: =COUNTIFS('QA 결과'!$D:$D,Summary!K$9,'QA 결과'!$F:$F,"<>Pass") -> 0 | L16: =K16/K10 -> 0
B17: Title
B18: Pass | C18: =SUM(E18+G18+I18+K18) -> 399 | D18: =C18/C$10 -> 0.98034398 | E18: =COUNTIFS('QA 결과'!$D:$D,Summary!E$9,'QA 결과'!$H:$H,"Pass") -> 178 | F18: =E18/E$10 -> 0.98342541 | G18: =COUNTIFS('QA 결과'!$D:$D,Summary!G$9,'QA 결과'!$H:$H,"Pass") -> 125 | H18: =G18/G$10 -> 1 | I18: =COUNTIFS('QA 결과'!$D:$D,Summary!I$9,'QA 결과'!$H:$H,"Pass") -> 59 | J18: =I18/I$10 -> 1 | K18: =COUNTIFS('QA 결과'!$D:$D,Summary!K$9,'QA 결과'!$H:$H,"Pass") -> 37 | L18: =K18/K$10 -> 0.88095238
B19: has issues (separator, typo, space) | C19: =SUM(E19+G19+I19+K19) -> 8 | D19: =C19/C$10 -> 0.01965602 | E19: =COUNTIFS('QA 결과'!$D:$D,Summary!E$9,'QA 결과'!$H:$H,"<>Pass") -> 3 | F19: =E19/E$10 -> 0.016574586 | G19: =COUNTIFS('QA 결과'!$D:$D,Summary!G$9,'QA 결과'!$H:$H,"<>Pass") -> 0 | H19: =G19/G$10 -> 0 | I19: =COUNTIFS('QA 결과'!$D:$D,Summary!I$9,'QA 결과'!$H:$H,"<>Pass") -> 0 | J19: =I19/I$10 -> 0 | K19: =COUNTIFS('QA 결과'!$D:$D,Summary!K$9,'QA 결과'!$H:$H,"<>Pass") -> 5 | L19: =K19/K$10 -> 0.11904762
B20: Meta Description
B21: Pass | C21: =SUM(E21+G21+I21+K21) -> 277 | D21: =C21/C$10 -> 0.68058968 | E21: =COUNTIFS('QA 결과'!$D:$D,Summary!E$9,'QA 결과'!$J:$J,"Pass") -> 146 | F21: =E21/E$10 -> 0.80662983 | G21: =COUNTIFS('QA 결과'!$D:$D,Summary!G$9,'QA 결과'!$J:$J,"Pass") -> 76 | H21: =G21/G$10 -> 0.608 | I21: =COUNTIFS('QA 결과'!$D:$D,Summary!I$9,'QA 결과'!$J:$J,"Pass") -> 34 | J21: =I21/I$10 -> 0.57627119 | K21: =COUNTIFS('QA 결과'!$D:$D,Summary!K$9,'QA 결과'!$J:$J,"Pass") -> 21 | L21: =K21/K$10 -> 0.5
B22: has issues (missing, duplicate) | C22: =SUM(E22+G22+I22+K22) -> 130 | D22: =C22/C$10 -> 0.31941032 | E22: =COUNTIFS('QA 결과'!$D:$D,Summary!E$9,'QA 결과'!$J:$J,"<>Pass") -> 35 | F22: =E22/E$10 -> 0.19337017 | G22: =COUNTIFS('QA 결과'!$D:$D,Summary!G$9,'QA 결과'!$J:$J,"<>Pass") -> 49 | H22: =G22/G$10 -> 0.392 | I22: =COUNTIFS('QA 결과'!$D:$D,Summary!I$9,'QA 결과'!$J:$J,"<>Pass") -> 25 | J22: =I22/I$10 -> 0.42372881 | K22: =COUNTIFS('QA 결과'!$D:$D,Summary!K$9,'QA 결과'!$J:$J,"<>Pass") -> 21 | L22: =K22/K$10 -> 0.5
B23: H1
B24: Pass | C24: =SUM(E24+G24+I24+K24) -> 382 | D24: =C24/C$10 -> 0.93857494 | E24: =COUNTIFS('QA 결과'!$D:$D,Summary!E$9,'QA 결과'!$M:$M,"Pass") -> 178 | F24: =E24/E$10 -> 0.98342541 | G24: =COUNTIFS('QA 결과'!$D:$D,Summary!G$9,'QA 결과'!$M:$M,"Pass") -> 125 | H24: =G24/G$10 -> 1 | I24: =COUNTIFS('QA 결과'!$D:$D,Summary!I$9,'QA 결과'!$M:$M,"Pass") -> 52 | J24: =I24/I$10 -> 0.88135593 | K24: =COUNTIFS('QA 결과'!$D:$D,Summary!K$9,'QA 결과'!$M:$M,"Pass") -> 27 | L24: =K24/K$10 -> 0.64285714
B25: has issues (missing) | C25: =SUM(E25+G25+I25+K25) -> 25 | D25: =C25/C$10 -> 0.061425061 | E25: =COUNTIFS('QA 결과'!$D:$D,Summary!E$9,'QA 결과'!$M:$M,"<>Pass") -> 3 | F25: =E25/E$10 -> 0.016574586 | G25: =COUNTIFS('QA 결과'!$D:$D,Summary!G$9,'QA 결과'!$M:$M,"<>Pass") -> 0 | H25: =G25/G$10 -> 0 | I25: =COUNTIFS('QA 결과'!$D:$D,Summary!I$9,'QA 결과'!$M:$M,"<>Pass") -> 7 | J25: =I25/I$10 -> 0.11864407 | K25: =COUNTIFS('QA 결과'!$D:$D,Summary!K$9,'QA 결과'!$M:$M,"<>Pass") -> 15 | L25: =K25/K$10 -> 0.35714286
B26: Canonical
B27: Pass | C27: =SUM(E27+G27+I27+K27) -> 386 | D27: =C27/C$10 -> 0.94840295 | E27: =COUNTIFS('QA 결과'!$D:$D,Summary!E$9,'QA 결과'!$O:$O,"Pass") -> 176 | F27: =E27/E$10 -> 0.97237569 | G27: =COUNTIFS('QA 결과'!$D:$D,Summary!G$9,'QA 결과'!$O:$O,"Pass") -> 123 | H27: =G27/G$10 -> 0.984 | I27: =COUNTIFS('QA 결과'!$D:$D,Summary!I$9,'QA 결과'!$O:$O,"Pass") -> 48 | J27: =I27/I$10 -> 0.81355932 | K27: =COUNTIFS('QA 결과'!$D:$D,Summary!K$9,'QA 결과'!$O:$O,"Pass") -> 39 | L27: =K27/K$10 -> 0.92857143
B28: has issues | C28: =SUM(E28+G28+I28+K28) -> 21 | D28: =C28/C$10 -> 0.051597052 | E28: =COUNTIFS('QA 결과'!$D:$D,Summary!E$9,'QA 결과'!$O:$O,"<>Pass") -> 5 | F28: =E28/E$10 -> 0.027624309 | G28: =COUNTIFS('QA 결과'!$D:$D,Summary!G$9,'QA 결과'!$O:$O,"<>Pass") -> 2 | H28: =G28/G$10 -> 0.016 | I28: =COUNTIFS('QA 결과'!$D:$D,Summary!I$9,'QA 결과'!$O:$O,"<>Pass") -> 11 | J28: =I28/I$10 -> 0.18644068 | K28: =COUNTIFS('QA 결과'!$D:$D,Summary!K$9,'QA 결과'!$O:$O,"<>Pass") -> 3 | L28: =K28/K$10 -> 0.071428571
B29: Social Tag
B30: Pass | C30: =SUM(E30+G30+I30+K30) -> 364 | D30: =C30/C$10 -> 0.89434889 | E30: =COUNTIFS('QA 결과'!$D:$D,Summary!E$9,'QA 결과'!$Z:$Z,"Pass") -> 148 | F30: =E30/E$10 -> 0.81767956 | G30: =COUNTIFS('QA 결과'!$D:$D,Summary!G$9,'QA 결과'!$Z:$Z,"Pass") -> 118 | H30: =G30/G$10 -> 0.944 | I30: =COUNTIFS('QA 결과'!$D:$D,Summary!I$9,'QA 결과'!$Z:$Z,"Pass") -> 57 | J30: =I30/I$10 -> 0.96610169 | K30: =COUNTIFS('QA 결과'!$D:$D,Summary!K$9,'QA 결과'!$Z:$Z,"Pass") -> 41 | L30: =K30/K$10 -> 0.97619048
B31: has issues (duplicate, need check) | C31: =SUM(E31+G31+I31+K31) -> 43 | D31: =C31/C$10 -> 0.10565111 | E31: =COUNTIFS('QA 결과'!$D:$D,Summary!E$9,'QA 결과'!$Z:$Z,"<>Pass") -> 33 | F31: =E31/E$10 -> 0.18232044 | G31: =COUNTIFS('QA 결과'!$D:$D,Summary!G$9,'QA 결과'!$Z:$Z,"<>Pass") -> 7 | H31: =G31/G$10 -> 0.056 | I31: =COUNTIFS('QA 결과'!$D:$D,Summary!I$9,'QA 결과'!$Z:$Z,"<>Pass") -> 2 | J31: =I31/I$10 -> 0.033898305 | K31: =COUNTIFS('QA 결과'!$D:$D,Summary!K$9,'QA 결과'!$Z:$Z,"<>Pass") -> 1 | L31: =K31/K$10 -> 0.023809524
B32: Schema
B33: Pass | C33: =SUM(E33+G33+I33+K33) -> 166 | D33: =C33/C$10 -> 0.40786241 | E33: =COUNTIFS('QA 결과'!$D:$D,Summary!E$9,'QA 결과'!$AF:$AF,"Pass") -> 0 | F33: =E33/E$10 -> 0 | G33: =COUNTIFS('QA 결과'!$D:$D,Summary!G$9,'QA 결과'!$AF:$AF,"Pass") -> 120 | H33: =G33/G$10 -> 0.96 | I33: =COUNTIFS('QA 결과'!$D:$D,Summary!I$9,'QA 결과'!$AF:$AF,"Pass") -> 34 | J33: =I33/I$10 -> 0.57627119 | K33: =COUNTIFS('QA 결과'!$D:$D,Summary!K$9,'QA 결과'!$AF:$AF,"Pass") -> 12 | L33: =K33/K$10 -> 0.28571429
B34: has issues (missing) | C34: =SUM(E34+G34+I34+K34) -> 241 | D34: =C34/C$10 -> 0.59213759 | E34: =COUNTIFS('QA 결과'!$D:$D,Summary!E$9,'QA 결과'!$AF:$AF,"<>Pass") -> 181 | F34: =E34/E$10 -> 1 | G34: =COUNTIFS('QA 결과'!$D:$D,Summary!G$9,'QA 결과'!$AF:$AF,"<>Pass") -> 5 | H34: =G34/G$10 -> 0.04 | I34: =COUNTIFS('QA 결과'!$D:$D,Summary!I$9,'QA 결과'!$AF:$AF,"<>Pass") -> 25 | J34: =I34/I$10 -> 0.42372881 | K34: =COUNTIFS('QA 결과'!$D:$D,Summary!K$9,'QA 결과'!$AF:$AF,"<>Pass") -> 30 | L34: =K34/K$10 -> 0.71428571

Sheet Raw (QA 완료)
A1: Address | B1: Address QA | C1: Segments | D1: Status Code | E1: Status Code QA | F1: Title 1 | G1: Title QA | H1: Meta Description 1 | I1: Meta Description QA | J1: H1-1 | K1: H1 Count 1 | L1: H1 QA | M1: Canonical Link Element 1 | N1: Canonical QA | O1: og title 1 | P1: og description 1 | Q1: og type 1 | R1: og sitename 1 | S1: og image 1 | T1: og image 2 | U1: og url 1 | V1: twitter title 1 | W1: twitter description 1 | X1: twitter card 1 | Y1: Social Tag QA | Z1: Type-1 | AA1: Type-2 | AB1: Type-3 | AC1: Type-4 | AD1: Type-5 | AE1: Schema QA | AF1: Overall Comment
A2: {=INDEX('raw-sheet'!$A$2:$ZZ$1000, ROW(A1), MATCH(A$1, 'raw-sheet'!$A$1:$ZZ$1, 0))} -> https://innisfree-taiwan.myshopify.com/ | B2: Pass | C2: {=INDEX('raw-sheet'!$A$2:$ZZ$1000, ROW(C1), MATCH(C$1, 'raw-sheet'!$A$1:$ZZ$1, 0))} -> Page (No PLP / PDP) | D2: {=INDEX('raw-sheet'!$A$2:$ZZ$1000, ROW(D1), MATCH(D$1, 'raw-sheet'!$A$1:$ZZ$1, 0))} -> 200 | E2: =IF(D2=200,"Pass","Not") -> Pass | F2: {=INDEX('raw-sheet'!$A$2:$ZZ$1000, ROW(F1), MATCH(F$1, 'raw-sheet'!$A$1:$ZZ$1, 0))} -> innisfree 台灣官方網站 & 線上購物 官網下單滿千免運_x000D_ | INNISFREE Taiwan | G2: Pass | H2: {=INDEX('raw-sheet'!$A$2:$ZZ$1000, ROW(H1), MATCH(H$1, 'raw-sheet'!$A$1:$ZZ$1, 0))} -> innisfree 來自韓國濟州島的No.1自然主義美妝保養品牌，不僅將濟州島清新潔淨的空氣、溫暖和煦的陽光、純淨天然的水源、肥沃健康的土壤、自然純粹的植物養分注入保養品，更為消費者打造健康與美麗。| innisfree Taiwan | I2: Pass | J2: {=INDEX('raw-sheet'!$A$2:$ZZ$1000, ROW(J1), MATCH(J$1, 'raw-sheet'!$A$1:$ZZ$1, 0))} -> INNISFREE Taiwan | K2: {=INDEX('raw-sheet'!$A$2:$ZZ$1000, ROW(K1), MATCH(K$1, 'raw-sheet'!$A$1:$ZZ$1, 0))} -> 1 | L2: Pass | M2: {=INDEX('raw-sheet'!$A$2:$ZZ$1000, ROW(M1), MATCH(M$1, 'raw-sheet'!$A$1:$ZZ$1, 0))} -> https://innisfree-taiwan.myshopify.com/ | N2: =IF(A2=M2,"Pass","Not") -> Pass | O2: {=INDEX('raw-sheet'!$A$2:$ZZ$1000, ROW(O1), MATCH(O$1, 'raw-sheet'!$A$1:$ZZ$1, 0))} -> innisfree 台灣官方網站 & 線上購物 官網下單滿千免運 | INNISFREE Taiwan | P2: {=INDEX('raw-sheet'!$A$2:$ZZ$1000, ROW(P1), MATCH(P$1, 'raw-sheet'!$A$1:$ZZ$1, 0))} -> innisfree 來自韓國濟州島的No.1自然主義美妝保養品牌，不僅將濟州島清新潔淨的空氣、溫暖和煦的陽光、純淨天然的水源、肥沃健康的土壤、自然純粹的植物養分注入保養品，更為消費者打造健康與美麗。| innisfree Taiwan | Q2: {=INDEX('raw-sheet'!$A$2:$ZZ$1000, ROW(Q1), MATCH(Q$1, 'raw-sheet'!$A$1:$ZZ$1, 0))} -> website | R2: {=INDEX('raw-sheet'!$A$2:$ZZ$1000, ROW(R1), MATCH(R$1, 'raw-sheet'!$A$1:$ZZ$1, 0))} -> INNISFREE Taiwan | S2: {=INDEX('raw-sheet'!$A$2:$ZZ$1000, ROW(S1), MATCH(S$1, 'raw-sheet'!$A$1:$ZZ$1, 0))} -> http://innisfree-taiwan.myshopify.com/cdn/shop/files/logo.png?v=1767594135 | T2: {=INDEX('raw-sheet'!$A$2:$ZZ$1000, ROW(T1), MATCH(T$1, 'raw-sheet'!$A$1:$ZZ$1, 0))} -> https://innisfree-taiwan.myshopify.com/cdn/shop/files/logo.png?v=1767594135 | U2: {=INDEX('raw-sheet'!$A$2:$ZZ$1000, ROW(U1), MATCH(U$1, 'raw-sheet'!$A$1:$ZZ$1, 0))} -> https://innisfree-taiwan.myshopify.com/ | V2: {=INDEX('raw-sheet'!$A$2:$ZZ$1000, ROW(V1), MATCH(V$1, 'raw-sheet'!$A$1:$ZZ$1, 0))} -> innisfree 台灣官方網站 & 線上購物 官網下單滿千免運 | INNISFREE Taiwan | ... X2: {=INDEX('raw-sheet'!$A$2:$ZZ$1000, ROW(X1), MATCH(X$1, 'raw-sheet'!$A$1:$ZZ$1, 0))} -> summary_large_image | Y2: duplicate desc. | Z2: =VLOOKUP($A2,'raw-schema'!$A:$R,14,0) -> Organization | AA2: =VLOOKUP($A2,'raw-schema'!$A:$R,15,0) -> SearchAction | AB2: =VLOOKUP($A2,'raw-schema'!$A:$R,16,0) -> WebSite | AC2: =VLOOKUP($A2,'raw-schema'!$A:$R,17,0) -> 0 | AD2: =VLOOKUP($A2,'raw-schema'!$A:$R,18,0) -> 0 | AE2: Schema 보강 필요 (Page)
A3: {=INDEX('raw-sheet'!$A$2:$ZZ$1000, ROW(A2), MATCH(A$1, 'raw-sheet'!$A$1:$ZZ$1, 0))} -> https://innisfree-taiwan.myshopify.com/a/service | C3: {=INDEX('raw-sheet'!$A$2:$ZZ$1000, ROW(C2), MATCH(C$1, 'raw-sheet'!$A$1:$ZZ$1, 0))} -> 0 | D3: {=INDEX('raw-sheet'!$A$2:$ZZ$1000, ROW(D2), MATCH(D$1, 'raw-sheet'!$A$1:$ZZ$1, 0))} -> 404 | E3: =IF(D3=200,"Pass","Not") -> Not | F3: {=INDEX('raw-sheet'!$A$2:$ZZ$1000, ROW(F2), MATCH(F$1, 'raw-sheet'!$A$1:$ZZ$1, 0))} -> 0 | H3: {=INDEX('raw-sheet'!$A$2:$ZZ$1000, ROW(H2), MATCH(H$1, 'raw-sheet'!$A$1:$ZZ$1, 0))} -> 0 | J3: {=INDEX('raw-sheet'!$A$2:$ZZ$1000, ROW(J2), MATCH(J$1, 'raw-sheet'!$A$1:$ZZ$1, 0))} -> 0 | K3: {=INDEX('raw-sheet'!$A$2:$ZZ$1000, ROW(K2), MATCH(K$1, 'raw-sheet'!$A$1:$ZZ$1, 0))} -> 0 | M3: {=INDEX('raw-sheet'!$A$2:$ZZ$1000, ROW(M2), MATCH(M$1, 'raw-sheet'!$A$1:$ZZ$1, 0))} -> 0 | N3: =IF(A3=M3,"Pass","Not") -> Not | O3: {=INDEX('raw-sheet'!$A$2:$ZZ$1000, ROW(O2), MATCH(O$1, 'raw-sheet'!$A$1:$ZZ$1, 0))} -> 0 | P3: {=INDEX('raw-sheet'!$A$2:$ZZ$1000, ROW(P2), MATCH(P$1, 'raw-sheet'!$A$1:$ZZ$1, 0))} -> 0 | Q3: {=INDEX('raw-sheet'!$A$2:$ZZ$1000, ROW(Q2), MATCH(Q$1, 'raw-sheet'!$A$1:$ZZ$1, 0))} -> 0 | R3: {=INDEX('raw-sheet'!$A$2:$ZZ$1000, ROW(R2), MATCH(R$1, 'raw-sheet'!$A$1:$ZZ$1, 0))} -> 0 | S3: {=INDEX('raw-sheet'!$A$2:$ZZ$1000, ROW(S2), MATCH(S$1, 'raw-sheet'!$A$1:$ZZ$1, 0))} -> 0 | T3: {=INDEX('raw-sheet'!$A$2:$ZZ$1000, ROW(T2), MATCH(T$1, 'raw-sheet'!$A$1:$ZZ$1, 0))} -> 0 | U3: {=INDEX('raw-sheet'!$A$2:$ZZ$1000, ROW(U2), MATCH(U$1, 'raw-sheet'!$A$1:$ZZ$1, 0))} -> 0 | V3: {=INDEX('raw-sheet'!$A$2:$ZZ$1000, ROW(V2), MATCH(V$1, 'raw-sheet'!$A$1:$ZZ$1, 0))} -> 0 | ... X3: {=INDEX('raw-sheet'!$A$2:$ZZ$1000, ROW(X2), MATCH(X$1, 'raw-sheet'!$A$1:$ZZ$1, 0))} -> 0 | Z3: =VLOOKUP($A3,'raw-schema'!$A:$R,14,0) -> #N/A | AA3: =VLOOKUP($A3,'raw-schema'!$A:$R,15,0) -> #N/A | AB3: =VLOOKUP($A3,'raw-schema'!$A:$R,16,0) -> #N/A | AC3: =VLOOKUP($A3,'raw-schema'!$A:$R,17,0) -> #N/A | AD3: =VLOOKUP($A3,'raw-schema'!$A:$R,18,0) -> #N/A | AF3: 404 링크 (404 Inlinks 시트 참조)
A4: {=INDEX('raw-sheet'!$A$2:$ZZ$1000, ROW(A3), MATCH(A$1, 'raw-sheet'!$A$1:$ZZ$1, 0))} -> https://innisfree-taiwan.myshopify.com/account | C4: {=INDEX('raw-sheet'!$A$2:$ZZ$1000, ROW(C3), MATCH(C$1, 'raw-sheet'!$A$1:$ZZ$1, 0))} -> 0 | D4: {=INDEX('raw-sheet'!$A$2:$ZZ$1000, ROW(D3), MATCH(D$1, 'raw-sheet'!$A$1:$ZZ$1, 0))} -> 302 | E4: =IF(D4=200,"Pass","Not") -> Not | F4: {=INDEX('raw-sheet'!$A$2:$ZZ$1000, ROW(F3), MATCH(F$1, 'raw-sheet'!$A$1:$ZZ$1, 0))} -> 0 | H4: {=INDEX('raw-sheet'!$A$2:$ZZ$1000, ROW(H3), MATCH(H$1, 'raw-sheet'!$A$1:$ZZ$1, 0))} -> 0 | J4: {=INDEX('raw-sheet'!$A$2:$ZZ$1000, ROW(J3), MATCH(J$1, 'raw-sheet'!$A$1:$ZZ$1, 0))} -> 0 | K4: {=INDEX('raw-sheet'!$A$2:$ZZ$1000, ROW(K3), MATCH(K$1, 'raw-sheet'!$A$1:$ZZ$1, 0))} -> 0 | M4: {=INDEX('raw-sheet'!$A$2:$ZZ$1000, ROW(M3), MATCH(M$1, 'raw-sheet'!$A$1:$ZZ$1, 0))} -> 0 | N4: =IF(A4=M4,"Pass","Not") -> Not | O4: {=INDEX('raw-sheet'!$A$2:$ZZ$1000, ROW(O3), MATCH(O$1, 'raw-sheet'!$A$1:$ZZ$1, 0))} -> 0 | P4: {=INDEX('raw-sheet'!$A$2:$ZZ$1000, ROW(P3), MATCH(P$1, 'raw-sheet'!$A$1:$ZZ$1, 0))} -> 0 | Q4: {=INDEX('raw-sheet'!$A$2:$ZZ$1000, ROW(Q3), MATCH(Q$1, 'raw-sheet'!$A$1:$ZZ$1, 0))} -> 0 | R4: {=INDEX('raw-sheet'!$A$2:$ZZ$1000, ROW(R3), MATCH(R$1, 'raw-sheet'!$A$1:$ZZ$1, 0))} -> 0 | S4: {=INDEX('raw-sheet'!$A$2:$ZZ$1000, ROW(S3), MATCH(S$1, 'raw-sheet'!$A$1:$ZZ$1, 0))} -> 0 | T4: {=INDEX('raw-sheet'!$A$2:$ZZ$1000, ROW(T3), MATCH(T$1, 'raw-sheet'!$A$1:$ZZ$1, 0))} -> 0 | U4: {=INDEX('raw-sheet'!$A$2:$ZZ$1000, ROW(U3), MATCH(U$1, 'raw-sheet'!$A$1:$ZZ$1, 0))} -> 0 | V4: {=INDEX('raw-sheet'!$A$2:$ZZ$1000, ROW(V3), MATCH(V$1, 'raw-sheet'!$A$1:$ZZ$1, 0))} -> 0 | ... X4: {=INDEX('raw-sheet'!$A$2:$ZZ$1000, ROW(X3), MATCH(X$1, 'raw-sheet'!$A$1:$ZZ$1, 0))} -> 0 | Z4: =VLOOKUP($A4,'raw-schema'!$A:$R,14,0) -> #N/A | AA4: =VLOOKUP($A4,'raw-schema'!$A:$R,15,0) -> #N/A | AB4: =VLOOKUP($A4,'raw-schema'!$A:$R,16,0) -> #N/A | AC4: =VLOOKUP($A4,'raw-schema'!$A:$R,17,0) -> #N/A | AD4: =VLOOKUP($A4,'raw-schema'!$A:$R,18,0) -> #N/A | AF4: 예외 적용 (blocked by robots.txt)
A5: {=INDEX('raw-sheet'!$A$2:$ZZ$1000, ROW(A4), MATCH(A$1, 'raw-sheet'!$A$1:$ZZ$1, 0))} -> https://innisfree-taiwan.myshopify.com/account/addresses | C5: {=INDEX('raw-sheet'!$A$2:$ZZ$1000, ROW(C4), MATCH(C$1, 'raw-sheet'!$A$1:$ZZ$1, 0))} -> 0 | D5: {=INDEX('raw-sheet'!$A$2:$ZZ$1000, ROW(D4), MATCH(D$1, 'raw-sheet'!$A$1:$ZZ$1, 0))} -> 302 | E5: =IF(D5=200,"Pass","Not") -> Not | F5: {=INDEX('raw-sheet'!$A$2:$ZZ$1000, ROW(F4), MATCH(F$1, 'raw-sheet'!$A$1:$ZZ$1, 0))} -> 0 | H5: {=INDEX('raw-sheet'!$A$2:$ZZ$1000, ROW(H4), MATCH(H$1, 'raw-sheet'!$A$1:$ZZ$1, 0))} -> 0 | J5: {=INDEX('raw-sheet'!$A$2:$ZZ$1000, ROW(J4), MATCH(J$1, 'raw-sheet'!$A$1:$ZZ$1, 0))} -> 0 | K5: {=INDEX('raw-sheet'!$A$2:$ZZ$1000, ROW(K4), MATCH(K$1, 'raw-sheet'!$A$1:$ZZ$1, 0))} -> 0 | M5: {=INDEX('raw-sheet'!$A$2:$ZZ$1000, ROW(M4), MATCH(M$1, 'raw-sheet'!$A$1:$ZZ$1, 0))} -> 0 | N5: =IF(A5=M5,"Pass","Not") -> Not | O5: {=INDEX('raw-sheet'!$A$2:$ZZ$1000, ROW(O4), MATCH(O$1, 'raw-sheet'!$A$1:$ZZ$1, 0))} -> 0 | P5: {=INDEX('raw-sheet'!$A$2:$ZZ$1000, ROW(P4), MATCH(P$1, 'raw-sheet'!$A$1:$ZZ$1, 0))} -> 0 | Q5: {=INDEX('raw-sheet'!$A$2:$ZZ$1000, ROW(Q4), MATCH(Q$1, 'raw-sheet'!$A$1:$ZZ$1, 0))} -> 0 | R5: {=INDEX('raw-sheet'!$A$2:$ZZ$1000, ROW(R4), MATCH(R$1, 'raw-sheet'!$A$1:$ZZ$1, 0))} -> 0 | S5: {=INDEX('raw-sheet'!$A$2:$ZZ$1000, ROW(S4), MATCH(S$1, 'raw-sheet'!$A$1:$ZZ$1, 0))} -> 0 | T5: {=INDEX('raw-sheet'!$A$2:$ZZ$1000, ROW(T4), MATCH(T$1, 'raw-sheet'!$A$1:$ZZ$1, 0))} -> 0 | U5: {=INDEX('raw-sheet'!$A$2:$ZZ$1000, ROW(U4), MATCH(U$1, 'raw-sheet'!$A$1:$ZZ$1, 0))} -> 0 | V5: {=INDEX('raw-sheet'!$A$2:$ZZ$1000, ROW(V4), MATCH(V$1, 'raw-sheet'!$A$1:$ZZ$1, 0))} -> 0 | ... X5: {=INDEX('raw-sheet'!$A$2:$ZZ$1000, ROW(X4), MATCH(X$1, 'raw-sheet'!$A$1:$ZZ$1, 0))} -> 0 | Z5: =VLOOKUP($A5,'raw-schema'!$A:$R,14,0) -> #N/A | AA5: =VLOOKUP($A5,'raw-schema'!$A:$R,15,0) -> #N/A | AB5: =VLOOKUP($A5,'raw-schema'!$A:$R,16,0) -> #N/A | AC5: =VLOOKUP($A5,'raw-schema'!$A:$R,17,0) -> #N/A | AD5: =VLOOKUP($A5,'raw-schema'!$A:$R,18,0) -> #N/A | AF5: 예외 적용 (blocked by robots.txt)
A6: {=INDEX('raw-sheet'!$A$2:$ZZ$1000, ROW(A5), MATCH(A$1, 'raw-sheet'!$A$1:$ZZ$1, 0))} -> https://innisfree-taiwan.myshopify.com/account/login | B6: Pass | C6: {=INDEX('raw-sheet'!$A$2:$ZZ$1000, ROW(C5), MATCH(C$1, 'raw-sheet'!$A$1:$ZZ$1, 0))} -> 0 | D6: {=INDEX('raw-sheet'!$A$2:$ZZ$1000, ROW(D5), MATCH(D$1, 'raw-sheet'!$A$1:$ZZ$1, 0))} -> 200 | E6: =IF(D6=200,"Pass","Not") -> Pass | F6: {=INDEX('raw-sheet'!$A$2:$ZZ$1000, ROW(F5), MATCH(F$1, 'raw-sheet'!$A$1:$ZZ$1, 0))} -> 帳號_x000D_ | INNISFREE Taiwan | G6: Pass | H6: {=INDEX('raw-sheet'!$A$2:$ZZ$1000, ROW(H5), MATCH(H$1, 'raw-sheet'!$A$1:$ZZ$1, 0))} -> 0 | I6: Pass | J6: {=INDEX('raw-sheet'!$A$2:$ZZ$1000, ROW(J5), MATCH(J$1, 'raw-sheet'!$A$1:$ZZ$1, 0))} -> 重設密碼 | K6: {=INDEX('raw-sheet'!$A$2:$ZZ$1000, ROW(K5), MATCH(K$1, 'raw-sheet'!$A$1:$ZZ$1, 0))} -> 2 | L6: Pass | M6: {=INDEX('raw-sheet'!$A$2:$ZZ$1000, ROW(M5), MATCH(M$1, 'raw-sheet'!$A$1:$ZZ$1, 0))} -> https://innisfree-taiwan.myshopify.com/account/login | N6: =IF(A6=M6,"Pass","Not") -> Pass | O6: {=INDEX('raw-sheet'!$A$2:$ZZ$1000, ROW(O5), MATCH(O$1, 'raw-sheet'!$A$1:$ZZ$1, 0))} -> 帳號 | INNISFREE Taiwan | P6: {=INDEX('raw-sheet'!$A$2:$ZZ$1000, ROW(P5), MATCH(P$1, 'raw-sheet'!$A$1:$ZZ$1, 0))} -> innisfree 來自韓國濟州島的No.1自然主義美妝保養品牌，不僅將濟州島清新潔淨的空氣、溫暖和煦的陽光、純淨天然的水源、肥沃健康的土壤、自然純粹的植物養分注入保養品，更為消費者打造健康與美麗。| innisfree Taiwan | Q6: {=INDEX('raw-sheet'!$A$2:$ZZ$1000, ROW(Q5), MATCH(Q$1, 'raw-sheet'!$A$1:$ZZ$1, 0))} -> website | R6: {=INDEX('raw-sheet'!$A$2:$ZZ$1000, ROW(R5), MATCH(R$1, 'raw-sheet'!$A$1:$ZZ$1, 0))} -> INNISFREE Taiwan | S6: {=INDEX('raw-sheet'!$A$2:$ZZ$1000, ROW(S5), MATCH(S$1, 'raw-sheet'!$A$1:$ZZ$1, 0))} -> http://innisfree-taiwan.myshopify.com/cdn/shop/files/logo.png?v=1767594135 | T6: {=INDEX('raw-sheet'!$A$2:$ZZ$1000, ROW(T5), MATCH(T$1, 'raw-sheet'!$A$1:$ZZ$1, 0))} -> https://innisfree-taiwan.myshopify.com/cdn/shop/files/logo.png?v=1767594135 | U6: {=INDEX('raw-sheet'!$A$2:$ZZ$1000, ROW(U5), MATCH(U$1, 'raw-sheet'!$A$1:$ZZ$1, 0))} -> https://innisfree-taiwan.myshopify.com/account/login | V6: {=INDEX('raw-sheet'!$A$2:$ZZ$1000, ROW(V5), MATCH(V$1, 'raw-sheet'!$A$1:$ZZ$1, 0))} -> 帳號 | INNISFREE Taiwan | ... X6: {=INDEX('raw-sheet'!$A$2:$ZZ$1000, ROW(X5), MATCH(X$1, 'raw-sheet'!$A$1:$ZZ$1, 0))} -> summary_large_image | Y6: Pass | Z6: =VLOOKUP($A6,'raw-schema'!$A:$R,14,0) -> Organization | AA6: =VLOOKUP($A6,'raw-schema'!$A:$R,15,0) -> 0 | AB6: =VLOOKUP($A6,'raw-schema'!$A:$R,16,0) -> 0 | AC6: =VLOOKUP($A6,'raw-schema'!$A:$R,17,0) -> 0 | AD6: =VLOOKUP($A6,'raw-schema'!$A:$R,18,0) -> 0 | AE6: Pass | AF6: 예외 적용 (blocked by robots.txt)
A7: {=INDEX('raw-sheet'!$A$2:$ZZ$1000, ROW(A6), MATCH(A$1, 'raw-sheet'!$A$1:$ZZ$1, 0))} -> https://innisfree-taiwan.myshopify.com/account/login?return_url=%2Faccount | B7: Pass | C7: {=INDEX('raw-sheet'!$A$2:$ZZ$1000, ROW(C6), MATCH(C$1, 'raw-sheet'!$A$1:$ZZ$1, 0))} -> 0 | D7: {=INDEX('raw-sheet'!$A$2:$ZZ$1000, ROW(D6), MATCH(D$1, 'raw-sheet'!$A$1:$ZZ$1, 0))} -> 200 | E7: =IF(D7=200,"Pass","Not") -> Pass | F7: {=INDEX('raw-sheet'!$A$2:$ZZ$1000, ROW(F6), MATCH(F$1, 'raw-sheet'!$A$1:$ZZ$1, 0))} -> 帳號_x000D_ | INNISFREE Taiwan | G7: Pass | H7: {=INDEX('raw-sheet'!$A$2:$ZZ$1000, ROW(H6), MATCH(H$1, 'raw-sheet'!$A$1:$ZZ$1, 0))} -> 0 | I7: Pass | J7: {=INDEX('raw-sheet'!$A$2:$ZZ$1000, ROW(J6), MATCH(J$1, 'raw-sheet'!$A$1:$ZZ$1, 0))} -> 重設密碼 | K7: {=INDEX('raw-sheet'!$A$2:$ZZ$1000, ROW(K6), MATCH(K$1, 'raw-sheet'!$A$1:$ZZ$1, 0))} -> 2 | L7: Pass | M7: {=INDEX('raw-sheet'!$A$2:$ZZ$1000, ROW(M6), MATCH(M$1, 'raw-sheet'!$A$1:$ZZ$1, 0))} -> https://innisfree-taiwan.myshopify.com/account/login | N7: =IF(A7=M7,"Pass","Not") -> Not | O7: {=INDEX('raw-sheet'!$A$2:$ZZ$1000, ROW(O6), MATCH(O$1, 'raw-sheet'!$A$1:$ZZ$1, 0))} -> 帳號 | INNISFREE Taiwan | P7: {=INDEX('raw-sheet'!$A$2:$ZZ$1000, ROW(P6), MATCH(P$1, 'raw-sheet'!$A$1:$ZZ$1, 0))} -> innisfree 來自韓國濟州島的No.1自然主義美妝保養品牌，不僅將濟州島清新潔淨的空氣、溫暖和煦的陽光、純淨天然的水源、肥沃健康的土壤、自然純粹的植物養分注入保養品，更為消費者打造健康與美麗。| innisfree Taiwan | Q7: {=INDEX('raw-sheet'!$A$2:$ZZ$1000, ROW(Q6), MATCH(Q$1, 'raw-sheet'!$A$1:$ZZ$1, 0))} -> website | R7: {=INDEX('raw-sheet'!$A$2:$ZZ$1000, ROW(R6), MATCH(R$1, 'raw-sheet'!$A$1:$ZZ$1, 0))} -> INNISFREE Taiwan | S7: {=INDEX('raw-sheet'!$A$2:$ZZ$1000, ROW(S6), MATCH(S$1, 'raw-sheet'!$A$1:$ZZ$1, 0))} -> http://innisfree-taiwan.myshopify.com/cdn/shop/files/logo.png?v=1767594135 | T7: {=INDEX('raw-sheet'!$A$2:$ZZ$1000, ROW(T6), MATCH(T$1, 'raw-sheet'!$A$1:$ZZ$1, 0))} -> https://innisfree-taiwan.myshopify.com/cdn/shop/files/logo.png?v=1767594135 | U7: {=INDEX('raw-sheet'!$A$2:$ZZ$1000, ROW(U6), MATCH(U$1, 'raw-sheet'!$A$1:$ZZ$1, 0))} -> https://innisfree-taiwan.myshopify.com/account/login | V7: {=INDEX('raw-sheet'!$A$2:$ZZ$1000, ROW(V6), MATCH(V$1, 'raw-sheet'!$A$1:$ZZ$1, 0))} -> 帳號 | INNISFREE Taiwan | ... X7: {=INDEX('raw-sheet'!$A$2:$ZZ$1000, ROW(X6), MATCH(X$1, 'raw-sheet'!$A$1:$ZZ$1, 0))} -> summary_large_image | Y7: Pass | Z7: =VLOOKUP($A7,'raw-schema'!$A:$R,14,0) -> Organization | AA7: =VLOOKUP($A7,'raw-schema'!$A:$R,15,0) -> 0 | AB7: =VLOOKUP($A7,'raw-schema'!$A:$R,16,0) -> 0 | AC7: =VLOOKUP($A7,'raw-schema'!$A:$R,17,0) -> 0 | AD7: =VLOOKUP($A7,'raw-schema'!$A:$R,18,0) -> 0 | AE7: Pass | AF7: 예외 적용 (blocked by robots.txt)
A8: {=INDEX('raw-sheet'!$A$2:$ZZ$1000, ROW(A7), MATCH(A$1, 'raw-sheet'!$A$1:$ZZ$1, 0))} -> https://innisfree-taiwan.myshopify.com/account/login?return_url=%2Faccount%2Faddresses | B8: Pass | C8: {=INDEX('raw-sheet'!$A$2:$ZZ$1000, ROW(C7), MATCH(C$1, 'raw-sheet'!$A$1:$ZZ$1, 0))} -> 0 | D8: {=INDEX('raw-sheet'!$A$2:$ZZ$1000, ROW(D7), MATCH(D$1, 'raw-sheet'!$A$1:$ZZ$1, 0))} -> 200 | E8: =IF(D8=200,"Pass","Not") -> Pass | F8: {=INDEX('raw-sheet'!$A$2:$ZZ$1000, ROW(F7), MATCH(F$1, 'raw-sheet'!$A$1:$ZZ$1, 0))} -> 帳號_x000D_ | INNISFREE Taiwan | G8: Pass | H8: {=INDEX('raw-sheet'!$A$2:$ZZ$1000, ROW(H7), MATCH(H$1, 'raw-sheet'!$A$1:$ZZ$1, 0))} -> 0 | I8: Pass | J8: {=INDEX('raw-sheet'!$A$2:$ZZ$1000, ROW(J7), MATCH(J$1, 'raw-sheet'!$A$1:$ZZ$1, 0))} -> 重設密碼 | K8: {=INDEX('raw-sheet'!$A$2:$ZZ$1000, ROW(K7), MATCH(K$1, 'raw-sheet'!$A$1:$ZZ$1, 0))} -> 2 | L8: Pass | M8: {=INDEX('raw-sheet'!$A$2:$ZZ$1000, ROW(M7), MATCH(M$1, 'raw-sheet'!$A$1:$ZZ$1, 0))} -> https://innisfree-taiwan.myshopify.com/account/login | N8: =IF(A8=M8,"Pass","Not") -> Not | O8: {=INDEX('raw-sheet'!$A$2:$ZZ$1000, ROW(O7), MATCH(O$1, 'raw-sheet'!$A$1:$ZZ$1, 0))} -> 帳號 | INNISFREE Taiwan | P8: {=INDEX('raw-sheet'!$A$2:$ZZ$1000, ROW(P7), MATCH(P$1, 'raw-sheet'!$A$1:$ZZ$1, 0))} -> innisfree 來自韓國濟州島的No.1自然主義美妝保養品牌，不僅將濟州島清新潔淨的空氣、溫暖和煦的陽光、純淨天然的水源、肥沃健康的土壤、自然純粹的植物養分注入保養品，更為消費者打造健康與美麗。| innisfree Taiwan | Q8: {=INDEX('raw-sheet'!$A$2:$ZZ$1000, ROW(Q7), MATCH(Q$1, 'raw-sheet'!$A$1:$ZZ$1, 0))} -> website | R8: {=INDEX('raw-sheet'!$A$2:$ZZ$1000, ROW(R7), MATCH(R$1, 'raw-sheet'!$A$1:$ZZ$1, 0))} -> INNISFREE Taiwan | S8: {=INDEX('raw-sheet'!$A$2:$ZZ$1000, ROW(S7), MATCH(S$1, 'raw-sheet'!$A$1:$ZZ$1, 0))} -> http://innisfree-taiwan.myshopify.com/cdn/shop/files/logo.png?v=1767594135 | T8: {=INDEX('raw-sheet'!$A$2:$ZZ$1000, ROW(T7), MATCH(T$1, 'raw-sheet'!$A$1:$ZZ$1, 0))} -> https://innisfree-taiwan.myshopify.com/cdn/shop/files/logo.png?v=1767594135 | U8: {=INDEX('raw-sheet'!$A$2:$ZZ$1000, ROW(U7), MATCH(U$1, 'raw-sheet'!$A$1:$ZZ$1, 0))} -> https://innisfree-taiwan.myshopify.com/account/login | V8: {=INDEX('raw-sheet'!$A$2:$ZZ$1000, ROW(V7), MATCH(V$1, 'raw-sheet'!$A$1:$ZZ$1, 0))} -> 帳號 | INNISFREE Taiwan | ... X8: {=INDEX('raw-sheet'!$A$2:$ZZ$1000, ROW(X7), MATCH(X$1, 'raw-sheet'!$A$1:$ZZ$1, 0))} -> summary_large_image | Y8: Pass | Z8: =VLOOKUP($A8,'raw-schema'!$A:$R,14,0) -> Organization | AA8: =VLOOKUP($A8,'raw-schema'!$A:$R,15,0) -> 0 | AB8: =VLOOKUP($A8,'raw-schema'!$A:$R,16,0) -> 0 | AC8: =VLOOKUP($A8,'raw-schema'!$A:$R,17,0) -> 0 | AD8: =VLOOKUP($A8,'raw-schema'!$A:$R,18,0) -> 0 | AE8: Pass | AF8: 예외 적용 (blocked by robots.txt)
A9: {=INDEX('raw-sheet'!$A$2:$ZZ$1000, ROW(A8), MATCH(A$1, 'raw-sheet'!$A$1:$ZZ$1, 0))} -> https://innisfree-taiwan.myshopify.com/account/register | B9: Pass | C9: {=INDEX('raw-sheet'!$A$2:$ZZ$1000, ROW(C8), MATCH(C$1, 'raw-sheet'!$A$1:$ZZ$1, 0))} -> 0 | D9: {=INDEX('raw-sheet'!$A$2:$ZZ$1000, ROW(D8), MATCH(D$1, 'raw-sheet'!$A$1:$ZZ$1, 0))} -> 200 | E9: =IF(D9=200,"Pass","Not") -> Pass | F9: {=INDEX('raw-sheet'!$A$2:$ZZ$1000, ROW(F8), MATCH(F$1, 'raw-sheet'!$A$1:$ZZ$1, 0))} -> 建立帳號_x000D_ | INNISFREE Taiwan | G9: Pass | H9: {=INDEX('raw-sheet'!$A$2:$ZZ$1000, ROW(H8), MATCH(H$1, 'raw-sheet'!$A$1:$ZZ$1, 0))} -> 0 | I9: Pass | J9: {=INDEX('raw-sheet'!$A$2:$ZZ$1000, ROW(J8), MATCH(J$1, 'raw-sheet'!$A$1:$ZZ$1, 0))} -> 註冊 | K9: {=INDEX('raw-sheet'!$A$2:$ZZ$1000, ROW(K8), MATCH(K$1, 'raw-sheet'!$A$1:$ZZ$1, 0))} -> 1 | L9: Pass | M9: {=INDEX('raw-sheet'!$A$2:$ZZ$1000, ROW(M8), MATCH(M$1, 'raw-sheet'!$A$1:$ZZ$1, 0))} -> https://innisfree-taiwan.myshopify.com/account/register | N9: =IF(A9=M9,"Pass","Not") -> Pass | O9: {=INDEX('raw-sheet'!$A$2:$ZZ$1000, ROW(O8), MATCH(O$1, 'raw-sheet'!$A$1:$ZZ$1, 0))} -> 建立帳號 | INNISFREE Taiwan | P9: {=INDEX('raw-sheet'!$A$2:$ZZ$1000, ROW(P8), MATCH(P$1, 'raw-sheet'!$A$1:$ZZ$1, 0))} -> innisfree 來自韓國濟州島的No.1自然主義美妝保養品牌，不僅將濟州島清新潔淨的空氣、溫暖和煦的陽光、純淨天然的水源、肥沃健康的土壤、自然純粹的植物養分注入保養品，更為消費者打造健康與美麗。| innisfree Taiwan | Q9: {=INDEX('raw-sheet'!$A$2:$ZZ$1000, ROW(Q8), MATCH(Q$1, 'raw-sheet'!$A$1:$ZZ$1, 0))} -> website | R9: {=INDEX('raw-sheet'!$A$2:$ZZ$1000, ROW(R8), MATCH(R$1, 'raw-sheet'!$A$1:$ZZ$1, 0))} -> INNISFREE Taiwan | S9: {=INDEX('raw-sheet'!$A$2:$ZZ$1000, ROW(S8), MATCH(S$1, 'raw-sheet'!$A$1:$ZZ$1, 0))} -> http://innisfree-taiwan.myshopify.com/cdn/shop/files/logo.png?v=1767594135 | T9: {=INDEX('raw-sheet'!$A$2:$ZZ$1000, ROW(T8), MATCH(T$1, 'raw-sheet'!$A$1:$ZZ$1, 0))} -> https://innisfree-taiwan.myshopify.com/cdn/shop/files/logo.png?v=1767594135 | U9: {=INDEX('raw-sheet'!$A$2:$ZZ$1000, ROW(U8), MATCH(U$1, 'raw-sheet'!$A$1:$ZZ$1, 0))} -> https://innisfree-taiwan.myshopify.com/account/register | V9: {=INDEX('raw-sheet'!$A$2:$ZZ$1000, ROW(V8), MATCH(V$1, 'raw-sheet'!$A$1:$ZZ$1, 0))} -> 建立帳號 | INNISFREE Taiwan | ... X9: {=INDEX('raw-sheet'!$A$2:$ZZ$1000, ROW(X8), MATCH(X$1, 'raw-sheet'!$A$1:$ZZ$1, 0))} -> summary_large_image | Y9: Pass | Z9: =VLOOKUP($A9,'raw-schema'!$A:$R,14,0) -> Organization | AA9: =VLOOKUP($A9,'raw-schema'!$A:$R,15,0) -> 0 | AB9: =VLOOKUP($A9,'raw-schema'!$A:$R,16,0) -> 0 | AC9: =VLOOKUP($A9,'raw-schema'!$A:$R,17,0) -> 0 | AD9: =VLOOKUP($A9,'raw-schema'!$A:$R,18,0) -> 0 | AE9: Pass | AF9: 예외 적용 (blocked by robots.txt)
A10: {=INDEX('raw-sheet'!$A$2:$ZZ$1000, ROW(A9), MATCH(A$1, 'raw-sheet'!$A$1:$ZZ$1, 0))} -> https://innisfree-taiwan.myshopify.com/blogs/event | B10: Pass | C10: {=INDEX('raw-sheet'!$A$2:$ZZ$1000, ROW(C9), MATCH(C$1, 'raw-sheet'!$A$1:$ZZ$1, 0))} -> Blog Page | D10: {=INDEX('raw-sheet'!$A$2:$ZZ$1000, ROW(D9), MATCH(D$1, 'raw-sheet'!$A$1:$ZZ$1, 0))} -> 200 | E10: =IF(D10=200,"Pass","Not") -> Pass | F10: {=INDEX('raw-sheet'!$A$2:$ZZ$1000, ROW(F9), MATCH(F$1, 'raw-sheet'!$A$1:$ZZ$1, 0))} -> 活動_x000D_ | INNISFREE Taiwan | G10: duplicate | H10: {=INDEX('raw-sheet'!$A$2:$ZZ$1000, ROW(H9), MATCH(H$1, 'raw-sheet'!$A$1:$ZZ$1, 0))} -> 0 | I10: missing | J10: {=INDEX('raw-sheet'!$A$2:$ZZ$1000, ROW(J9), MATCH(J$1, 'raw-sheet'!$A$1:$ZZ$1, 0))} -> 活動 | K10: {=INDEX('raw-sheet'!$A$2:$ZZ$1000, ROW(K9), MATCH(K$1, 'raw-sheet'!$A$1:$ZZ$1, 0))} -> 1 | L10: duplicate | M10: {=INDEX('raw-sheet'!$A$2:$ZZ$1000, ROW(M9), MATCH(M$1, 'raw-sheet'!$A$1:$ZZ$1, 0))} -> https://innisfree-taiwan.myshopify.com/blogs/event | N10: =IF(A10=M10,"Pass","Not") -> Pass | O10: {=INDEX('raw-sheet'!$A$2:$ZZ$1000, ROW(O9), MATCH(O$1, 'raw-sheet'!$A$1:$ZZ$1, 0))} -> 活動 | INNISFREE Taiwan | P10: {=INDEX('raw-sheet'!$A$2:$ZZ$1000, ROW(P9), MATCH(P$1, 'raw-sheet'!$A$1:$ZZ$1, 0))} -> innisfree 來自韓國濟州島的No.1自然主義美妝保養品牌，不僅將濟州島清新潔淨的空氣、溫暖和煦的陽光、純淨天然的水源、肥沃健康的土壤、自然純粹的植物養分注入保養品，更為消費者打造健康與美麗。| innisfree Taiwan | Q10: {=INDEX('raw-sheet'!$A$2:$ZZ$1000, ROW(Q9), MATCH(Q$1, 'raw-sheet'!$A$1:$ZZ$1, 0))} -> website | R10: {=INDEX('raw-sheet'!$A$2:$ZZ$1000, ROW(R9), MATCH(R$1, 'raw-sheet'!$A$1:$ZZ$1, 0))} -> INNISFREE Taiwan | S10: {=INDEX('raw-sheet'!$A$2:$ZZ$1000, ROW(S9), MATCH(S$1, 'raw-sheet'!$A$1:$ZZ$1, 0))} -> http://innisfree-taiwan.myshopify.com/cdn/shop/files/logo.png?v=1767594135 | T10: {=INDEX('raw-sheet'!$A$2:$ZZ$1000, ROW(T9), MATCH(T$1, 'raw-sheet'!$A$1:$ZZ$1, 0))} -> https://innisfree-taiwan.myshopify.com/cdn/shop/files/logo.png?v=1767594135 | U10: {=INDEX('raw-sheet'!$A$2:$ZZ$1000, ROW(U9), MATCH(U$1, 'raw-sheet'!$A$1:$ZZ$1, 0))} -> https://innisfree-taiwan.myshopify.com/blogs/event | V10: {=INDEX('raw-sheet'!$A$2:$ZZ$1000, ROW(V9), MATCH(V$1, 'raw-sheet'!$A$1:$ZZ$1, 0))} -> 活動 | INNISFREE Taiwan | ... X10: {=INDEX('raw-sheet'!$A$2:$ZZ$1000, ROW(X9), MATCH(X$1, 'raw-sheet'!$A$1:$ZZ$1, 0))} -> summary_large_image | Y10: duplicate title duplicate desc. | Z10: =VLOOKUP($A10,'raw-schema'!$A:$R,14,0) -> Organization | AA10: =VLOOKUP($A10,'raw-schema'!$A:$R,15,0) -> 0 | AB10: =VLOOKUP($A10,'raw-schema'!$A:$R,16,0) -> 0 | AC10: =VLOOKUP($A10,'raw-schema'!$A:$R,17,0) -> 0 | AD10: =VLOOKUP($A10,'raw-schema'!$A:$R,18,0) -> 0 | AE10: Schema 보강 필요 (Blog)
A11: {=INDEX('raw-sheet'!$A$2:$ZZ$1000, ROW(A10), MATCH(A$1, 'raw-sheet'!$A$1:$ZZ$1, 0))} -> https://innisfree-taiwan.myshopify.com/blogs/event/gift-set_event-list | B11: underbar("_") x hyphen is recommended | C11: {=INDEX('raw-sheet'!$A$2:$ZZ$1000, ROW(C10), MATCH(C$1, 'raw-sheet'!$A$1:$ZZ$1, 0))} -> Blog Page | D11: {=INDEX('raw-sheet'!$A$2:$ZZ$1000, ROW(D10), MATCH(D$1, 'raw-sheet'!$A$1:$ZZ$1, 0))} -> 200 | E11: =IF(D11=200,"Pass","Not") -> Pass | F11: {=INDEX('raw-sheet'!$A$2:$ZZ$1000, ROW(F10), MATCH(F$1, 'raw-sheet'!$A$1:$ZZ$1, 0))} -> Gift set_Event List_x000D_ | INNISFREE Taiwan | G11: Pass | H11: {=INDEX('raw-sheet'!$A$2:$ZZ$1000, ROW(H10), MATCH(H$1, 'raw-sheet'!$A$1:$ZZ$1, 0))} -> 0 | I11: missing | J11: {=INDEX('raw-sheet'!$A$2:$ZZ$1000, ROW(J10), MATCH(J$1, 'raw-sheet'!$A$1:$ZZ$1, 0))} -> Gift set_Event List | K11: {=INDEX('raw-sheet'!$A$2:$ZZ$1000, ROW(K10), MATCH(K$1, 'raw-sheet'!$A$1:$ZZ$1, 0))} -> 1 | L11: Pass | M11: {=INDEX('raw-sheet'!$A$2:$ZZ$1000, ROW(M10), MATCH(M$1, 'raw-sheet'!$A$1:$ZZ$1, 0))} -> https://innisfree-taiwan.myshopify.com/blogs/event/gift-set_event-list | N11: =IF(A11=M11,"Pass","Not") -> Pass | O11: {=INDEX('raw-sheet'!$A$2:$ZZ$1000, ROW(O10), MATCH(O$1, 'raw-sheet'!$A$1:$ZZ$1, 0))} -> Gift set_Event List | INNISFREE Taiwan | P11: {=INDEX('raw-sheet'!$A$2:$ZZ$1000, ROW(P10), MATCH(P$1, 'raw-sheet'!$A$1:$ZZ$1, 0))} -> innisfree 來自韓國濟州島的No.1自然主義美妝保養品牌，不僅將濟州島清新潔淨的空氣、溫暖和煦的陽光、純淨天然的水源、肥沃健康的土壤、自然純粹的植物養分注入保養品，更為消費者打造健康與美麗。| innisfree Taiwan | Q11: {=INDEX('raw-sheet'!$A$2:$ZZ$1000, ROW(Q10), MATCH(Q$1, 'raw-sheet'!$A$1:$ZZ$1, 0))} -> article | R11: {=INDEX('raw-sheet'!$A$2:$ZZ$1000, ROW(R10), MATCH(R$1, 'raw-sheet'!$A$1:$ZZ$1, 0))} -> INNISFREE Taiwan | S11: {=INDEX('raw-sheet'!$A$2:$ZZ$1000, ROW(S10), MATCH(S$1, 'raw-sheet'!$A$1:$ZZ$1, 0))} -> http://innisfree-taiwan.myshopify.com/cdn/shop/articles/Gift_set_Event_List_PC__963x600_1256ad40-bdd5-472a-99dd-26407920d6ec.jpg?v=1770101796 | T11: {=INDEX('raw-sheet'!$A$2:$ZZ$1000, ROW(T10), MATCH(T$1, 'raw-sheet'!$A$1:$ZZ$1, 0))} -> https://innisfree-taiwan.myshopify.com/cdn/shop/articles/Gift_set_Event_List_PC__963x600_1256ad40-bdd5-472a-99dd-26407920d6ec.jpg?v=1770101796 | U11: {=INDEX('raw-sheet'!$A$2:$ZZ$1000, ROW(U10), MATCH(U$1, 'raw-sheet'!$A$1:$ZZ$1, 0))} -> https://innisfree-taiwan.myshopify.com/blogs/event/gift-set_event-list | V11: {=INDEX('raw-sheet'!$A$2:$ZZ$1000, ROW(V10), MATCH(V$1, 'raw-sheet'!$A$1:$ZZ$1, 0))} -> Gift set_Event List | INNISFREE Taiwan | ... X11: {=INDEX('raw-sheet'!$A$2:$ZZ$1000, ROW(X10), MATCH(X$1, 'raw-sheet'!$A$1:$ZZ$1, 0))} -> summary_large_image | Y11: duplicate desc. | Z11: =VLOOKUP($A11,'raw-schema'!$A:$R,14,0) -> Article | AA11: =VLOOKUP($A11,'raw-schema'!$A:$R,15,0) -> Organization | AB11: =VLOOKUP($A11,'raw-schema'!$A:$R,16,0) -> Person | AC11: =VLOOKUP($A11,'raw-schema'!$A:$R,17,0) -> WebPage | AD11: =VLOOKUP($A11,'raw-schema'!$A:$R,18,0) -> 0 | AE11: Schema 보강 필요 (Blog)
A12: {=INDEX('raw-sheet'!$A$2:$ZZ$1000, ROW(A11), MATCH(A$1, 'raw-sheet'!$A$1:$ZZ$1, 0))} -> https://innisfree-taiwan.myshopify.com/blogs/event/leave-a-review-and-get-a-free-face-mask | B12: Pass | C12: {=INDEX('raw-sheet'!$A$2:$ZZ$1000, ROW(C11), MATCH(C$1, 'raw-sheet'!$A$1:$ZZ$1, 0))} -> Blog Page | D12: {=INDEX('raw-sheet'!$A$2:$ZZ$1000, ROW(D11), MATCH(D$1, 'raw-sheet'!$A$1:$ZZ$1, 0))} -> 200 | E12: =IF(D12=200,"Pass","Not") -> Pass | F12: {=INDEX('raw-sheet'!$A$2:$ZZ$1000, ROW(F11), MATCH(F$1, 'raw-sheet'!$A$1:$ZZ$1, 0))} -> 填心得 領面膜！_x000D_ | INNISFREE Taiwan | G12: Pass | H12: {=INDEX('raw-sheet'!$A$2:$ZZ$1000, ROW(H11), MATCH(H$1, 'raw-sheet'!$A$1:$ZZ$1, 0))} -> 0 | I12: missing | J12: {=INDEX('raw-sheet'!$A$2:$ZZ$1000, ROW(J11), MATCH(J$1, 'raw-sheet'!$A$1:$ZZ$1, 0))} -> 填心得 領面膜！ | K12: {=INDEX('raw-sheet'!$A$2:$ZZ$1000, ROW(K11), MATCH(K$1, 'raw-sheet'!$A$1:$ZZ$1, 0))} -> 1 | L12: Pass | M12: {=INDEX('raw-sheet'!$A$2:$ZZ$1000, ROW(M11), MATCH(M$1, 'raw-sheet'!$A$1:$ZZ$1, 0))} -> https://innisfree-taiwan.myshopify.com/blogs/event/leave-a-review-and-get-a-free-face-mask | N12: =IF(A12=M12,"Pass","Not") -> Pass | O12: {=INDEX('raw-sheet'!$A$2:$ZZ$1000, ROW(O11), MATCH(O$1, 'raw-sheet'!$A$1:$ZZ$1, 0))} -> 填心得 領面膜！ | INNISFREE Taiwan | P12: {=INDEX('raw-sheet'!$A$2:$ZZ$1000, ROW(P11), MATCH(P$1, 'raw-sheet'!$A$1:$ZZ$1, 0))} -> innisfree 來自韓國濟州島的No.1自然主義美妝保養品牌，不僅將濟州島清新潔淨的空氣、溫暖和煦的陽光、純淨天然的水源、肥沃健康的土壤、自然純粹的植物養分注入保養品，更為消費者打造健康與美麗。| innisfree Taiwan | Q12: {=INDEX('raw-sheet'!$A$2:$ZZ$1000, ROW(Q11), MATCH(Q$1, 'raw-sheet'!$A$1:$ZZ$1, 0))} -> article | R12: {=INDEX('raw-sheet'!$A$2:$ZZ$1000, ROW(R11), MATCH(R$1, 'raw-sheet'!$A$1:$ZZ$1, 0))} -> INNISFREE Taiwan | S12: {=INDEX('raw-sheet'!$A$2:$ZZ$1000, ROW(S11), MATCH(S$1, 'raw-sheet'!$A$1:$ZZ$1, 0))} -> http://innisfree-taiwan.myshopify.com/cdn/shop/articles/377_EV0102_attimg_origin_a54ebf7e-6a2b-4bb2-a2d0-aeee77f64cd7.jpg?v=1769748350 | T12: {=INDEX('raw-sheet'!$A$2:$ZZ$1000, ROW(T11), MATCH(T$1, 'raw-sheet'!$A$1:$ZZ$1, 0))} -> https://innisfree-taiwan.myshopify.com/cdn/shop/articles/377_EV0102_attimg_origin_a54ebf7e-6a2b-4bb2-a2d0-aeee77f64cd7.jpg?v=1769748350 | U12: {=INDEX('raw-sheet'!$A$2:$ZZ$1000, ROW(U11), MATCH(U$1, 'raw-sheet'!$A$1:$ZZ$1, 0))} -> https://innisfree-taiwan.myshopify.com/blogs/event/leave-a-review-and-get-a-free-face-mask | V12: {=INDEX('raw-sheet'!$A$2:$ZZ$1000, ROW(V11), MATCH(V$1, 'raw-sheet'!$A$1:$ZZ$1, 0))} -> 填心得 領面膜！ | INNISFREE Taiwan | ... X12: {=INDEX('raw-sheet'!$A$2:$ZZ$1000, ROW(X11), MATCH(X$1, 'raw-sheet'!$A$1:$ZZ$1, 0))} -> summary_large_image | Y12: duplicate desc. | Z12: =VLOOKUP($A12,'raw-schema'!$A:$R,14,0) -> Article | AA12: =VLOOKUP($A12,'raw-schema'!$A:$R,15,0) -> Organization | AB12: =VLOOKUP($A12,'raw-schema'!$A:$R,16,0) -> Person | AC12: =VLOOKUP($A12,'raw-schema'!$A:$R,17,0) -> WebPage | AD12: =VLOOKUP($A12,'raw-schema'!$A:$R,18,0) -> 0 | AE12: Schema 보강 필요 (Blog)
A13: {=INDEX('raw-sheet'!$A$2:$ZZ$1000, ROW(A12), MATCH(A$1, 'raw-sheet'!$A$1:$ZZ$1, 0))} -> https://innisfree-taiwan.myshopify.com/blogs/event/monthly-vip-exclusive-offers | B13: Pass | C13: {=INDEX('raw-sheet'!$A$2:$ZZ$1000, ROW(C12), MATCH(C$1, 'raw-sheet'!$A$1:$ZZ$1, 0))} -> Blog Page | D13: {=INDEX('raw-sheet'!$A$2:$ZZ$1000, ROW(D12), MATCH(D$1, 'raw-sheet'!$A$1:$ZZ$1, 0))} -> 200 | E13: =IF(D13=200,"Pass","Not") -> Pass | F13: {=INDEX('raw-sheet'!$A$2:$ZZ$1000, ROW(F12), MATCH(F$1, 'raw-sheet'!$A$1:$ZZ$1, 0))} -> 👑每月VIP專屬優惠👑_x000D_ | INNISFREE Taiwan | G13: Pass | H13: {=INDEX('raw-sheet'!$A$2:$ZZ$1000, ROW(H12), MATCH(H$1, 'raw-sheet'!$A$1:$ZZ$1, 0))} -> 0 | I13: missing | J13: {=INDEX('raw-sheet'!$A$2:$ZZ$1000, ROW(J12), MATCH(J$1, 'raw-sheet'!$A$1:$ZZ$1, 0))} -> 👑每月VIP專屬優惠👑 | K13: {=INDEX('raw-sheet'!$A$2:$ZZ$1000, ROW(K12), MATCH(K$1, 'raw-sheet'!$A$1:$ZZ$1, 0))} -> 1 | L13: Pass | M13: {=INDEX('raw-sheet'!$A$2:$ZZ$1000, ROW(M12), MATCH(M$1, 'raw-sheet'!$A$1:$ZZ$1, 0))} -> https://innisfree-taiwan.myshopify.com/blogs/event/monthly-vip-exclusive-offers | N13: =IF(A13=M13,"Pass","Not") -> Pass | O13: {=INDEX('raw-sheet'!$A$2:$ZZ$1000, ROW(O12), MATCH(O$1, 'raw-sheet'!$A$1:$ZZ$1, 0))} -> 👑每月VIP專屬優惠👑 | INNISFREE Taiwan | P13: {=INDEX('raw-sheet'!$A$2:$ZZ$1000, ROW(P12), MATCH(P$1, 'raw-sheet'!$A$1:$ZZ$1, 0))} -> innisfree 來自韓國濟州島的No.1自然主義美妝保養品牌，不僅將濟州島清新潔淨的空氣、溫暖和煦的陽光、純淨天然的水源、肥沃健康的土壤、自然純粹的植物養分注入保養品，更為消費者打造健康與美麗。| innisfree Taiwan | Q13: {=INDEX('raw-sheet'!$A$2:$ZZ$1000, ROW(Q12), MATCH(Q$1, 'raw-sheet'!$A$1:$ZZ$1, 0))} -> article | R13: {=INDEX('raw-sheet'!$A$2:$ZZ$1000, ROW(R12), MATCH(R$1, 'raw-sheet'!$A$1:$ZZ$1, 0))} -> INNISFREE Taiwan | S13: {=INDEX('raw-sheet'!$A$2:$ZZ$1000, ROW(S12), MATCH(S$1, 'raw-sheet'!$A$1:$ZZ$1, 0))} -> http://innisfree-taiwan.myshopify.com/cdn/shop/articles/pdp_mig_323ab24c_374_EV0102_attimg_origin_jpg.jpg?v=1768455377 | T13: {=INDEX('raw-sheet'!$A$2:$ZZ$1000, ROW(T12), MATCH(T$1, 'raw-sheet'!$A$1:$ZZ$1, 0))} -> https://innisfree-taiwan.myshopify.com/cdn/shop/articles/pdp_mig_323ab24c_374_EV0102_attimg_origin_jpg.jpg?v=1768455377 | U13: {=INDEX('raw-sheet'!$A$2:$ZZ$1000, ROW(U12), MATCH(U$1, 'raw-sheet'!$A$1:$ZZ$1, 0))} -> https://innisfree-taiwan.myshopify.com/blogs/event/monthly-vip-exclusive-offers | V13: {=INDEX('raw-sheet'!$A$2:$ZZ$1000, ROW(V12), MATCH(V$1, 'raw-sheet'!$A$1:$ZZ$1, 0))} -> 👑每月VIP專屬優惠👑 | INNISFREE Taiwan | ... X13: {=INDEX('raw-sheet'!$A$2:$ZZ$1000, ROW(X12), MATCH(X$1, 'raw-sheet'!$A$1:$ZZ$1, 0))} -> summary_large_image | Y13: duplicate desc. | Z13: =VLOOKUP($A13,'raw-schema'!$A:$R,14,0) -> Article | AA13: =VLOOKUP($A13,'raw-schema'!$A:$R,15,0) -> Organization | AB13: =VLOOKUP($A13,'raw-schema'!$A:$R,16,0) -> Person | AC13: =VLOOKUP($A13,'raw-schema'!$A:$R,17,0) -> WebPage | AD13: =VLOOKUP($A13,'raw-schema'!$A:$R,18,0) -> 0 | AE13: Schema 보강 필요 (Blog)
A14: {=INDEX('raw-sheet'!$A$2:$ZZ$1000, ROW(A13), MATCH(A$1, 'raw-sheet'!$A$1:$ZZ$1, 0))} -> https://innisfree-taiwan.myshopify.com/blogs/event/pdrn-anniversary-celebration | B14: Pass | C14: {=INDEX('raw-sheet'!$A$2:$ZZ$1000, ROW(C13), MATCH(C$1, 'raw-sheet'!$A$1:$ZZ$1, 0))} -> Blog Page | D14: {=INDEX('raw-sheet'!$A$2:$ZZ$1000, ROW(D13), MATCH(D$1, 'raw-sheet'!$A$1:$ZZ$1, 0))} -> 200 | E14: =IF(D14=200,"Pass","Not") -> Pass | F14: {=INDEX('raw-sheet'!$A$2:$ZZ$1000, ROW(F13), MATCH(F$1, 'raw-sheet'!$A$1:$ZZ$1, 0))} -> 🥳PDRN上市周年慶🎊🎂_x000D_ | INNISFREE Taiwan | G14: Pass | H14: {=INDEX('raw-sheet'!$A$2:$ZZ$1000, ROW(H13), MATCH(H$1, 'raw-sheet'!$A$1:$ZZ$1, 0))} -> 0 | I14: missing | J14: {=INDEX('raw-sheet'!$A$2:$ZZ$1000, ROW(J13), MATCH(J$1, 'raw-sheet'!$A$1:$ZZ$1, 0))} -> 🥳PDRN上市周年慶🎊🎂 | K14: {=INDEX('raw-sheet'!$A$2:$ZZ$1000, ROW(K13), MATCH(K$1, 'raw-sheet'!$A$1:$ZZ$1, 0))} -> 1 | L14: Pass | M14: {=INDEX('raw-sheet'!$A$2:$ZZ$1000, ROW(M13), MATCH(M$1, 'raw-sheet'!$A$1:$ZZ$1, 0))} -> https://innisfree-taiwan.myshopify.com/blogs/event/pdrn-anniversary-celebration | N14: =IF(A14=M14,"Pass","Not") -> Pass | O14: {=INDEX('raw-sheet'!$A$2:$ZZ$1000, ROW(O13), MATCH(O$1, 'raw-sheet'!$A$1:$ZZ$1, 0))} -> 🥳PDRN上市周年慶🎊🎂 | INNISFREE Taiwan | P14: {=INDEX('raw-sheet'!$A$2:$ZZ$1000, ROW(P13), MATCH(P$1, 'raw-sheet'!$A$1:$ZZ$1, 0))} -> innisfree 來自韓國濟州島的No.1自然主義美妝保養品牌，不僅將濟州島清新潔淨的空氣、溫暖和煦的陽光、純淨天然的水源、肥沃健康的土壤、自然純粹的植物養分注入保養品，更為消費者打造健康與美麗。| innisfree Taiwan | Q14: {=INDEX('raw-sheet'!$A$2:$ZZ$1000, ROW(Q13), MATCH(Q$1, 'raw-sheet'!$A$1:$ZZ$1, 0))} -> article | R14: {=INDEX('raw-sheet'!$A$2:$ZZ$1000, ROW(R13), MATCH(R$1, 'raw-sheet'!$A$1:$ZZ$1, 0))} -> INNISFREE Taiwan | S14: {=INDEX('raw-sheet'!$A$2:$ZZ$1000, ROW(S13), MATCH(S$1, 'raw-sheet'!$A$1:$ZZ$1, 0))} -> http://innisfree-taiwan.myshopify.com/cdn/shop/articles/376_EV0102_attimg_origin.jpg?v=1768455380 | T14: {=INDEX('raw-sheet'!$A$2:$ZZ$1000, ROW(T13), MATCH(T$1, 'raw-sheet'!$A$1:$ZZ$1, 0))} -> https://innisfree-taiwan.myshopify.com/cdn/shop/articles/376_EV0102_attimg_origin.jpg?v=1768455380 | U14: {=INDEX('raw-sheet'!$A$2:$ZZ$1000, ROW(U13), MATCH(U$1, 'raw-sheet'!$A$1:$ZZ$1, 0))} -> https://innisfree-taiwan.myshopify.com/blogs/event/pdrn-anniversary-celebration | V14: {=INDEX('raw-sheet'!$A$2:$ZZ$1000, ROW(V13), MATCH(V$1, 'raw-sheet'!$A$1:$ZZ$1, 0))} -> 🥳PDRN上市周年慶🎊🎂 | INNISFREE Taiwan | ... X14: {=INDEX('raw-sheet'!$A$2:$ZZ$1000, ROW(X13), MATCH(X$1, 'raw-sheet'!$A$1:$ZZ$1, 0))} -> summary_large_image | Y14: duplicate desc. | Z14: =VLOOKUP($A14,'raw-schema'!$A:$R,14,0) -> Article | AA14: =VLOOKUP($A14,'raw-schema'!$A:$R,15,0) -> Organization | AB14: =VLOOKUP($A14,'raw-schema'!$A:$R,16,0) -> Person | AC14: =VLOOKUP($A14,'raw-schema'!$A:$R,17,0) -> WebPage | AD14: =VLOOKUP($A14,'raw-schema'!$A:$R,18,0) -> 0 | AE14: Schema 보강 필요 (Blog)
A15: {=INDEX('raw-sheet'!$A$2:$ZZ$1000, ROW(A14), MATCH(A$1, 'raw-sheet'!$A$1:$ZZ$1, 0))} -> https://innisfree-taiwan.myshopify.com/blogs/event/tagged/active | B15: Pass | C15: {=INDEX('raw-sheet'!$A$2:$ZZ$1000, ROW(C14), MATCH(C$1, 'raw-sheet'!$A$1:$ZZ$1, 0))} -> Blog Page | D15: {=INDEX('raw-sheet'!$A$2:$ZZ$1000, ROW(D14), MATCH(D$1, 'raw-sheet'!$A$1:$ZZ$1, 0))} -> 200 | E15: =IF(D15=200,"Pass","Not") -> Pass | F15: {=INDEX('raw-sheet'!$A$2:$ZZ$1000, ROW(F14), MATCH(F$1, 'raw-sheet'!$A$1:$ZZ$1, 0))} -> 活動_x000D_ – tagged "active" | INNISFREE Taiwan | G15: Pass | H15: {=INDEX('raw-sheet'!$A$2:$ZZ$1000, ROW(H14), MATCH(H$1, 'raw-sheet'!$A$1:$ZZ$1, 0))} -> 0 | I15: missing | J15: {=INDEX('raw-sheet'!$A$2:$ZZ$1000, ROW(J14), MATCH(J$1, 'raw-sheet'!$A$1:$ZZ$1, 0))} -> 活動 | K15: {=INDEX('raw-sheet'!$A$2:$ZZ$1000, ROW(K14), MATCH(K$1, 'raw-sheet'!$A$1:$ZZ$1, 0))} -> 1 | L15: duplicate | M15: {=INDEX('raw-sheet'!$A$2:$ZZ$1000, ROW(M14), MATCH(M$1, 'raw-sheet'!$A$1:$ZZ$1, 0))} -> https://innisfree-taiwan.myshopify.com/blogs/event/tagged/active | N15: =IF(A15=M15,"Pass","Not") -> Pass | O15: {=INDEX('raw-sheet'!$A$2:$ZZ$1000, ROW(O14), MATCH(O$1, 'raw-sheet'!$A$1:$ZZ$1, 0))} -> 活動 | INNISFREE Taiwan | P15: {=INDEX('raw-sheet'!$A$2:$ZZ$1000, ROW(P14), MATCH(P$1, 'raw-sheet'!$A$1:$ZZ$1, 0))} -> innisfree 來自韓國濟州島的No.1自然主義美妝保養品牌，不僅將濟州島清新潔淨的空氣、溫暖和煦的陽光、純淨天然的水源、肥沃健康的土壤、自然純粹的植物養分注入保養品，更為消費者打造健康與美麗。| innisfree Taiwan | Q15: {=INDEX('raw-sheet'!$A$2:$ZZ$1000, ROW(Q14), MATCH(Q$1, 'raw-sheet'!$A$1:$ZZ$1, 0))} -> website | R15: {=INDEX('raw-sheet'!$A$2:$ZZ$1000, ROW(R14), MATCH(R$1, 'raw-sheet'!$A$1:$ZZ$1, 0))} -> INNISFREE Taiwan | S15: {=INDEX('raw-sheet'!$A$2:$ZZ$1000, ROW(S14), MATCH(S$1, 'raw-sheet'!$A$1:$ZZ$1, 0))} -> http://innisfree-taiwan.myshopify.com/cdn/shop/files/logo.png?v=1767594135 | T15: {=INDEX('raw-sheet'!$A$2:$ZZ$1000, ROW(T14), MATCH(T$1, 'raw-sheet'!$A$1:$ZZ$1, 0))} -> https://innisfree-taiwan.myshopify.com/cdn/shop/files/logo.png?v=1767594135 | U15: {=INDEX('raw-sheet'!$A$2:$ZZ$1000, ROW(U14), MATCH(U$1, 'raw-sheet'!$A$1:$ZZ$1, 0))} -> https://innisfree-taiwan.myshopify.com/blogs/event/tagged/active | V15: {=INDEX('raw-sheet'!$A$2:$ZZ$1000, ROW(V14), MATCH(V$1, 'raw-sheet'!$A$1:$ZZ$1, 0))} -> 活動 | INNISFREE Taiwan | ... X15: {=INDEX('raw-sheet'!$A$2:$ZZ$1000, ROW(X14), MATCH(X$1, 'raw-sheet'!$A$1:$ZZ$1, 0))} -> summary_large_image | Y15: duplicate title duplicate desc. | Z15: =VLOOKUP($A15,'raw-schema'!$A:$R,14,0) -> Organization | AA15: =VLOOKUP($A15,'raw-schema'!$A:$R,15,0) -> 0 | AB15: =VLOOKUP($A15,'raw-schema'!$A:$R,16,0) -> 0 | AC15: =VLOOKUP($A15,'raw-schema'!$A:$R,17,0) -> 0 | AD15: =VLOOKUP($A15,'raw-schema'!$A:$R,18,0) -> 0 | AE15: Schema 보강 필요 (Blog)
A16: {=INDEX('raw-sheet'!$A$2:$ZZ$1000, ROW(A15), MATCH(A$1, 'raw-sheet'!$A$1:$ZZ$1, 0))} -> https://innisfree-taiwan.myshopify.com/blogs/event/tagged/inactive | B16: Pass | C16: {=INDEX('raw-sheet'!$A$2:$ZZ$1000, ROW(C15), MATCH(C$1, 'raw-sheet'!$A$1:$ZZ$1, 0))} -> Blog Page | D16: {=INDEX('raw-sheet'!$A$2:$ZZ$1000, ROW(D15), MATCH(D$1, 'raw-sheet'!$A$1:$ZZ$1, 0))} -> 200 | E16: =IF(D16=200,"Pass","Not") -> Pass | F16: {=INDEX('raw-sheet'!$A$2:$ZZ$1000, ROW(F15), MATCH(F$1, 'raw-sheet'!$A$1:$ZZ$1, 0))} -> 活動_x000D_ – tagged "inactive" | INNISFREE Taiwan | G16: duplicate | H16: {=INDEX('raw-sheet'!$A$2:$ZZ$1000, ROW(H15), MATCH(H$1, 'raw-sheet'!$A$1:$ZZ$1, 0))} -> 0 | I16: missing | J16: {=INDEX('raw-sheet'!$A$2:$ZZ$1000, ROW(J15), MATCH(J$1, 'raw-sheet'!$A$1:$ZZ$1, 0))} -> 活動 | K16: {=INDEX('raw-sheet'!$A$2:$ZZ$1000, ROW(K15), MATCH(K$1, 'raw-sheet'!$A$1:$ZZ$1, 0))} -> 1 | L16: duplicate | M16: {=INDEX('raw-sheet'!$A$2:$ZZ$1000, ROW(M15), MATCH(M$1, 'raw-sheet'!$A$1:$ZZ$1, 0))} -> https://innisfree-taiwan.myshopify.com/blogs/event/tagged/inactive | N16: =IF(A16=M16,"Pass","Not") -> Pass | O16: {=INDEX('raw-sheet'!$A$2:$ZZ$1000, ROW(O15), MATCH(O$1, 'raw-sheet'!$A$1:$ZZ$1, 0))} -> 活動 | INNISFREE Taiwan | P16: {=INDEX('raw-sheet'!$A$2:$ZZ$1000, ROW(P15), MATCH(P$1, 'raw-sheet'!$A$1:$ZZ$1, 0))} -> innisfree 來自韓國濟州島的No.1自然主義美妝保養品牌，不僅將濟州島清新潔淨的空氣、溫暖和煦的陽光、純淨天然的水源、肥沃健康的土壤、自然純粹的植物養分注入保養品，更為消費者打造健康與美麗。| innisfree Taiwan | Q16: {=INDEX('raw-sheet'!$A$2:$ZZ$1000, ROW(Q15), MATCH(Q$1, 'raw-sheet'!$A$1:$ZZ$1, 0))} -> website | R16: {=INDEX('raw-sheet'!$A$2:$ZZ$1000, ROW(R15), MATCH(R$1, 'raw-sheet'!$A$1:$ZZ$1, 0))} -> INNISFREE Taiwan | S16: {=INDEX('raw-sheet'!$A$2:$ZZ$1000, ROW(S15), MATCH(S$1, 'raw-sheet'!$A$1:$ZZ$1, 0))} -> http://innisfree-taiwan.myshopify.com/cdn/shop/files/logo.png?v=1767594135 | T16: {=INDEX('raw-sheet'!$A$2:$ZZ$1000, ROW(T15), MATCH(T$1, 'raw-sheet'!$A$1:$ZZ$1, 0))} -> https://innisfree-taiwan.myshopify.com/cdn/shop/files/logo.png?v=1767594135 | U16: {=INDEX('raw-sheet'!$A$2:$ZZ$1000, ROW(U15), MATCH(U$1, 'raw-sheet'!$A$1:$ZZ$1, 0))} -> https://innisfree-taiwan.myshopify.com/blogs/event/tagged/inactive | V16: {=INDEX('raw-sheet'!$A$2:$ZZ$1000, ROW(V15), MATCH(V$1, 'raw-sheet'!$A$1:$ZZ$1, 0))} -> 活動 | INNISFREE Taiwan | ... X16: {=INDEX('raw-sheet'!$A$2:$ZZ$1000, ROW(X15), MATCH(X$1, 'raw-sheet'!$A$1:$ZZ$1, 0))} -> summary_large_image | Y16: duplicate title duplicate desc. | Z16: =VLOOKUP($A16,'raw-schema'!$A:$R,14,0) -> Organization | AA16: =VLOOKUP($A16,'raw-schema'!$A:$R,15,0) -> 0 | AB16: =VLOOKUP($A16,'raw-schema'!$A:$R,16,0) -> 0 | AC16: =VLOOKUP($A16,'raw-schema'!$A:$R,17,0) -> 0 | AD16: =VLOOKUP($A16,'raw-schema'!$A:$R,18,0) -> 0 | AE16: Schema 보강 필요 (Blog)
A17: {=INDEX('raw-sheet'!$A$2:$ZZ$1000, ROW(A16), MATCH(A$1, 'raw-sheet'!$A$1:$ZZ$1, 0))} -> https://innisfree-taiwan.myshopify.com/blogs/event/tagged/inactive?page=1 | B17: Pass | C17: {=INDEX('raw-sheet'!$A$2:$ZZ$1000, ROW(C16), MATCH(C$1, 'raw-sheet'!$A$1:$ZZ$1, 0))} -> Blog Page | D17: {=INDEX('raw-sheet'!$A$2:$ZZ$1000, ROW(D16), MATCH(D$1, 'raw-sheet'!$A$1:$ZZ$1, 0))} -> 200 | E17: =IF(D17=200,"Pass","Not") -> Pass | F17: {=INDEX('raw-sheet'!$A$2:$ZZ$1000, ROW(F16), MATCH(F$1, 'raw-sheet'!$A$1:$ZZ$1, 0))} -> 活動_x000D_ – tagged "inactive" | INNISFREE Taiwan | G17: Pass | H17: {=INDEX('raw-sheet'!$A$2:$ZZ$1000, ROW(H16), MATCH(H$1, 'raw-sheet'!$A$1:$ZZ$1, 0))} -> 0 | I17: missing | J17: {=INDEX('raw-sheet'!$A$2:$ZZ$1000, ROW(J16), MATCH(J$1, 'raw-sheet'!$A$1:$ZZ$1, 0))} -> 活動 | K17: {=INDEX('raw-sheet'!$A$2:$ZZ$1000, ROW(K16), MATCH(K$1, 'raw-sheet'!$A$1:$ZZ$1, 0))} -> 1 | L17: duplicate | M17: {=INDEX('raw-sheet'!$A$2:$ZZ$1000, ROW(M16), MATCH(M$1, 'raw-sheet'!$A$1:$ZZ$1, 0))} -> https://innisfree-taiwan.myshopify.com/blogs/event/tagged/inactive | N17: =IF(A17=M17,"Pass","Not") -> Not | O17: {=INDEX('raw-sheet'!$A$2:$ZZ$1000, ROW(O16), MATCH(O$1, 'raw-sheet'!$A$1:$ZZ$1, 0))} -> 活動 | INNISFREE Taiwan | P17: {=INDEX('raw-sheet'!$A$2:$ZZ$1000, ROW(P16), MATCH(P$1, 'raw-sheet'!$A$1:$ZZ$1, 0))} -> innisfree 來自韓國濟州島的No.1自然主義美妝保養品牌，不僅將濟州島清新潔淨的空氣、溫暖和煦的陽光、純淨天然的水源、肥沃健康的土壤、自然純粹的植物養分注入保養品，更為消費者打造健康與美麗。| innisfree Taiwan | Q17: {=INDEX('raw-sheet'!$A$2:$ZZ$1000, ROW(Q16), MATCH(Q$1, 'raw-sheet'!$A$1:$ZZ$1, 0))} -> website | R17: {=INDEX('raw-sheet'!$A$2:$ZZ$1000, ROW(R16), MATCH(R$1, 'raw-sheet'!$A$1:$ZZ$1, 0))} -> INNISFREE Taiwan | S17: {=INDEX('raw-sheet'!$A$2:$ZZ$1000, ROW(S16), MATCH(S$1, 'raw-sheet'!$A$1:$ZZ$1, 0))} -> http://innisfree-taiwan.myshopify.com/cdn/shop/files/logo.png?v=1767594135 | T17: {=INDEX('raw-sheet'!$A$2:$ZZ$1000, ROW(T16), MATCH(T$1, 'raw-sheet'!$A$1:$ZZ$1, 0))} -> https://innisfree-taiwan.myshopify.com/cdn/shop/files/logo.png?v=1767594135 | U17: {=INDEX('raw-sheet'!$A$2:$ZZ$1000, ROW(U16), MATCH(U$1, 'raw-sheet'!$A$1:$ZZ$1, 0))} -> https://innisfree-taiwan.myshopify.com/blogs/event/tagged/inactive | V17: {=INDEX('raw-sheet'!$A$2:$ZZ$1000, ROW(V16), MATCH(V$1, 'raw-sheet'!$A$1:$ZZ$1, 0))} -> 活動 | INNISFREE Taiwan | ... X17: {=INDEX('raw-sheet'!$A$2:$ZZ$1000, ROW(X16), MATCH(X$1, 'raw-sheet'!$A$1:$ZZ$1, 0))} -> summary_large_image | Y17: duplicate title duplicate desc. | Z17: =VLOOKUP($A17,'raw-schema'!$A:$R,14,0) -> Organization | AA17: =VLOOKUP($A17,'raw-schema'!$A:$R,15,0) -> 0 | AB17: =VLOOKUP($A17,'raw-schema'!$A:$R,16,0) -> 0 | AC17: =VLOOKUP($A17,'raw-schema'!$A:$R,17,0) -> 0 | AD17: =VLOOKUP($A17,'raw-schema'!$A:$R,18,0) -> 0 | AE17: Schema 보강 필요 (Blog) | AF17: 예외 적용 (Pagination - Canonical)
A18: {=INDEX('raw-sheet'!$A$2:$ZZ$1000, ROW(A17), MATCH(A$1, 'raw-sheet'!$A$1:$ZZ$1, 0))} -> https://innisfree-taiwan.myshopify.com/blogs/event/tagged/inactive?page=2 | B18: Pass | C18: {=INDEX('raw-sheet'!$A$2:$ZZ$1000, ROW(C17), MATCH(C$1, 'raw-sheet'!$A$1:$ZZ$1, 0))} -> Blog Page | D18: {=INDEX('raw-sheet'!$A$2:$ZZ$1000, ROW(D17), MATCH(D$1, 'raw-sheet'!$A$1:$ZZ$1, 0))} -> 200 | E18: =IF(D18=200,"Pass","Not") -> Pass | F18: {=INDEX('raw-sheet'!$A$2:$ZZ$1000, ROW(F17), MATCH(F$1, 'raw-sheet'!$A$1:$ZZ$1, 0))} -> 活動_x000D_ – tagged "inactive" – Page 2 | INNISFREE Taiwan | G18: Pass | H18: {=INDEX('raw-sheet'!$A$2:$ZZ$1000, ROW(H17), MATCH(H$1, 'raw-sheet'!$A$1:$ZZ$1, 0))} -> 0 | I18: missing | J18: {=INDEX('raw-sheet'!$A$2:$ZZ$1000, ROW(J17), MATCH(J$1, 'raw-sheet'!$A$1:$ZZ$1, 0))} -> 活動 | K18: {=INDEX('raw-sheet'!$A$2:$ZZ$1000, ROW(K17), MATCH(K$1, 'raw-sheet'!$A$1:$ZZ$1, 0))} -> 1 | L18: duplicate | M18: {=INDEX('raw-sheet'!$A$2:$ZZ$1000, ROW(M17), MATCH(M$1, 'raw-sheet'!$A$1:$ZZ$1, 0))} -> https://innisfree-taiwan.myshopify.com/blogs/event/tagged/inactive?page=2 | N18: =IF(A18=M18,"Pass","Not") -> Pass | O18: {=INDEX('raw-sheet'!$A$2:$ZZ$1000, ROW(O17), MATCH(O$1, 'raw-sheet'!$A$1:$ZZ$1, 0))} -> 活動 | INNISFREE Taiwan | P18: {=INDEX('raw-sheet'!$A$2:$ZZ$1000, ROW(P17), MATCH(P$1, 'raw-sheet'!$A$1:$ZZ$1, 0))} -> innisfree 來自韓國濟州島的No.1自然主義美妝保養品牌，不僅將濟州島清新潔淨的空氣、溫暖和煦的陽光、純淨天然的水源、肥沃健康的土壤、自然純粹的植物養分注入保養品，更為消費者打造健康與美麗。| innisfree Taiwan | Q18: {=INDEX('raw-sheet'!$A$2:$ZZ$1000, ROW(Q17), MATCH(Q$1, 'raw-sheet'!$A$1:$ZZ$1, 0))} -> website | R18: {=INDEX('raw-sheet'!$A$2:$ZZ$1000, ROW(R17), MATCH(R$1, 'raw-sheet'!$A$1:$ZZ$1, 0))} -> INNISFREE Taiwan | S18: {=INDEX('raw-sheet'!$A$2:$ZZ$1000, ROW(S17), MATCH(S$1, 'raw-sheet'!$A$1:$ZZ$1, 0))} -> http://innisfree-taiwan.myshopify.com/cdn/shop/files/logo.png?v=1767594135 | T18: {=INDEX('raw-sheet'!$A$2:$ZZ$1000, ROW(T17), MATCH(T$1, 'raw-sheet'!$A$1:$ZZ$1, 0))} -> https://innisfree-taiwan.myshopify.com/cdn/shop/files/logo.png?v=1767594135 | U18: {=INDEX('raw-sheet'!$A$2:$ZZ$1000, ROW(U17), MATCH(U$1, 'raw-sheet'!$A$1:$ZZ$1, 0))} -> https://innisfree-taiwan.myshopify.com/blogs/event/tagged/inactive?page=2 | V18: {=INDEX('raw-sheet'!$A$2:$ZZ$1000, ROW(V17), MATCH(V$1, 'raw-sheet'!$A$1:$ZZ$1, 0))} -> 活動 | INNISFREE Taiwan | ... X18: {=INDEX('raw-sheet'!$A$2:$ZZ$1000, ROW(X17), MATCH(X$1, 'raw-sheet'!$A$1:$ZZ$1, 0))} -> summary_large_image | Y18: duplicate title duplicate desc. | Z18: =VLOOKUP($A18,'raw-schema'!$A:$R,14,0) -> Organization | AA18: =VLOOKUP($A18,'raw-schema'!$A:$R,15,0) -> 0 | AB18: =VLOOKUP($A18,'raw-schema'!$A:$R,16,0) -> 0 | AC18: =VLOOKUP($A18,'raw-schema'!$A:$R,17,0) -> 0 | AD18: =VLOOKUP($A18,'raw-schema'!$A:$R,18,0) -> 0 | AE18: Schema 보강 필요 (Blog) | AF18: 예외 적용 (Pagination - Canonical)
A19: {=INDEX('raw-sheet'!$A$2:$ZZ$1000, ROW(A18), MATCH(A$1, 'raw-sheet'!$A$1:$ZZ$1, 0))} -> https://innisfree-taiwan.myshopify.com/blogs/event/tagged/inactive?page=3 | B19: Pass | C19: {=INDEX('raw-sheet'!$A$2:$ZZ$1000, ROW(C18), MATCH(C$1, 'raw-sheet'!$A$1:$ZZ$1, 0))} -> Blog Page | D19: {=INDEX('raw-sheet'!$A$2:$ZZ$1000, ROW(D18), MATCH(D$1, 'raw-sheet'!$A$1:$ZZ$1, 0))} -> 200 | E19: =IF(D19=200,"Pass","Not") -> Pass | F19: {=INDEX('raw-sheet'!$A$2:$ZZ$1000, ROW(F18), MATCH(F$1, 'raw-sheet'!$A$1:$ZZ$1, 0))} -> 活動_x000D_ – tagged "inactive" – Page 3 | INNISFREE Taiwan | G19: Pass | H19: {=INDEX('raw-sheet'!$A$2:$ZZ$1000, ROW(H18), MATCH(H$1, 'raw-sheet'!$A$1:$ZZ$1, 0))} -> 0 | I19: missing | J19: {=INDEX('raw-sheet'!$A$2:$ZZ$1000, ROW(J18), MATCH(J$1, 'raw-sheet'!$A$1:$ZZ$1, 0))} -> 活動 | K19: {=INDEX('raw-sheet'!$A$2:$ZZ$1000, ROW(K18), MATCH(K$1, 'raw-sheet'!$A$1:$ZZ$1, 0))} -> 1 | L19: duplicate | M19: {=INDEX('raw-sheet'!$A$2:$ZZ$1000, ROW(M18), MATCH(M$1, 'raw-sheet'!$A$1:$ZZ$1, 0))} -> https://innisfree-taiwan.myshopify.com/blogs/event/tagged/inactive?page=3 | N19: =IF(A19=M19,"Pass","Not") -> Pass | O19: {=INDEX('raw-sheet'!$A$2:$ZZ$1000, ROW(O18), MATCH(O$1, 'raw-sheet'!$A$1:$ZZ$1, 0))} -> 活動 | INNISFREE Taiwan | P19: {=INDEX('raw-sheet'!$A$2:$ZZ$1000, ROW(P18), MATCH(P$1, 'raw-sheet'!$A$1:$ZZ$1, 0))} -> innisfree 來自韓國濟州島的No.1自然主義美妝保養品牌，不僅將濟州島清新潔淨的空氣、溫暖和煦的陽光、純淨天然的水源、肥沃健康的土壤、自然純粹的植物養分注入保養品，更為消費者打造健康與美麗。| innisfree Taiwan | Q19: {=INDEX('raw-sheet'!$A$2:$ZZ$1000, ROW(Q18), MATCH(Q$1, 'raw-sheet'!$A$1:$ZZ$1, 0))} -> website | R19: {=INDEX('raw-sheet'!$A$2:$ZZ$1000, ROW(R18), MATCH(R$1, 'raw-sheet'!$A$1:$ZZ$1, 0))} -> INNISFREE Taiwan | S19: {=INDEX('raw-sheet'!$A$2:$ZZ$1000, ROW(S18), MATCH(S$1, 'raw-sheet'!$A$1:$ZZ$1, 0))} -> http://innisfree-taiwan.myshopify.com/cdn/shop/files/logo.png?v=1767594135 | T19: {=INDEX('raw-sheet'!$A$2:$ZZ$1000, ROW(T18), MATCH(T$1, 'raw-sheet'!$A$1:$ZZ$1, 0))} -> https://innisfree-taiwan.myshopify.com/cdn/shop/files/logo.png?v=1767594135 | U19: {=INDEX('raw-sheet'!$A$2:$ZZ$1000, ROW(U18), MATCH(U$1, 'raw-sheet'!$A$1:$ZZ$1, 0))} -> https://innisfree-taiwan.myshopify.com/blogs/event/tagged/inactive?page=3 | V19: {=INDEX('raw-sheet'!$A$2:$ZZ$1000, ROW(V18), MATCH(V$1, 'raw-sheet'!$A$1:$ZZ$1, 0))} -> 活動 | INNISFREE Taiwan | ... X19: {=INDEX('raw-sheet'!$A$2:$ZZ$1000, ROW(X18), MATCH(X$1, 'raw-sheet'!$A$1:$ZZ$1, 0))} -> summary_large_image | Y19: duplicate title duplicate desc. | Z19: =VLOOKUP($A19,'raw-schema'!$A:$R,14,0) -> Organization | AA19: =VLOOKUP($A19,'raw-schema'!$A:$R,15,0) -> 0 | AB19: =VLOOKUP($A19,'raw-schema'!$A:$R,16,0) -> 0 | AC19: =VLOOKUP($A19,'raw-schema'!$A:$R,17,0) -> 0 | AD19: =VLOOKUP($A19,'raw-schema'!$A:$R,18,0) -> 0 | AE19: Schema 보강 필요 (Blog) | AF19: 예외 적용 (Pagination - Canonical)
A20: {=INDEX('raw-sheet'!$A$2:$ZZ$1000, ROW(A19), MATCH(A$1, 'raw-sheet'!$A$1:$ZZ$1, 0))} -> https://innisfree-taiwan.myshopify.com/blogs/event/tagged/inactive?page=4 | B20: Pass | C20: {=INDEX('raw-sheet'!$A$2:$ZZ$1000, ROW(C19), MATCH(C$1, 'raw-sheet'!$A$1:$ZZ$1, 0))} -> Blog Page | D20: {=INDEX('raw-sheet'!$A$2:$ZZ$1000, ROW(D19), MATCH(D$1, 'raw-sheet'!$A$1:$ZZ$1, 0))} -> 200 | E20: =IF(D20=200,"Pass","Not") -> Pass | F20: {=INDEX('raw-sheet'!$A$2:$ZZ$1000, ROW(F19), MATCH(F$1, 'raw-sheet'!$A$1:$ZZ$1, 0))} -> 活動_x000D_ – tagged "inactive" – Page 4 | INNISFREE Taiwan | G20: Pass | H20: {=INDEX('raw-sheet'!$A$2:$ZZ$1000, ROW(H19), MATCH(H$1, 'raw-sheet'!$A$1:$ZZ$1, 0))} -> 0 | I20: missing | J20: {=INDEX('raw-sheet'!$A$2:$ZZ$1000, ROW(J19), MATCH(J$1, 'raw-sheet'!$A$1:$ZZ$1, 0))} -> 活動 | K20: {=INDEX('raw-sheet'!$A$2:$ZZ$1000, ROW(K19), MATCH(K$1, 'raw-sheet'!$A$1:$ZZ$1, 0))} -> 1 | L20: duplicate | M20: {=INDEX('raw-sheet'!$A$2:$ZZ$1000, ROW(M19), MATCH(M$1, 'raw-sheet'!$A$1:$ZZ$1, 0))} -> https://innisfree-taiwan.myshopify.com/blogs/event/tagged/inactive?page=4 | N20: =IF(A20=M20,"Pass","Not") -> Pass | O20: {=INDEX('raw-sheet'!$A$2:$ZZ$1000, ROW(O19), MATCH(O$1, 'raw-sheet'!$A$1:$ZZ$1, 0))} -> 活動 | INNISFREE Taiwan | P20: {=INDEX('raw-sheet'!$A$2:$ZZ$1000, ROW(P19), MATCH(P$1, 'raw-sheet'!$A$1:$ZZ$1, 0))} -> innisfree 來自韓國濟州島的No.1自然主義美妝保養品牌，不僅將濟州島清新潔淨的空氣、溫暖和煦的陽光、純淨天然的水源、肥沃健康的土壤、自然純粹的植物養分注入保養品，更為消費者打造健康與美麗。| innisfree Taiwan | Q20: {=INDEX('raw-sheet'!$A$2:$ZZ$1000, ROW(Q19), MATCH(Q$1, 'raw-sheet'!$A$1:$ZZ$1, 0))} -> website | R20: {=INDEX('raw-sheet'!$A$2:$ZZ$1000, ROW(R19), MATCH(R$1, 'raw-sheet'!$A$1:$ZZ$1, 0))} -> INNISFREE Taiwan | S20: {=INDEX('raw-sheet'!$A$2:$ZZ$1000, ROW(S19), MATCH(S$1, 'raw-sheet'!$A$1:$ZZ$1, 0))} -> http://innisfree-taiwan.myshopify.com/cdn/shop/files/logo.png?v=1767594135 | T20: {=INDEX('raw-sheet'!$A$2:$ZZ$1000, ROW(T19), MATCH(T$1, 'raw-sheet'!$A$1:$ZZ$1, 0))} -> https://innisfree-taiwan.myshopify.com/cdn/shop/files/logo.png?v=1767594135 | U20: {=INDEX('raw-sheet'!$A$2:$ZZ$1000, ROW(U19), MATCH(U$1, 'raw-sheet'!$A$1:$ZZ$1, 0))} -> https://innisfree-taiwan.myshopify.com/blogs/event/tagged/inactive?page=4 | V20: {=INDEX('raw-sheet'!$A$2:$ZZ$1000, ROW(V19), MATCH(V$1, 'raw-sheet'!$A$1:$ZZ$1, 0))} -> 活動 | INNISFREE Taiwan | ... X20: {=INDEX('raw-sheet'!$A$2:$ZZ$1000, ROW(X19), MATCH(X$1, 'raw-sheet'!$A$1:$ZZ$1, 0))} -> summary_large_image | Y20: duplicate title duplicate desc. | Z20: =VLOOKUP($A20,'raw-schema'!$A:$R,14,0) -> Organization | AA20: =VLOOKUP($A20,'raw-schema'!$A:$R,15,0) -> 0 | AB20: =VLOOKUP($A20,'raw-schema'!$A:$R,16,0) -> 0 | AC20: =VLOOKUP($A20,'raw-schema'!$A:$R,17,0) -> 0 | AD20: =VLOOKUP($A20,'raw-schema'!$A:$R,18,0) -> 0 | AE20: Schema 보강 필요 (Blog) | AF20: 예외 적용 (Pagination - Canonical)
A21: {=INDEX('raw-sheet'!$A$2:$ZZ$1000, ROW(A20), MATCH(A$1, 'raw-sheet'!$A$1:$ZZ$1, 0))} -> https://innisfree-taiwan.myshopify.com/blogs/event/value-gift-set-for-gifting-or-personal-use | B21: Pass | C21: {=INDEX('raw-sheet'!$A$2:$ZZ$1000, ROW(C20), MATCH(C$1, 'raw-sheet'!$A$1:$ZZ$1, 0))} -> Blog Page | D21: {=INDEX('raw-sheet'!$A$2:$ZZ$1000, ROW(D20), MATCH(D$1, 'raw-sheet'!$A$1:$ZZ$1, 0))} -> 200 | E21: =IF(D21=200,"Pass","Not") -> Pass | F21: {=INDEX('raw-sheet'!$A$2:$ZZ$1000, ROW(F20), MATCH(F$1, 'raw-sheet'!$A$1:$ZZ$1, 0))} -> 超值精選禮盒💚 送禮自用超划算😍_x000D_ | INNISFREE Taiwan | G21: Pass | H21: {=INDEX('raw-sheet'!$A$2:$ZZ$1000, ROW(H20), MATCH(H$1, 'raw-sheet'!$A$1:$ZZ$1, 0))} -> 0 | I21: missing | J21: {=INDEX('raw-sheet'!$A$2:$ZZ$1000, ROW(J20), MATCH(J$1, 'raw-sheet'!$A$1:$ZZ$1, 0))} -> 超值精選禮盒💚 送禮自用超划算😍 | K21: {=INDEX('raw-sheet'!$A$2:$ZZ$1000, ROW(K20), MATCH(K$1, 'raw-sheet'!$A$1:$ZZ$1, 0))} -> 1 | L21: Pass | M21: {=INDEX('raw-sheet'!$A$2:$ZZ$1000, ROW(M20), MATCH(M$1, 'raw-sheet'!$A$1:$ZZ$1, 0))} -> https://innisfree-taiwan.myshopify.com/blogs/event/value-gift-set-for-gifting-or-personal-use | N21: =IF(A21=M21,"Pass","Not") -> Pass | O21: {=INDEX('raw-sheet'!$A$2:$ZZ$1000, ROW(O20), MATCH(O$1, 'raw-sheet'!$A$1:$ZZ$1, 0))} -> 超值精選禮盒💚 送禮自用超划算😍 | INNISFREE Taiwan | P21: {=INDEX('raw-sheet'!$A$2:$ZZ$1000, ROW(P20), MATCH(P$1, 'raw-sheet'!$A$1:$ZZ$1, 0))} -> innisfree 來自韓國濟州島的No.1自然主義美妝保養品牌，不僅將濟州島清新潔淨的空氣、溫暖和煦的陽光、純淨天然的水源、肥沃健康的土壤、自然純粹的植物養分注入保養品，更為消費者打造健康與美麗。| innisfree Taiwan | Q21: {=INDEX('raw-sheet'!$A$2:$ZZ$1000, ROW(Q20), MATCH(Q$1, 'raw-sheet'!$A$1:$ZZ$1, 0))} -> article | R21: {=INDEX('raw-sheet'!$A$2:$ZZ$1000, ROW(R20), MATCH(R$1, 'raw-sheet'!$A$1:$ZZ$1, 0))} -> INNISFREE Taiwan | S21: {=INDEX('raw-sheet'!$A$2:$ZZ$1000, ROW(S20), MATCH(S$1, 'raw-sheet'!$A$1:$ZZ$1, 0))} -> http://innisfree-taiwan.myshopify.com/cdn/shop/articles/368_EV0102_attimg_origin_1e29214d-606f-420e-98b1-070a68afb85d.jpg?v=1768782077 | T21: {=INDEX('raw-sheet'!$A$2:$ZZ$1000, ROW(T20), MATCH(T$1, 'raw-sheet'!$A$1:$ZZ$1, 0))} -> https://innisfree-taiwan.myshopify.com/cdn/shop/articles/368_EV0102_attimg_origin_1e29214d-606f-420e-98b1-070a68afb85d.jpg?v=1768782077 | U21: {=INDEX('raw-sheet'!$A$2:$ZZ$1000, ROW(U20), MATCH(U$1, 'raw-sheet'!$A$1:$ZZ$1, 0))} -> https://innisfree-taiwan.myshopify.com/blogs/event/value-gift-set-for-gifting-or-personal-use | V21: {=INDEX('raw-sheet'!$A$2:$ZZ$1000, ROW(V20), MATCH(V$1, 'raw-sheet'!$A$1:$ZZ$1, 0))} -> 超值精選禮盒💚 送禮自用超划算😍 | INNISFREE Taiwan | ... X21: {=INDEX('raw-sheet'!$A$2:$ZZ$1000, ROW(X20), MATCH(X$1, 'raw-sheet'!$A$1:$ZZ$1, 0))} -> summary_large_image | Y21: duplicate desc. | Z21: =VLOOKUP($A21,'raw-schema'!$A:$R,14,0) -> Article | AA21: =VLOOKUP($A21,'raw-schema'!$A:$R,15,0) -> Organization | AB21: =VLOOKUP($A21,'raw-schema'!$A:$R,16,0) -> Person | AC21: =VLOOKUP($A21,'raw-schema'!$A:$R,17,0) -> WebPage | AD21: =VLOOKUP($A21,'raw-schema'!$A:$R,18,0) -> 0 | AE21: Schema 보강 필요 (Blog)
A22: {=INDEX('raw-sheet'!$A$2:$ZZ$1000, ROW(A21), MATCH(A$1, 'raw-sheet'!$A$1:$ZZ$1, 0))} -> https://innisfree-taiwan.myshopify.com/blogs/event/welcome-new-inni-friends-to-the-island-of-freedom | B22: Pass | C22: {=INDEX('raw-sheet'!$A$2:$ZZ$1000, ROW(C21), MATCH(C$1, 'raw-sheet'!$A$1:$ZZ$1, 0))} -> Blog Page | D22: {=INDEX('raw-sheet'!$A$2:$ZZ$1000, ROW(D21), MATCH(D$1, 'raw-sheet'!$A$1:$ZZ$1, 0))} -> 200 | E22: =IF(D22=200,"Pass","Not") -> Pass | F22: {=INDEX('raw-sheet'!$A$2:$ZZ$1000, ROW(F21), MATCH(F$1, 'raw-sheet'!$A$1:$ZZ$1, 0))} -> 歡迎INNI新朋友來到自由之島🙌_x000D_ | INNISFREE Taiwan | G22: Pass | H22: {=INDEX('raw-sheet'!$A$2:$ZZ$1000, ROW(H21), MATCH(H$1, 'raw-sheet'!$A$1:$ZZ$1, 0))} -> 0 | I22: missing | J22: {=INDEX('raw-sheet'!$A$2:$ZZ$1000, ROW(J21), MATCH(J$1, 'raw-sheet'!$A$1:$ZZ$1, 0))} -> 歡迎INNI新朋友來到自由之島🙌 | K22: {=INDEX('raw-sheet'!$A$2:$ZZ$1000, ROW(K21), MATCH(K$1, 'raw-sheet'!$A$1:$ZZ$1, 0))} -> 1 | L22: Pass | M22: {=INDEX('raw-sheet'!$A$2:$ZZ$1000, ROW(M21), MATCH(M$1, 'raw-sheet'!$A$1:$ZZ$1, 0))} -> https://innisfree-taiwan.myshopify.com/blogs/event/welcome-new-inni-friends-to-the-island-of-freedom | N22: =IF(A22=M22,"Pass","Not") -> Pass | O22: {=INDEX('raw-sheet'!$A$2:$ZZ$1000, ROW(O21), MATCH(O$1, 'raw-sheet'!$A$1:$ZZ$1, 0))} -> 歡迎INNI新朋友來到自由之島🙌 | INNISFREE Taiwan | P22: {=INDEX('raw-sheet'!$A$2:$ZZ$1000, ROW(P21), MATCH(P$1, 'raw-sheet'!$A$1:$ZZ$1, 0))} -> innisfree 來自韓國濟州島的No.1自然主義美妝保養品牌，不僅將濟州島清新潔淨的空氣、溫暖和煦的陽光、純淨天然的水源、肥沃健康的土壤、自然純粹的植物養分注入保養品，更為消費者打造健康與美麗。| innisfree Taiwan | Q22: {=INDEX('raw-sheet'!$A$2:$ZZ$1000, ROW(Q21), MATCH(Q$1, 'raw-sheet'!$A$1:$ZZ$1, 0))} -> article | R22: {=INDEX('raw-sheet'!$A$2:$ZZ$1000, ROW(R21), MATCH(R$1, 'raw-sheet'!$A$1:$ZZ$1, 0))} -> INNISFREE Taiwan | S22: {=INDEX('raw-sheet'!$A$2:$ZZ$1000, ROW(S21), MATCH(S$1, 'raw-sheet'!$A$1:$ZZ$1, 0))} -> http://innisfree-taiwan.myshopify.com/cdn/shop/articles/375_EV0102_attimg_origin.jpg?v=1768455375 | T22: {=INDEX('raw-sheet'!$A$2:$ZZ$1000, ROW(T21), MATCH(T$1, 'raw-sheet'!$A$1:$ZZ$1, 0))} -> https://innisfree-taiwan.myshopify.com/cdn/shop/articles/375_EV0102_attimg_origin.jpg?v=1768455375 | U22: {=INDEX('raw-sheet'!$A$2:$ZZ$1000, ROW(U21), MATCH(U$1, 'raw-sheet'!$A$1:$ZZ$1, 0))} -> https://innisfree-taiwan.myshopify.com/blogs/event/welcome-new-inni-friends-to-the-island-of-freedom | V22: {=INDEX('raw-sheet'!$A$2:$ZZ$1000, ROW(V21), MATCH(V$1, 'raw-sheet'!$A$1:$ZZ$1, 0))} -> 歡迎INNI新朋友來到自由之島🙌 | INNISFREE Taiwan | ... X22: {=INDEX('raw-sheet'!$A$2:$ZZ$1000, ROW(X21), MATCH(X$1, 'raw-sheet'!$A$1:$ZZ$1, 0))} -> summary_large_image | Y22: duplicate desc. | Z22: =VLOOKUP($A22,'raw-schema'!$A:$R,14,0) -> Article | AA22: =VLOOKUP($A22,'raw-schema'!$A:$R,15,0) -> Organization | AB22: =VLOOKUP($A22,'raw-schema'!$A:$R,16,0) -> Person | AC22: =VLOOKUP($A22,'raw-schema'!$A:$R,17,0) -> WebPage | AD22: =VLOOKUP($A22,'raw-schema'!$A:$R,18,0) -> 0 | AE22: Schema 보강 필요 (Blog)
A23: {=INDEX('raw-sheet'!$A$2:$ZZ$1000, ROW(A22), MATCH(A$1, 'raw-sheet'!$A$1:$ZZ$1, 0))} -> https://innisfree-taiwan.myshopify.com/blogs/event/{{%20routes.collections_url%20}}/promotion | C23: {=INDEX('raw-sheet'!$A$2:$ZZ$1000, ROW(C22), MATCH(C$1, 'raw-sheet'!$A$1:$ZZ$1, 0))} -> Blog Page | D23: {=INDEX('raw-sheet'!$A$2:$ZZ$1000, ROW(D22), MATCH(D$1, 'raw-sheet'!$A$1:$ZZ$1, 0))} -> 404 | E23: =IF(D23=200,"Pass","Not") -> Not | F23: {=INDEX('raw-sheet'!$A$2:$ZZ$1000, ROW(F22), MATCH(F$1, 'raw-sheet'!$A$1:$ZZ$1, 0))} -> 0 | H23: {=INDEX('raw-sheet'!$A$2:$ZZ$1000, ROW(H22), MATCH(H$1, 'raw-sheet'!$A$1:$ZZ$1, 0))} -> 0 | J23: {=INDEX('raw-sheet'!$A$2:$ZZ$1000, ROW(J22), MATCH(J$1, 'raw-sheet'!$A$1:$ZZ$1, 0))} -> 0 | K23: {=INDEX('raw-sheet'!$A$2:$ZZ$1000, ROW(K22), MATCH(K$1, 'raw-sheet'!$A$1:$ZZ$1, 0))} -> 0 | M23: {=INDEX('raw-sheet'!$A$2:$ZZ$1000, ROW(M22), MATCH(M$1, 'raw-sheet'!$A$1:$ZZ$1, 0))} -> 0 | N23: =IF(A23=M23,"Pass","Not") -> Not | O23: {=INDEX('raw-sheet'!$A$2:$ZZ$1000, ROW(O22), MATCH(O$1, 'raw-sheet'!$A$1:$ZZ$1, 0))} -> 0 | P23: {=INDEX('raw-sheet'!$A$2:$ZZ$1000, ROW(P22), MATCH(P$1, 'raw-sheet'!$A$1:$ZZ$1, 0))} -> 0 | Q23: {=INDEX('raw-sheet'!$A$2:$ZZ$1000, ROW(Q22), MATCH(Q$1, 'raw-sheet'!$A$1:$ZZ$1, 0))} -> 0 | R23: {=INDEX('raw-sheet'!$A$2:$ZZ$1000, ROW(R22), MATCH(R$1, 'raw-sheet'!$A$1:$ZZ$1, 0))} -> 0 | S23: {=INDEX('raw-sheet'!$A$2:$ZZ$1000, ROW(S22), MATCH(S$1, 'raw-sheet'!$A$1:$ZZ$1, 0))} -> 0 | T23: {=INDEX('raw-sheet'!$A$2:$ZZ$1000, ROW(T22), MATCH(T$1, 'raw-sheet'!$A$1:$ZZ$1, 0))} -> 0 | U23: {=INDEX('raw-sheet'!$A$2:$ZZ$1000, ROW(U22), MATCH(U$1, 'raw-sheet'!$A$1:$ZZ$1, 0))} -> 0 | V23: {=INDEX('raw-sheet'!$A$2:$ZZ$1000, ROW(V22), MATCH(V$1, 'raw-sheet'!$A$1:$ZZ$1, 0))} -> 0 | ... X23: {=INDEX('raw-sheet'!$A$2:$ZZ$1000, ROW(X22), MATCH(X$1, 'raw-sheet'!$A$1:$ZZ$1, 0))} -> 0 | Z23: =VLOOKUP($A23,'raw-schema'!$A:$R,14,0) -> #N/A | AA23: =VLOOKUP($A23,'raw-schema'!$A:$R,15,0) -> #N/A | AB23: =VLOOKUP($A23,'raw-schema'!$A:$R,16,0) -> #N/A | AC23: =VLOOKUP($A23,'raw-schema'!$A:$R,17,0) -> #N/A | AD23: =VLOOKUP($A23,'raw-schema'!$A:$R,18,0) -> #N/A | AF23: 404 링크 (404 Inlinks 시트 참조)
A24: {=INDEX('raw-sheet'!$A$2:$ZZ$1000, ROW(A23), MATCH(A$1, 'raw-sheet'!$A$1:$ZZ$1, 0))} -> https://innisfree-taiwan.myshopify.com/blogs/event?page=1 | B24: Pass | C24: {=INDEX('raw-sheet'!$A$2:$ZZ$1000, ROW(C23), MATCH(C$1, 'raw-sheet'!$A$1:$ZZ$1, 0))} -> Blog Page | D24: {=INDEX('raw-sheet'!$A$2:$ZZ$1000, ROW(D23), MATCH(D$1, 'raw-sheet'!$A$1:$ZZ$1, 0))} -> 200 | E24: =IF(D24=200,"Pass","Not") -> Pass | F24: {=INDEX('raw-sheet'!$A$2:$ZZ$1000, ROW(F23), MATCH(F$1, 'raw-sheet'!$A$1:$ZZ$1, 0))} -> 活動_x000D_ | INNISFREE Taiwan | G24: Pass | H24: {=INDEX('raw-sheet'!$A$2:$ZZ$1000, ROW(H23), MATCH(H$1, 'raw-sheet'!$A$1:$ZZ$1, 0))} -> 0 | I24: missing | J24: {=INDEX('raw-sheet'!$A$2:$ZZ$1000, ROW(J23), MATCH(J$1, 'raw-sheet'!$A$1:$ZZ$1, 0))} -> 活動 | K24: {=INDEX('raw-sheet'!$A$2:$ZZ$1000, ROW(K23), MATCH(K$1, 'raw-sheet'!$A$1:$ZZ$1, 0))} -> 1 | L24: duplicate | M24: {=INDEX('raw-sheet'!$A$2:$ZZ$1000, ROW(M23), MATCH(M$1, 'raw-sheet'!$A$1:$ZZ$1, 0))} -> https://innisfree-taiwan.myshopify.com/blogs/event | N24: =IF(A24=M24,"Pass","Not") -> Not | O24: {=INDEX('raw-sheet'!$A$2:$ZZ$1000, ROW(O23), MATCH(O$1, 'raw-sheet'!$A$1:$ZZ$1, 0))} -> 活動 | INNISFREE Taiwan | P24: {=INDEX('raw-sheet'!$A$2:$ZZ$1000, ROW(P23), MATCH(P$1, 'raw-sheet'!$A$1:$ZZ$1, 0))} -> innisfree 來自韓國濟州島的No.1自然主義美妝保養品牌，不僅將濟州島清新潔淨的空氣、溫暖和煦的陽光、純淨天然的水源、肥沃健康的土壤、自然純粹的植物養分注入保養品，更為消費者打造健康與美麗。| innisfree Taiwan | Q24: {=INDEX('raw-sheet'!$A$2:$ZZ$1000, ROW(Q23), MATCH(Q$1, 'raw-sheet'!$A$1:$ZZ$1, 0))} -> website | R24: {=INDEX('raw-sheet'!$A$2:$ZZ$1000, ROW(R23), MATCH(R$1, 'raw-sheet'!$A$1:$ZZ$1, 0))} -> INNISFREE Taiwan | S24: {=INDEX('raw-sheet'!$A$2:$ZZ$1000, ROW(S23), MATCH(S$1, 'raw-sheet'!$A$1:$ZZ$1, 0))} -> http://innisfree-taiwan.myshopify.com/cdn/shop/files/logo.png?v=1767594135 | T24: {=INDEX('raw-sheet'!$A$2:$ZZ$1000, ROW(T23), MATCH(T$1, 'raw-sheet'!$A$1:$ZZ$1, 0))} -> https://innisfree-taiwan.myshopify.com/cdn/shop/files/logo.png?v=1767594135 | U24: {=INDEX('raw-sheet'!$A$2:$ZZ$1000, ROW(U23), MATCH(U$1, 'raw-sheet'!$A$1:$ZZ$1, 0))} -> https://innisfree-taiwan.myshopify.com/blogs/event | V24: {=INDEX('raw-sheet'!$A$2:$ZZ$1000, ROW(V23), MATCH(V$1, 'raw-sheet'!$A$1:$ZZ$1, 0))} -> 活動 | INNISFREE Taiwan | ... X24: {=INDEX('raw-sheet'!$A$2:$ZZ$1000, ROW(X23), MATCH(X$1, 'raw-sheet'!$A$1:$ZZ$1, 0))} -> summary_large_image | Y24: duplicate title duplicate desc. | Z24: =VLOOKUP($A24,'raw-schema'!$A:$R,14,0) -> Organization | AA24: =VLOOKUP($A24,'raw-schema'!$A:$R,15,0) -> 0 | AB24: =VLOOKUP($A24,'raw-schema'!$A:$R,16,0) -> 0 | AC24: =VLOOKUP($A24,'raw-schema'!$A:$R,17,0) -> 0 | AD24: =VLOOKUP($A24,'raw-schema'!$A:$R,18,0) -> 0 | AE24: Schema 보강 필요 (Blog) | AF24: 예외 적용 (Pagination - Canonical)
A25: {=INDEX('raw-sheet'!$A$2:$ZZ$1000, ROW(A24), MATCH(A$1, 'raw-sheet'!$A$1:$ZZ$1, 0))} -> https://innisfree-taiwan.myshopify.com/blogs/event?page=2 | B25: Pass | C25: {=INDEX('raw-sheet'!$A$2:$ZZ$1000, ROW(C24), MATCH(C$1, 'raw-sheet'!$A$1:$ZZ$1, 0))} -> Blog Page | D25: {=INDEX('raw-sheet'!$A$2:$ZZ$1000, ROW(D24), MATCH(D$1, 'raw-sheet'!$A$1:$ZZ$1, 0))} -> 200 | E25: =IF(D25=200,"Pass","Not") -> Pass | F25: {=INDEX('raw-sheet'!$A$2:$ZZ$1000, ROW(F24), MATCH(F$1, 'raw-sheet'!$A$1:$ZZ$1, 0))} -> 活動_x000D_ – Page 2 | INNISFREE Taiwan | G25: Pass | H25: {=INDEX('raw-sheet'!$A$2:$ZZ$1000, ROW(H24), MATCH(H$1, 'raw-sheet'!$A$1:$ZZ$1, 0))} -> 0 | I25: missing | J25: {=INDEX('raw-sheet'!$A$2:$ZZ$1000, ROW(J24), MATCH(J$1, 'raw-sheet'!$A$1:$ZZ$1, 0))} -> 活動 | K25: {=INDEX('raw-sheet'!$A$2:$ZZ$1000, ROW(K24), MATCH(K$1, 'raw-sheet'!$A$1:$ZZ$1, 0))} -> 1 | L25: duplicate | M25: {=INDEX('raw-sheet'!$A$2:$ZZ$1000, ROW(M24), MATCH(M$1, 'raw-sheet'!$A$1:$ZZ$1, 0))} -> https://innisfree-taiwan.myshopify.com/blogs/event?page=2 | N25: =IF(A25=M25,"Pass","Not") -> Pass | O25: {=INDEX('raw-sheet'!$A$2:$ZZ$1000, ROW(O24), MATCH(O$1, 'raw-sheet'!$A$1:$ZZ$1, 0))} -> 活動 | INNISFREE Taiwan | P25: {=INDEX('raw-sheet'!$A$2:$ZZ$1000, ROW(P24), MATCH(P$1, 'raw-sheet'!$A$1:$ZZ$1, 0))} -> innisfree 來自韓國濟州島的No.1自然主義美妝保養品牌，不僅將濟州島清新潔淨的空氣、溫暖和煦的陽光、純淨天然的水源、肥沃健康的土壤、自然純粹的植物養分注入保養品，更為消費者打造健康與美麗。| innisfree Taiwan | Q25: {=INDEX('raw-sheet'!$A$2:$ZZ$1000, ROW(Q24), MATCH(Q$1, 'raw-sheet'!$A$1:$ZZ$1, 0))} -> website | R25: {=INDEX('raw-sheet'!$A$2:$ZZ$1000, ROW(R24), MATCH(R$1, 'raw-sheet'!$A$1:$ZZ$1, 0))} -> INNISFREE Taiwan | S25: {=INDEX('raw-sheet'!$A$2:$ZZ$1000, ROW(S24), MATCH(S$1, 'raw-sheet'!$A$1:$ZZ$1, 0))} -> http://innisfree-taiwan.myshopify.com/cdn/shop/files/logo.png?v=1767594135 | T25: {=INDEX('raw-sheet'!$A$2:$ZZ$1000, ROW(T24), MATCH(T$1, 'raw-sheet'!$A$1:$ZZ$1, 0))} -> https://innisfree-taiwan.myshopify.com/cdn/shop/files/logo.png?v=1767594135 | U25: {=INDEX('raw-sheet'!$A$2:$ZZ$1000, ROW(U24), MATCH(U$1, 'raw-sheet'!$A$1:$ZZ$1, 0))} -> https://innisfree-taiwan.myshopify.com/blogs/event?page=2 | V25: {=INDEX('raw-sheet'!$A$2:$ZZ$1000, ROW(V24), MATCH(V$1, 'raw-sheet'!$A$1:$ZZ$1, 0))} -> 活動 | INNISFREE Taiwan | ... X25: {=INDEX('raw-sheet'!$A$2:$ZZ$1000, ROW(X24), MATCH(X$1, 'raw-sheet'!$A$1:$ZZ$1, 0))} -> summary_large_image | Y25: duplicate title duplicate desc. | Z25: =VLOOKUP($A25,'raw-schema'!$A:$R,14,0) -> Organization | AA25: =VLOOKUP($A25,'raw-schema'!$A:$R,15,0) -> 0 | AB25: =VLOOKUP($A25,'raw-schema'!$A:$R,16,0) -> 0 | AC25: =VLOOKUP($A25,'raw-schema'!$A:$R,17,0) -> 0 | AD25: =VLOOKUP($A25,'raw-schema'!$A:$R,18,0) -> 0 | AE25: Schema 보강 필요 (Blog) | AF25: 예외 적용 (Pagination - Canonical)
A26: {=INDEX('raw-sheet'!$A$2:$ZZ$1000, ROW(A25), MATCH(A$1, 'raw-sheet'!$A$1:$ZZ$1, 0))} -> https://innisfree-taiwan.myshopify.com/blogs/event?page=3 | B26: Pass | C26: {=INDEX('raw-sheet'!$A$2:$ZZ$1000, ROW(C25), MATCH(C$1, 'raw-sheet'!$A$1:$ZZ$1, 0))} -> Blog Page | D26: {=INDEX('raw-sheet'!$A$2:$ZZ$1000, ROW(D25), MATCH(D$1, 'raw-sheet'!$A$1:$ZZ$1, 0))} -> 200 | E26: =IF(D26=200,"Pass","Not") -> Pass | F26: {=INDEX('raw-sheet'!$A$2:$ZZ$1000, ROW(F25), MATCH(F$1, 'raw-sheet'!$A$1:$ZZ$1, 0))} -> 活動_x000D_ – Page 3 | INNISFREE Taiwan | G26: Pass | H26: {=INDEX('raw-sheet'!$A$2:$ZZ$1000, ROW(H25), MATCH(H$1, 'raw-sheet'!$A$1:$ZZ$1, 0))} -> 0 | I26: missing | J26: {=INDEX('raw-sheet'!$A$2:$ZZ$1000, ROW(J25), MATCH(J$1, 'raw-sheet'!$A$1:$ZZ$1, 0))} -> 活動 | K26: {=INDEX('raw-sheet'!$A$2:$ZZ$1000, ROW(K25), MATCH(K$1, 'raw-sheet'!$A$1:$ZZ$1, 0))} -> 1 | L26: duplicate | M26: {=INDEX('raw-sheet'!$A$2:$ZZ$1000, ROW(M25), MATCH(M$1, 'raw-sheet'!$A$1:$ZZ$1, 0))} -> https://innisfree-taiwan.myshopify.com/blogs/event?page=3 | N26: =IF(A26=M26,"Pass","Not") -> Pass | O26: {=INDEX('raw-sheet'!$A$2:$ZZ$1000, ROW(O25), MATCH(O$1, 'raw-sheet'!$A$1:$ZZ$1, 0))} -> 活動 | INNISFREE Taiwan | P26: {=INDEX('raw-sheet'!$A$2:$ZZ$1000, ROW(P25), MATCH(P$1, 'raw-sheet'!$A$1:$ZZ$1, 0))} -> innisfree 來自韓國濟州島的No.1自然主義美妝保養品牌，不僅將濟州島清新潔淨的空氣、溫暖和煦的陽光、純淨天然的水源、肥沃健康的土壤、自然純粹的植物養分注入保養品，更為消費者打造健康與美麗。| innisfree Taiwan | Q26: {=INDEX('raw-sheet'!$A$2:$ZZ$1000, ROW(Q25), MATCH(Q$1, 'raw-sheet'!$A$1:$ZZ$1, 0))} -> website | R26: {=INDEX('raw-sheet'!$A$2:$ZZ$1000, ROW(R25), MATCH(R$1, 'raw-sheet'!$A$1:$ZZ$1, 0))} -> INNISFREE Taiwan | S26: {=INDEX('raw-sheet'!$A$2:$ZZ$1000, ROW(S25), MATCH(S$1, 'raw-sheet'!$A$1:$ZZ$1, 0))} -> http://innisfree-taiwan.myshopify.com/cdn/shop/files/logo.png?v=1767594135 | T26: {=INDEX('raw-sheet'!$A$2:$ZZ$1000, ROW(T25), MATCH(T$1, 'raw-sheet'!$A$1:$ZZ$1, 0))} -> https://innisfree-taiwan.myshopify.com/cdn/shop/files/logo.png?v=1767594135 | U26: {=INDEX('raw-sheet'!$A$2:$ZZ$1000, ROW(U25), MATCH(U$1, 'raw-sheet'!$A$1:$ZZ$1, 0))} -> https://innisfree-taiwan.myshopify.com/blogs/event?page=3 | V26: {=INDEX('raw-sheet'!$A$2:$ZZ$1000, ROW(V25), MATCH(V$1, 'raw-sheet'!$A$1:$ZZ$1, 0))} -> 活動 | INNISFREE Taiwan | ... X26: {=INDEX('raw-sheet'!$A$2:$ZZ$1000, ROW(X25), MATCH(X$1, 'raw-sheet'!$A$1:$ZZ$1, 0))} -> summary_large_image | Y26: duplicate title duplicate desc. | Z26: =VLOOKUP($A26,'raw-schema'!$A:$R,14,0) -> Organization | AA26: =VLOOKUP($A26,'raw-schema'!$A:$R,15,0) -> 0 | AB26: =VLOOKUP($A26,'raw-schema'!$A:$R,16,0) -> 0 | AC26: =VLOOKUP($A26,'raw-schema'!$A:$R,17,0) -> 0 | AD26: =VLOOKUP($A26,'raw-schema'!$A:$R,18,0) -> 0 | AE26: Schema 보강 필요 (Blog) | AF26: 예외 적용 (Pagination - Canonical)
A27: {=INDEX('raw-sheet'!$A$2:$ZZ$1000, ROW(A26), MATCH(A$1, 'raw-sheet'!$A$1:$ZZ$1, 0))} -> https://innisfree-taiwan.myshopify.com/blogs/event?page=4 | B27: Pass | C27: {=INDEX('raw-sheet'!$A$2:$ZZ$1000, ROW(C26), MATCH(C$1, 'raw-sheet'!$A$1:$ZZ$1, 0))} -> Blog Page | D27: {=INDEX('raw-sheet'!$A$2:$ZZ$1000, ROW(D26), MATCH(D$1, 'raw-sheet'!$A$1:$ZZ$1, 0))} -> 200 | E27: =IF(D27=200,"Pass","Not") -> Pass | F27: {=INDEX('raw-sheet'!$A$2:$ZZ$1000, ROW(F26), MATCH(F$1, 'raw-sheet'!$A$1:$ZZ$1, 0))} -> 活動_x000D_ – Page 4 | INNISFREE Taiwan | G27: Pass | H27: {=INDEX('raw-sheet'!$A$2:$ZZ$1000, ROW(H26), MATCH(H$1, 'raw-sheet'!$A$1:$ZZ$1, 0))} -> 0 | I27: missing | J27: {=INDEX('raw-sheet'!$A$2:$ZZ$1000, ROW(J26), MATCH(J$1, 'raw-sheet'!$A$1:$ZZ$1, 0))} -> 活動 | K27: {=INDEX('raw-sheet'!$A$2:$ZZ$1000, ROW(K26), MATCH(K$1, 'raw-sheet'!$A$1:$ZZ$1, 0))} -> 1 | L27: duplicate | M27: {=INDEX('raw-sheet'!$A$2:$ZZ$1000, ROW(M26), MATCH(M$1, 'raw-sheet'!$A$1:$ZZ$1, 0))} -> https://innisfree-taiwan.myshopify.com/blogs/event?page=4 | N27: =IF(A27=M27,"Pass","Not") -> Pass | O27: {=INDEX('raw-sheet'!$A$2:$ZZ$1000, ROW(O26), MATCH(O$1, 'raw-sheet'!$A$1:$ZZ$1, 0))} -> 活動 | INNISFREE Taiwan | P27: {=INDEX('raw-sheet'!$A$2:$ZZ$1000, ROW(P26), MATCH(P$1, 'raw-sheet'!$A$1:$ZZ$1, 0))} -> innisfree 來自韓國濟州島的No.1自然主義美妝保養品牌，不僅將濟州島清新潔淨的空氣、溫暖和煦的陽光、純淨天然的水源、肥沃健康的土壤、自然純粹的植物養分注入保養品，更為消費者打造健康與美麗。| innisfree Taiwan | Q27: {=INDEX('raw-sheet'!$A$2:$ZZ$1000, ROW(Q26), MATCH(Q$1, 'raw-sheet'!$A$1:$ZZ$1, 0))} -> website | R27: {=INDEX('raw-sheet'!$A$2:$ZZ$1000, ROW(R26), MATCH(R$1, 'raw-sheet'!$A$1:$ZZ$1, 0))} -> INNISFREE Taiwan | S27: {=INDEX('raw-sheet'!$A$2:$ZZ$1000, ROW(S26), MATCH(S$1, 'raw-sheet'!$A$1:$ZZ$1, 0))} -> http://innisfree-taiwan.myshopify.com/cdn/shop/files/logo.png?v=1767594135 | T27: {=INDEX('raw-sheet'!$A$2:$ZZ$1000, ROW(T26), MATCH(T$1, 'raw-sheet'!$A$1:$ZZ$1, 0))} -> https://innisfree-taiwan.myshopify.com/cdn/shop/files/logo.png?v=1767594135 | U27: {=INDEX('raw-sheet'!$A$2:$ZZ$1000, ROW(U26), MATCH(U$1, 'raw-sheet'!$A$1:$ZZ$1, 0))} -> https://innisfree-taiwan.myshopify.com/blogs/event?page=4 | V27: {=INDEX('raw-sheet'!$A$2:$ZZ$1000, ROW(V26), MATCH(V$1, 'raw-sheet'!$A$1:$ZZ$1, 0))} -> 活動 | INNISFREE Taiwan | ... X27: {=INDEX('raw-sheet'!$A$2:$ZZ$1000, ROW(X26), MATCH(X$1, 'raw-sheet'!$A$1:$ZZ$1, 0))} -> summary_large_image | Y27: duplicate title duplicate desc. | Z27: =VLOOKUP($A27,'raw-schema'!$A:$R,14,0) -> Organization | AA27: =VLOOKUP($A27,'raw-schema'!$A:$R,15,0) -> 0 | AB27: =VLOOKUP($A27,'raw-schema'!$A:$R,16,0) -> 0 | AC27: =VLOOKUP($A27,'raw-schema'!$A:$R,17,0) -> 0 | AD27: =VLOOKUP($A27,'raw-schema'!$A:$R,18,0) -> 0 | AE27: Schema 보강 필요 (Blog) | AF27: 예외 적용 (Pagination - Canonical)
A28: {=INDEX('raw-sheet'!$A$2:$ZZ$1000, ROW(A27), MATCH(A$1, 'raw-sheet'!$A$1:$ZZ$1, 0))} -> https://innisfree-taiwan.myshopify.com/blogs/event?page=5 | B28: Pass | C28: {=INDEX('raw-sheet'!$A$2:$ZZ$1000, ROW(C27), MATCH(C$1, 'raw-sheet'!$A$1:$ZZ$1, 0))} -> Blog Page | D28: {=INDEX('raw-sheet'!$A$2:$ZZ$1000, ROW(D27), MATCH(D$1, 'raw-sheet'!$A$1:$ZZ$1, 0))} -> 200 | E28: =IF(D28=200,"Pass","Not") -> Pass | F28: {=INDEX('raw-sheet'!$A$2:$ZZ$1000, ROW(F27), MATCH(F$1, 'raw-sheet'!$A$1:$ZZ$1, 0))} -> 活動_x000D_ – Page 5 | INNISFREE Taiwan | G28: Pass | H28: {=INDEX('raw-sheet'!$A$2:$ZZ$1000, ROW(H27), MATCH(H$1, 'raw-sheet'!$A$1:$ZZ$1, 0))} -> 0 | I28: missing | J28: {=INDEX('raw-sheet'!$A$2:$ZZ$1000, ROW(J27), MATCH(J$1, 'raw-sheet'!$A$1:$ZZ$1, 0))} -> 活動 | K28: {=INDEX('raw-sheet'!$A$2:$ZZ$1000, ROW(K27), MATCH(K$1, 'raw-sheet'!$A$1:$ZZ$1, 0))} -> 1 | L28: duplicate | M28: {=INDEX('raw-sheet'!$A$2:$ZZ$1000, ROW(M27), MATCH(M$1, 'raw-sheet'!$A$1:$ZZ$1, 0))} -> https://innisfree-taiwan.myshopify.com/blogs/event?page=5 | N28: =IF(A28=M28,"Pass","Not") -> Pass | O28: {=INDEX('raw-sheet'!$A$2:$ZZ$1000, ROW(O27), MATCH(O$1, 'raw-sheet'!$A$1:$ZZ$1, 0))} -> 活動 | INNISFREE Taiwan | P28: {=INDEX('raw-sheet'!$A$2:$ZZ$1000, ROW(P27), MATCH(P$1, 'raw-sheet'!$A$1:$ZZ$1, 0))} -> innisfree 來自韓國濟州島的No.1自然主義美妝保養品牌，不僅將濟州島清新潔淨的空氣、溫暖和煦的陽光、純淨天然的水源、肥沃健康的土壤、自然純粹的植物養分注入保養品，更為消費者打造健康與美麗。| innisfree Taiwan | Q28: {=INDEX('raw-sheet'!$A$2:$ZZ$1000, ROW(Q27), MATCH(Q$1, 'raw-sheet'!$A$1:$ZZ$1, 0))} -> website | R28: {=INDEX('raw-sheet'!$A$2:$ZZ$1000, ROW(R27), MATCH(R$1, 'raw-sheet'!$A$1:$ZZ$1, 0))} -> INNISFREE Taiwan | S28: {=INDEX('raw-sheet'!$A$2:$ZZ$1000, ROW(S27), MATCH(S$1, 'raw-sheet'!$A$1:$ZZ$1, 0))} -> http://innisfree-taiwan.myshopify.com/cdn/shop/files/logo.png?v=1767594135 | T28: {=INDEX('raw-sheet'!$A$2:$ZZ$1000, ROW(T27), MATCH(T$1, 'raw-sheet'!$A$1:$ZZ$1, 0))} -> https://innisfree-taiwan.myshopify.com/cdn/shop/files/logo.png?v=1767594135 | U28: {=INDEX('raw-sheet'!$A$2:$ZZ$1000, ROW(U27), MATCH(U$1, 'raw-sheet'!$A$1:$ZZ$1, 0))} -> https://innisfree-taiwan.myshopify.com/blogs/event?page=5 | V28: {=INDEX('raw-sheet'!$A$2:$ZZ$1000, ROW(V27), MATCH(V$1, 'raw-sheet'!$A$1:$ZZ$1, 0))} -> 活動 | INNISFREE Taiwan | ... X28: {=INDEX('raw-sheet'!$A$2:$ZZ$1000, ROW(X27), MATCH(X$1, 'raw-sheet'!$A$1:$ZZ$1, 0))} -> summary_large_image | Y28: duplicate title duplicate desc. | Z28: =VLOOKUP($A28,'raw-schema'!$A:$R,14,0) -> Organization | AA28: =VLOOKUP($A28,'raw-schema'!$A:$R,15,0) -> 0 | AB28: =VLOOKUP($A28,'raw-schema'!$A:$R,16,0) -> 0 | AC28: =VLOOKUP($A28,'raw-schema'!$A:$R,17,0) -> 0 | AD28: =VLOOKUP($A28,'raw-schema'!$A:$R,18,0) -> 0 | AE28: Schema 보강 필요 (Blog) | AF28: 예외 적용 (Pagination - Canonical)
A29: {=INDEX('raw-sheet'!$A$2:$ZZ$1000, ROW(A28), MATCH(A$1, 'raw-sheet'!$A$1:$ZZ$1, 0))} -> https://innisfree-taiwan.myshopify.com/blogs/magazine | B29: Pass | C29: {=INDEX('raw-sheet'!$A$2:$ZZ$1000, ROW(C28), MATCH(C$1, 'raw-sheet'!$A$1:$ZZ$1, 0))} -> Blog Page | D29: {=INDEX('raw-sheet'!$A$2:$ZZ$1000, ROW(D28), MATCH(D$1, 'raw-sheet'!$A$1:$ZZ$1, 0))} -> 200 | E29: =IF(D29=200,"Pass","Not") -> Pass | F29: {=INDEX('raw-sheet'!$A$2:$ZZ$1000, ROW(F28), MATCH(F$1, 'raw-sheet'!$A$1:$ZZ$1, 0))} -> 精選文章_x000D_ | INNISFREE Taiwan | G29: duplicate | H29: {=INDEX('raw-sheet'!$A$2:$ZZ$1000, ROW(H28), MATCH(H$1, 'raw-sheet'!$A$1:$ZZ$1, 0))} -> 0 | I29: missing | J29: {=INDEX('raw-sheet'!$A$2:$ZZ$1000, ROW(J28), MATCH(J$1, 'raw-sheet'!$A$1:$ZZ$1, 0))} -> 精選文章 | K29: {=INDEX('raw-sheet'!$A$2:$ZZ$1000, ROW(K28), MATCH(K$1, 'raw-sheet'!$A$1:$ZZ$1, 0))} -> 1 | L29: duplicate | M29: {=INDEX('raw-sheet'!$A$2:$ZZ$1000, ROW(M28), MATCH(M$1, 'raw-sheet'!$A$1:$ZZ$1, 0))} -> https://innisfree-taiwan.myshopify.com/blogs/magazine | N29: =IF(A29=M29,"Pass","Not") -> Pass | O29: {=INDEX('raw-sheet'!$A$2:$ZZ$1000, ROW(O28), MATCH(O$1, 'raw-sheet'!$A$1:$ZZ$1, 0))} -> 精選文章 | INNISFREE Taiwan | P29: {=INDEX('raw-sheet'!$A$2:$ZZ$1000, ROW(P28), MATCH(P$1, 'raw-sheet'!$A$1:$ZZ$1, 0))} -> innisfree 來自韓國濟州島的No.1自然主義美妝保養品牌，不僅將濟州島清新潔淨的空氣、溫暖和煦的陽光、純淨天然的水源、肥沃健康的土壤、自然純粹的植物養分注入保養品，更為消費者打造健康與美麗。| innisfree Taiwan | Q29: {=INDEX('raw-sheet'!$A$2:$ZZ$1000, ROW(Q28), MATCH(Q$1, 'raw-sheet'!$A$1:$ZZ$1, 0))} -> website | R29: {=INDEX('raw-sheet'!$A$2:$ZZ$1000, ROW(R28), MATCH(R$1, 'raw-sheet'!$A$1:$ZZ$1, 0))} -> INNISFREE Taiwan | S29: {=INDEX('raw-sheet'!$A$2:$ZZ$1000, ROW(S28), MATCH(S$1, 'raw-sheet'!$A$1:$ZZ$1, 0))} -> http://innisfree-taiwan.myshopify.com/cdn/shop/files/logo.png?v=1767594135 | T29: {=INDEX('raw-sheet'!$A$2:$ZZ$1000, ROW(T28), MATCH(T$1, 'raw-sheet'!$A$1:$ZZ$1, 0))} -> https://innisfree-taiwan.myshopify.com/cdn/shop/files/logo.png?v=1767594135 | U29: {=INDEX('raw-sheet'!$A$2:$ZZ$1000, ROW(U28), MATCH(U$1, 'raw-sheet'!$A$1:$ZZ$1, 0))} -> https://innisfree-taiwan.myshopify.com/blogs/magazine | V29: {=INDEX('raw-sheet'!$A$2:$ZZ$1000, ROW(V28), MATCH(V$1, 'raw-sheet'!$A$1:$ZZ$1, 0))} -> 精選文章 | INNISFREE Taiwan | ... X29: {=INDEX('raw-sheet'!$A$2:$ZZ$1000, ROW(X28), MATCH(X$1, 'raw-sheet'!$A$1:$ZZ$1, 0))} -> summary_large_image | Y29: duplicate title duplicate desc. | Z29: =VLOOKUP($A29,'raw-schema'!$A:$R,14,0) -> Organization | AA29: =VLOOKUP($A29,'raw-schema'!$A:$R,15,0) -> 0 | AB29: =VLOOKUP($A29,'raw-schema'!$A:$R,16,0) -> 0 | AC29: =VLOOKUP($A29,'raw-schema'!$A:$R,17,0) -> 0 | AD29: =VLOOKUP($A29,'raw-schema'!$A:$R,18,0) -> 0 | AE29: Schema 보강 필요 (Blog)
A30: {=INDEX('raw-sheet'!$A$2:$ZZ$1000, ROW(A29), MATCH(A$1, 'raw-sheet'!$A$1:$ZZ$1, 0))} -> https://innisfree-taiwan.myshopify.com/blogs/magazine/2024-popular-moisturizer-recommendations | B30: Pass | C30: {=INDEX('raw-sheet'!$A$2:$ZZ$1000, ROW(C29), MATCH(C$1, 'raw-sheet'!$A$1:$ZZ$1, 0))} -> Blog Page | D30: {=INDEX('raw-sheet'!$A$2:$ZZ$1000, ROW(D29), MATCH(D$1, 'raw-sheet'!$A$1:$ZZ$1, 0))} -> 200 | E30: =IF(D30=200,"Pass","Not") -> Pass | F30: {=INDEX('raw-sheet'!$A$2:$ZZ$1000, ROW(F29), MATCH(F$1, 'raw-sheet'!$A$1:$ZZ$1, 0))} -> 2024人氣面霜推薦！網友好評大推產品＆乳霜推薦使用方法總整理_x000D_ | INNISFREE Taiwan | G30: Pass | H30: {=INDEX('raw-sheet'!$A$2:$ZZ$1000, ROW(H29), MATCH(H$1, 'raw-sheet'!$A$1:$ZZ$1, 0))} -> 為何推薦使用面霜？ 如果說化妝水是開啟保養通道的第一步，那面霜就是幫忙將保養鎖在肌膚的最後一道程序。它不只根據產品配方有多種功效，且塗抹於皮膚表面後，會形成一層薄透的保護膜，這層保護膜可是有個重要功效，那就是…保護肌膚水分！ &gt;如果說化妝水是開啟保養通道的第一步，那面霜就是幫忙將保養鎖在肌膚的最後一道程序。它不只根據產品配方有多種功效，且塗抹於皮膚表面後，會形成一層薄透的保護膜，這層保護膜可是有個重要功效，那就是…保護肌膚水分！ 面霜可以幫助「鎖住」先前塗抹的質地較水、較容易流失的水分和養分，也能阻隔外界環境中會對皮膚造成刺激影響的有害因素，可以說是保養程序中不可或缺的一個步驟。若缺少了面霜，敷再多面膜、塗再多保養品，水分可能 | I30: Pass | J30: {=INDEX('raw-sheet'!$A$2:$ZZ$1000, ROW(J29), MATCH(J$1, 'raw-sheet'!$A$1:$ZZ$1, 0))} -> 2024人氣面霜推薦！網友好評大推產品＆乳霜推薦使用方法總整理 | K30: {=INDEX('raw-sheet'!$A$2:$ZZ$1000, ROW(K29), MATCH(K$1, 'raw-sheet'!$A$1:$ZZ$1, 0))} -> 1 | L30: Pass | M30: {=INDEX('raw-sheet'!$A$2:$ZZ$1000, ROW(M29), MATCH(M$1, 'raw-sheet'!$A$1:$ZZ$1, 0))} -> https://innisfree-taiwan.myshopify.com/blogs/magazine/2024-popular-moisturizer-recommendations | N30: =IF(A30=M30,"Pass","Not") -> Pass | O30: {=INDEX('raw-sheet'!$A$2:$ZZ$1000, ROW(O29), MATCH(O$1, 'raw-sheet'!$A$1:$ZZ$1, 0))} -> 2024人氣面霜推薦！網友好評大推產品＆乳霜推薦使用方法總整理 | INNISFREE Taiwan | P30: {=INDEX('raw-sheet'!$A$2:$ZZ$1000, ROW(P29), MATCH(P$1, 'raw-sheet'!$A$1:$ZZ$1, 0))} -> 為何推薦使用面霜？ 如果說化妝水是開啟保養通道的第一步，那面霜就是幫忙將保養鎖在肌膚的最後一道程序。它不只根據產品配方有多種功效，且塗抹於皮膚表面後，會形成一層薄透的保護膜，這層保護膜可是有個重要功效，那就是…保護肌膚水分！ &gt;如果說化妝水是開啟保養通道的第一步，那面霜就是幫忙將保養鎖在肌膚的最後一道程序。它不只根據產品配方有多種功效，且塗抹於皮膚表面後，會形成一層薄透的保護膜，這層保護膜可是有個重要功效，那就是…保護肌膚水分！ 面霜可以幫助「鎖住」先前塗抹的質地較水、較容易流失的水分和養分，也能阻隔外界環境中會對皮膚造成刺激影響的有害因素，可以說是保養程序中不可或缺的一個步驟。若缺少了面霜，敷再多面膜、塗再多保養品，水分可能 | Q30: {=INDEX('raw-sheet'!$A$2:$ZZ$1000, ROW(Q29), MATCH(Q$1, 'raw-sheet'!$A$1:$ZZ$1, 0))} -> article | R30: {=INDEX('raw-sheet'!$A$2:$ZZ$1000, ROW(R29), MATCH(R$1, 'raw-sheet'!$A$1:$ZZ$1, 0))} -> INNISFREE Taiwan | S30: {=INDEX('raw-sheet'!$A$2:$ZZ$1000, ROW(S29), MATCH(S$1, 'raw-sheet'!$A$1:$ZZ$1, 0))} -> http://innisfree-taiwan.myshopify.com/cdn/shop/articles/pdp_mig_ef0137eb_5_attimg1_origin_jpg_78d75c9a-f7d0-49ef-8d79-f75af6a16136.jpg?v=1769590079 | T30: {=INDEX('raw-sheet'!$A$2:$ZZ$1000, ROW(T29), MATCH(T$1, 'raw-sheet'!$A$1:$ZZ$1, 0))} -> https://innisfree-taiwan.myshopify.com/cdn/shop/articles/pdp_mig_ef0137eb_5_attimg1_origin_jpg_78d75c9a-f7d0-49ef-8d79-f75af6a16136.jpg?v=1769590079 | U30: {=INDEX('raw-sheet'!$A$2:$ZZ$1000, ROW(U29), MATCH(U$1, 'raw-sheet'!$A$1:$ZZ$1, 0))} -> https://innisfree-taiwan.myshopify.com/blogs/magazine/2024-popular-moisturizer-recommendations | V30: {=INDEX('raw-sheet'!$A$2:$ZZ$1000, ROW(V29), MATCH(V$1, 'raw-sheet'!$A$1:$ZZ$1, 0))} -> 2024人氣面霜推薦！網友好評大推產品＆乳霜推薦使用方法總整理 | INNISFREE Taiwan | ... X30: {=INDEX('raw-sheet'!$A$2:$ZZ$1000, ROW(X29), MATCH(X$1, 'raw-sheet'!$A$1:$ZZ$1, 0))} -> summary_large_image | Y30: Pass | Z30: =VLOOKUP($A30,'raw-schema'!$A:$R,14,0) -> Article | AA30: =VLOOKUP($A30,'raw-schema'!$A:$R,15,0) -> Organization | AB30: =VLOOKUP($A30,'raw-schema'!$A:$R,16,0) -> Person | AC30: =VLOOKUP($A30,'raw-schema'!$A:$R,17,0) -> WebPage | AD30: =VLOOKUP($A30,'raw-schema'!$A:$R,18,0) -> 0 | AE30: Schema 보강 필요 (Blog)
A31: {=INDEX('raw-sheet'!$A$2:$ZZ$1000, ROW(A30), MATCH(A$1, 'raw-sheet'!$A$1:$ZZ$1, 0))} -> https://innisfree-taiwan.myshopify.com/blogs/magazine/3-step-facial-moisturizing-routine | B31: Pass | C31: {=INDEX('raw-sheet'!$A$2:$ZZ$1000, ROW(C30), MATCH(C$1, 'raw-sheet'!$A$1:$ZZ$1, 0))} -> Blog Page | D31: {=INDEX('raw-sheet'!$A$2:$ZZ$1000, ROW(D30), MATCH(D$1, 'raw-sheet'!$A$1:$ZZ$1, 0))} -> 200 | E31: =IF(D31=200,"Pass","Not") -> Pass | F31: {=INDEX('raw-sheet'!$A$2:$ZZ$1000, ROW(F30), MATCH(F$1, 'raw-sheet'!$A$1:$ZZ$1, 0))} -> 臉部保濕3步驟大公開！教你正確保養，擺脫乾燥肌！_x000D_ | INNISFREE Taiwan | G31: Pass | H31: {=INDEX('raw-sheet'!$A$2:$ZZ$1000, ROW(H30), MATCH(H$1, 'raw-sheet'!$A$1:$ZZ$1, 0))} -> 臉部保濕多重要？3大你不會想嘗試的乾燥後果😱 你知道嗎？如果肌膚缺乏水分，不僅容易緊繃不舒服，且乾燥的肌膚也會讓你看起來「無光」。甚至長期缺乏保養還可能會出現： ✔ 細紋 ✔ 皺紋 ✔ 鬆弛 等症狀，等症狀，導致你看起來比實際年齡還要大！而且若角質層缺水，可能會使得天然保濕因子減少，出現角質層的組織排列混亂，肌膚防禦力下降，甚至代謝異常，出現出屑、脫皮症狀。所以你說，為了漂亮和肌膚的健康，保濕是不是真的很重要！ 臉部乾燥3原因：NG保濕方式要注意❌ 但為何臉部水分會流失，導致乾燥的情況出現？其實乾燥是在你不知不覺的日常中偷偷找上門的，其中又以下面3大因素為常見的皮膚乾燥原因，請大家提醒大家，一起小心避免！ 1. 年齡造成的水分流失 | I31: Pass | J31: {=INDEX('raw-sheet'!$A$2:$ZZ$1000, ROW(J30), MATCH(J$1, 'raw-sheet'!$A$1:$ZZ$1, 0))} -> 臉部保濕3步驟大公開！教你正確保養，擺脫乾燥肌！ | K31: {=INDEX('raw-sheet'!$A$2:$ZZ$1000, ROW(K30), MATCH(K$1, 'raw-sheet'!$A$1:$ZZ$1, 0))} -> 1 | L31: Pass | M31: {=INDEX('raw-sheet'!$A$2:$ZZ$1000, ROW(M30), MATCH(M$1, 'raw-sheet'!$A$1:$ZZ$1, 0))} -> https://innisfree-taiwan.myshopify.com/blogs/magazine/3-step-facial-moisturizing-routine | N31: =IF(A31=M31,"Pass","Not") -> Pass | O31: {=INDEX('raw-sheet'!$A$2:$ZZ$1000, ROW(O30), MATCH(O$1, 'raw-sheet'!$A$1:$ZZ$1, 0))} -> 臉部保濕3步驟大公開！教你正確保養，擺脫乾燥肌！ | INNISFREE Taiwan | P31: {=INDEX('raw-sheet'!$A$2:$ZZ$1000, ROW(P30), MATCH(P$1, 'raw-sheet'!$A$1:$ZZ$1, 0))} -> 臉部保濕多重要？3大你不會想嘗試的乾燥後果😱 你知道嗎？如果肌膚缺乏水分，不僅容易緊繃不舒服，且乾燥的肌膚也會讓你看起來「無光」。甚至長期缺乏保養還可能會出現： ✔ 細紋 ✔ 皺紋 ✔ 鬆弛 等症狀，等症狀，導致你看起來比實際年齡還要大！而且若角質層缺水，可能會使得天然保濕因子減少，出現角質層的組織排列混亂，肌膚防禦力下降，甚至代謝異常，出現出屑、脫皮症狀。所以你說，為了漂亮和肌膚的健康，保濕是不是真的很重要！ 臉部乾燥3原因：NG保濕方式要注意❌ 但為何臉部水分會流失，導致乾燥的情況出現？其實乾燥是在你不知不覺的日常中偷偷找上門的，其中又以下面3大因素為常見的皮膚乾燥原因，請大家提醒大家，一起小心避免！ 1. 年齡造成的水分流失 | Q31: {=INDEX('raw-sheet'!$A$2:$ZZ$1000, ROW(Q30), MATCH(Q$1, 'raw-sheet'!$A$1:$ZZ$1, 0))} -> article | R31: {=INDEX('raw-sheet'!$A$2:$ZZ$1000, ROW(R30), MATCH(R$1, 'raw-sheet'!$A$1:$ZZ$1, 0))} -> INNISFREE Taiwan | S31: {=INDEX('raw-sheet'!$A$2:$ZZ$1000, ROW(S30), MATCH(S$1, 'raw-sheet'!$A$1:$ZZ$1, 0))} -> http://innisfree-taiwan.myshopify.com/cdn/shop/articles/pdp_mig_6d4b9fb6_9_attimg1_origin_png.png?v=1769590104 | T31: {=INDEX('raw-sheet'!$A$2:$ZZ$1000, ROW(T30), MATCH(T$1, 'raw-sheet'!$A$1:$ZZ$1, 0))} -> https://innisfree-taiwan.myshopify.com/cdn/shop/articles/pdp_mig_6d4b9fb6_9_attimg1_origin_png.png?v=1769590104 | U31: {=INDEX('raw-sheet'!$A$2:$ZZ$1000, ROW(U30), MATCH(U$1, 'raw-sheet'!$A$1:$ZZ$1, 0))} -> https://innisfree-taiwan.myshopify.com/blogs/magazine/3-step-facial-moisturizing-routine | V31: {=INDEX('raw-sheet'!$A$2:$ZZ$1000, ROW(V30), MATCH(V$1, 'raw-sheet'!$A$1:$ZZ$1, 0))} -> 臉部保濕3步驟大公開！教你正確保養，擺脫乾燥肌！ | INNISFREE Taiwan | ... X31: {=INDEX('raw-sheet'!$A$2:$ZZ$1000, ROW(X30), MATCH(X$1, 'raw-sheet'!$A$1:$ZZ$1, 0))} -> summary_large_image | Y31: Pass | Z31: =VLOOKUP($A31,'raw-schema'!$A:$R,14,0) -> Article | AA31: =VLOOKUP($A31,'raw-schema'!$A:$R,15,0) -> Organization | AB31: =VLOOKUP($A31,'raw-schema'!$A:$R,16,0) -> Person | AC31: =VLOOKUP($A31,'raw-schema'!$A:$R,17,0) -> WebPage | AD31: =VLOOKUP($A31,'raw-schema'!$A:$R,18,0) -> 0 | AE31: Schema 보강 필요 (Blog)
A32: {=INDEX('raw-sheet'!$A$2:$ZZ$1000, ROW(A31), MATCH(A$1, 'raw-sheet'!$A$1:$ZZ$1, 0))} -> https://innisfree-taiwan.myshopify.com/blogs/magazine/4-effective-steps-to-remove-blackheads | B32: Pass | C32: {=INDEX('raw-sheet'!$A$2:$ZZ$1000, ROW(C31), MATCH(C$1, 'raw-sheet'!$A$1:$ZZ$1, 0))} -> Blog Page | D32: {=INDEX('raw-sheet'!$A$2:$ZZ$1000, ROW(D31), MATCH(D$1, 'raw-sheet'!$A$1:$ZZ$1, 0))} -> 200 | E32: =IF(D32=200,"Pass","Not") -> Pass | F32: {=INDEX('raw-sheet'!$A$2:$ZZ$1000, ROW(F31), MATCH(F$1, 'raw-sheet'!$A$1:$ZZ$1, 0))} -> 去粉刺最有效的方法4步驟！清除粉刺派出面膜和粉刺夾，無痛移除黑白頭_x000D_ | INNISFREE Taiwan | G32: Pass | H32: {=INDEX('raw-sheet'!$A$2:$ZZ$1000, ROW(H31), MATCH(H$1, 'raw-sheet'!$A$1:$ZZ$1, 0))} -> 去粉刺最有效的方法是什麼？如何透過日常保養避免粉刺？各位姊妹們是不是每次照鏡子時，只要看到鼻子上黑黑白白的粉刺，就忍不住想要「手動清潔」呢？小編勸你先冷靜～因為粉刺處理不對，可能變成更可怕的紅腫痘痘、甚至留疤，千萬別因為一時的衝動讓肌膚留下瑕疵！今天就讓小編來當你的保養軍師，教你去粉刺最有效的方法，輕鬆擺脫討人厭的小黑點與小白頭！ 粉刺是什麼？粉刺生成4原因 在探究去粉刺方法之前，讓我們先來認識「粉刺」這個頑皮的肌膚問題。簡單來說，粉刺就是毛孔裡不斷堆積的垃圾，其形成的原因有很多，快來看看你是因為哪種情況而中招： 皮脂過多 若你擁有油性肌，那皮脂分泌過多很可能就是你毛孔堵塞的罪魁禍首！ 角質堆積 如果臉上覺得粗粗的，這是死皮細胞搞得 | I32: Pass | J32: {=INDEX('raw-sheet'!$A$2:$ZZ$1000, ROW(J31), MATCH(J$1, 'raw-sheet'!$A$1:$ZZ$1, 0))} -> 去粉刺最有效的方法4步驟！清除粉刺派出面膜和粉刺夾，無痛移除黑白頭 | K32: {=INDEX('raw-sheet'!$A$2:$ZZ$1000, ROW(K31), MATCH(K$1, 'raw-sheet'!$A$1:$ZZ$1, 0))} -> 1 | L32: Pass | M32: {=INDEX('raw-sheet'!$A$2:$ZZ$1000, ROW(M31), MATCH(M$1, 'raw-sheet'!$A$1:$ZZ$1, 0))} -> https://innisfree-taiwan.myshopify.com/blogs/magazine/4-effective-steps-to-remove-blackheads | N32: =IF(A32=M32,"Pass","Not") -> Pass | O32: {=INDEX('raw-sheet'!$A$2:$ZZ$1000, ROW(O31), MATCH(O$1, 'raw-sheet'!$A$1:$ZZ$1, 0))} -> 去粉刺最有效的方法4步驟！清除粉刺派出面膜和粉刺夾，無痛移除黑白頭 | INNISFREE Taiwan | P32: {=INDEX('raw-sheet'!$A$2:$ZZ$1000, ROW(P31), MATCH(P$1, 'raw-sheet'!$A$1:$ZZ$1, 0))} -> 去粉刺最有效的方法是什麼？如何透過日常保養避免粉刺？各位姊妹們是不是每次照鏡子時，只要看到鼻子上黑黑白白的粉刺，就忍不住想要「手動清潔」呢？小編勸你先冷靜～因為粉刺處理不對，可能變成更可怕的紅腫痘痘、甚至留疤，千萬別因為一時的衝動讓肌膚留下瑕疵！今天就讓小編來當你的保養軍師，教你去粉刺最有效的方法，輕鬆擺脫討人厭的小黑點與小白頭！ 粉刺是什麼？粉刺生成4原因 在探究去粉刺方法之前，讓我們先來認識「粉刺」這個頑皮的肌膚問題。簡單來說，粉刺就是毛孔裡不斷堆積的垃圾，其形成的原因有很多，快來看看你是因為哪種情況而中招： 皮脂過多 若你擁有油性肌，那皮脂分泌過多很可能就是你毛孔堵塞的罪魁禍首！ 角質堆積 如果臉上覺得粗粗的，這是死皮細胞搞得 | Q32: {=INDEX('raw-sheet'!$A$2:$ZZ$1000, ROW(Q31), MATCH(Q$1, 'raw-sheet'!$A$1:$ZZ$1, 0))} -> article | R32: {=INDEX('raw-sheet'!$A$2:$ZZ$1000, ROW(R31), MATCH(R$1, 'raw-sheet'!$A$1:$ZZ$1, 0))} -> INNISFREE Taiwan | S32: {=INDEX('raw-sheet'!$A$2:$ZZ$1000, ROW(S31), MATCH(S$1, 'raw-sheet'!$A$1:$ZZ$1, 0))} -> http://innisfree-taiwan.myshopify.com/cdn/shop/articles/pdp_mig_395b7cad_19_attimg1_origin_jpg_396bd313-2ff3-4e22-9c2e-67dd2388a365.jpg?v=1768549567 | T32: {=INDEX('raw-sheet'!$A$2:$ZZ$1000, ROW(T31), MATCH(T$1, 'raw-sheet'!$A$1:$ZZ$1, 0))} -> https://innisfree-taiwan.myshopify.com/cdn/shop/articles/pdp_mig_395b7cad_19_attimg1_origin_jpg_396bd313-2ff3-4e22-9c2e-67dd2388a365.jpg?v=1768549567 | U32: {=INDEX('raw-sheet'!$A$2:$ZZ$1000, ROW(U31), MATCH(U$1, 'raw-sheet'!$A$1:$ZZ$1, 0))} -> https://innisfree-taiwan.myshopify.com/blogs/magazine/4-effective-steps-to-remove-blackheads | V32: {=INDEX('raw-sheet'!$A$2:$ZZ$1000, ROW(V31), MATCH(V$1, 'raw-sheet'!$A$1:$ZZ$1, 0))} -> 去粉刺最有效的方法4步驟！清除粉刺派出面膜和粉刺夾，無痛移除黑白頭 | INNISFREE Taiwan | ... X32: {=INDEX('raw-sheet'!$A$2:$ZZ$1000, ROW(X31), MATCH(X$1, 'raw-sheet'!$A$1:$ZZ$1, 0))} -> summary_large_image | Y32: Pass | Z32: =VLOOKUP($A32,'raw-schema'!$A:$R,14,0) -> Article | AA32: =VLOOKUP($A32,'raw-schema'!$A:$R,15,0) -> Organization | AB32: =VLOOKUP($A32,'raw-schema'!$A:$R,16,0) -> Person | AC32: =VLOOKUP($A32,'raw-schema'!$A:$R,17,0) -> WebPage | AD32: =VLOOKUP($A32,'raw-schema'!$A:$R,18,0) -> 0 | AE32: Schema 보강 필요 (Blog)
A33: {=INDEX('raw-sheet'!$A$2:$ZZ$1000, ROW(A32), MATCH(A$1, 'raw-sheet'!$A$1:$ZZ$1, 0))} -> https://innisfree-taiwan.myshopify.com/blogs/magazine/ampoule-usage-guide-how-and-when-to-use | B33: Pass | C33: {=INDEX('raw-sheet'!$A$2:$ZZ$1000, ROW(C32), MATCH(C$1, 'raw-sheet'!$A$1:$ZZ$1, 0))} -> Blog Page | D33: {=INDEX('raw-sheet'!$A$2:$ZZ$1000, ROW(D32), MATCH(D$1, 'raw-sheet'!$A$1:$ZZ$1, 0))} -> 200 | E33: =IF(D33=200,"Pass","Not") -> Pass | F33: {=INDEX('raw-sheet'!$A$2:$ZZ$1000, ROW(F32), MATCH(F$1, 'raw-sheet'!$A$1:$ZZ$1, 0))} -> 正確安瓶使用順序大解密！快速了解安瓶怎麼用、什麼時候用_x000D_ | INNISFREE Taiwan | G33: Pass | H33: {=INDEX('raw-sheet'!$A$2:$ZZ$1000, ROW(H32), MATCH(H$1, 'raw-sheet'!$A$1:$ZZ$1, 0))} -> 安瓶是什麼？了解使用順序前先看看其由來 「安瓶」源自英文（Ampoule），一開始是指用來裝藥品的無菌玻璃容器，是藥師為了將藥品與空氣、細菌隔絕所用之容器。 後來有美容保養業者開始使用此概念，將類似安瓶的容器用來裝化妝品、保養品，更運用安瓶的特性存放活性高的高濃縮保養液， 也因為存放的保養品濃度比、活性比、純度比都為高級的高濃度精華，所需的製作成本更高，因此安瓶的價格也就相對較高。 而這樣珍貴、小容量、高濃度的保養品，就是現在我們聽到的「安瓶」。 安瓶怎麼開？使用順序第一步：簡易開法教學 然而你是否有過這樣的經驗：買了安瓶卻卡關，不知道到底怎麼開？以前的安瓶通常是2mL以下的高濃縮美容保養液，密封的包裝技術比較複雜， 打開方式是從瓶 | I33: Pass | J33: {=INDEX('raw-sheet'!$A$2:$ZZ$1000, ROW(J32), MATCH(J$1, 'raw-sheet'!$A$1:$ZZ$1, 0))} -> 正確安瓶使用順序大解密！快速了解安瓶怎麼用、什麼時候用 | K33: {=INDEX('raw-sheet'!$A$2:$ZZ$1000, ROW(K32), MATCH(K$1, 'raw-sheet'!$A$1:$ZZ$1, 0))} -> 1 | L33: Pass | M33: {=INDEX('raw-sheet'!$A$2:$ZZ$1000, ROW(M32), MATCH(M$1, 'raw-sheet'!$A$1:$ZZ$1, 0))} -> https://innisfree-taiwan.myshopify.com/blogs/magazine/ampoule-usage-guide-how-and-when-to-use | N33: =IF(A33=M33,"Pass","Not") -> Pass | O33: {=INDEX('raw-sheet'!$A$2:$ZZ$1000, ROW(O32), MATCH(O$1, 'raw-sheet'!$A$1:$ZZ$1, 0))} -> 正確安瓶使用順序大解密！快速了解安瓶怎麼用、什麼時候用 | INNISFREE Taiwan | P33: {=INDEX('raw-sheet'!$A$2:$ZZ$1000, ROW(P32), MATCH(P$1, 'raw-sheet'!$A$1:$ZZ$1, 0))} -> 安瓶是什麼？了解使用順序前先看看其由來 「安瓶」源自英文（Ampoule），一開始是指用來裝藥品的無菌玻璃容器，是藥師為了將藥品與空氣、細菌隔絕所用之容器。 後來有美容保養業者開始使用此概念，將類似安瓶的容器用來裝化妝品、保養品，更運用安瓶的特性存放活性高的高濃縮保養液， 也因為存放的保養品濃度比、活性比、純度比都為高級的高濃度精華，所需的製作成本更高，因此安瓶的價格也就相對較高。 而這樣珍貴、小容量、高濃度的保養品，就是現在我們聽到的「安瓶」。 安瓶怎麼開？使用順序第一步：簡易開法教學 然而你是否有過這樣的經驗：買了安瓶卻卡關，不知道到底怎麼開？以前的安瓶通常是2mL以下的高濃縮美容保養液，密封的包裝技術比較複雜， 打開方式是從瓶 | Q33: {=INDEX('raw-sheet'!$A$2:$ZZ$1000, ROW(Q32), MATCH(Q$1, 'raw-sheet'!$A$1:$ZZ$1, 0))} -> article | R33: {=INDEX('raw-sheet'!$A$2:$ZZ$1000, ROW(R32), MATCH(R$1, 'raw-sheet'!$A$1:$ZZ$1, 0))} -> INNISFREE Taiwan | S33: {=INDEX('raw-sheet'!$A$2:$ZZ$1000, ROW(S32), MATCH(S$1, 'raw-sheet'!$A$1:$ZZ$1, 0))} -> http://innisfree-taiwan.myshopify.com/cdn/shop/articles/pdp_mig_23814c2c_4_attimg1_origin_jpg_67f30ed6-e670-4ba8-81e6-4e8ea13106ac.jpg?v=1769590004 | T33: {=INDEX('raw-sheet'!$A$2:$ZZ$1000, ROW(T32), MATCH(T$1, 'raw-sheet'!$A$1:$ZZ$1, 0))} -> https://innisfree-taiwan.myshopify.com/cdn/shop/articles/pdp_mig_23814c2c_4_attimg1_origin_jpg_67f30ed6-e670-4ba8-81e6-4e8ea13106ac.jpg?v=1769590004 | U33: {=INDEX('raw-sheet'!$A$2:$ZZ$1000, ROW(U32), MATCH(U$1, 'raw-sheet'!$A$1:$ZZ$1, 0))} -> https://innisfree-taiwan.myshopify.com/blogs/magazine/ampoule-usage-guide-how-and-when-to-use | V33: {=INDEX('raw-sheet'!$A$2:$ZZ$1000, ROW(V32), MATCH(V$1, 'raw-sheet'!$A$1:$ZZ$1, 0))} -> 正確安瓶使用順序大解密！快速了解安瓶怎麼用、什麼時候用 | INNISFREE Taiwan | ... X33: {=INDEX('raw-sheet'!$A$2:$ZZ$1000, ROW(X32), MATCH(X$1, 'raw-sheet'!$A$1:$ZZ$1, 0))} -> summary_large_image | Y33: Pass | Z33: =VLOOKUP($A33,'raw-schema'!$A:$R,14,0) -> Article | AA33: =VLOOKUP($A33,'raw-schema'!$A:$R,15,0) -> Organization | AB33: =VLOOKUP($A33,'raw-schema'!$A:$R,16,0) -> Person | AC33: =VLOOKUP($A33,'raw-schema'!$A:$R,17,0) -> WebPage | AD33: =VLOOKUP($A33,'raw-schema'!$A:$R,18,0) -> 0 | AE33: Schema 보강 필요 (Blog)
A34: {=INDEX('raw-sheet'!$A$2:$ZZ$1000, ROW(A33), MATCH(A$1, 'raw-sheet'!$A$1:$ZZ$1, 0))} -> https://innisfree-taiwan.myshopify.com/blogs/magazine/cakey-makeup-vs-patchy-makeup-differences | B34: Pass | C34: {=INDEX('raw-sheet'!$A$2:$ZZ$1000, ROW(C33), MATCH(C$1, 'raw-sheet'!$A$1:$ZZ$1, 0))} -> Blog Page | D34: {=INDEX('raw-sheet'!$A$2:$ZZ$1000, ROW(D33), MATCH(D$1, 'raw-sheet'!$A$1:$ZZ$1, 0))} -> 200 | E34: =IF(D34=200,"Pass","Not") -> Pass | F34: {=INDEX('raw-sheet'!$A$2:$ZZ$1000, ROW(F33), MATCH(F$1, 'raw-sheet'!$A$1:$ZZ$1, 0))} -> 浮粉跟卡粉差在哪？浮粉怎麼辦？_x000D_ | INNISFREE Taiwan | G34: Pass | H34: {=INDEX('raw-sheet'!$A$2:$ZZ$1000, ROW(H33), MATCH(H$1, 'raw-sheet'!$A$1:$ZZ$1, 0))} -> 浮粉跟卡粉差在哪？浮粉怎麼辦？分享底妝斑駁5大原因和急救方法 浮粉怎麼辦？浮粉或卡粉究竟是因為什麼原因？完美妝容的關鍵是服貼與自然，但有時上完妝沒多久就開始斑駁脫落，不只讓肌膚看起來粗糙不平，還可能使臉部膚色不均。而你知道自己的妝容是『浮粉』還是『卡粉』嗎？其實這兩者有不同的成因和解決方法！今天讓小編帶你一次了解這兩者的區別，並告訴你6個實用小技巧，幫助你打造服貼、輕透的完美妝容～ 浮粉是什麼？和卡粉有什麼差別？ 雖然浮粉與卡粉都是妝容不服貼的表現，但其發生時間、原因及解決方式各不相同： ■ 『浮粉』➡ 指粉底或底妝產品在肌膚表面無法緊密貼合，導致妝感「浮在肌膚上」，通常發生在妝後數小時，特別是在肌膚出油後。 ■ 『卡粉』➡ 指底妝 | I34: Pass | J34: {=INDEX('raw-sheet'!$A$2:$ZZ$1000, ROW(J33), MATCH(J$1, 'raw-sheet'!$A$1:$ZZ$1, 0))} -> 浮粉跟卡粉差在哪？浮粉怎麼辦？ | K34: {=INDEX('raw-sheet'!$A$2:$ZZ$1000, ROW(K33), MATCH(K$1, 'raw-sheet'!$A$1:$ZZ$1, 0))} -> 1 | L34: Pass | M34: {=INDEX('raw-sheet'!$A$2:$ZZ$1000, ROW(M33), MATCH(M$1, 'raw-sheet'!$A$1:$ZZ$1, 0))} -> https://innisfree-taiwan.myshopify.com/blogs/magazine/cakey-makeup-vs-patchy-makeup-differences | N34: =IF(A34=M34,"Pass","Not") -> Pass | O34: {=INDEX('raw-sheet'!$A$2:$ZZ$1000, ROW(O33), MATCH(O$1, 'raw-sheet'!$A$1:$ZZ$1, 0))} -> 浮粉跟卡粉差在哪？浮粉怎麼辦？ | INNISFREE Taiwan | P34: {=INDEX('raw-sheet'!$A$2:$ZZ$1000, ROW(P33), MATCH(P$1, 'raw-sheet'!$A$1:$ZZ$1, 0))} -> 浮粉跟卡粉差在哪？浮粉怎麼辦？分享底妝斑駁5大原因和急救方法 浮粉怎麼辦？浮粉或卡粉究竟是因為什麼原因？完美妝容的關鍵是服貼與自然，但有時上完妝沒多久就開始斑駁脫落，不只讓肌膚看起來粗糙不平，還可能使臉部膚色不均。而你知道自己的妝容是『浮粉』還是『卡粉』嗎？其實這兩者有不同的成因和解決方法！今天讓小編帶你一次了解這兩者的區別，並告訴你6個實用小技巧，幫助你打造服貼、輕透的完美妝容～ 浮粉是什麼？和卡粉有什麼差別？ 雖然浮粉與卡粉都是妝容不服貼的表現，但其發生時間、原因及解決方式各不相同： ■ 『浮粉』➡ 指粉底或底妝產品在肌膚表面無法緊密貼合，導致妝感「浮在肌膚上」，通常發生在妝後數小時，特別是在肌膚出油後。 ■ 『卡粉』➡ 指底妝 | Q34: {=INDEX('raw-sheet'!$A$2:$ZZ$1000, ROW(Q33), MATCH(Q$1, 'raw-sheet'!$A$1:$ZZ$1, 0))} -> article | R34: {=INDEX('raw-sheet'!$A$2:$ZZ$1000, ROW(R33), MATCH(R$1, 'raw-sheet'!$A$1:$ZZ$1, 0))} -> INNISFREE Taiwan | S34: {=INDEX('raw-sheet'!$A$2:$ZZ$1000, ROW(S33), MATCH(S$1, 'raw-sheet'!$A$1:$ZZ$1, 0))} -> http://innisfree-taiwan.myshopify.com/cdn/shop/articles/pdp_mig_6c92879f_14_attimg1_origin_jpg_1b24834d-bce4-48b1-a49e-f71eb88adafd.jpg?v=1768549613 | T34: {=INDEX('raw-sheet'!$A$2:$ZZ$1000, ROW(T33), MATCH(T$1, 'raw-sheet'!$A$1:$ZZ$1, 0))} -> https://innisfree-taiwan.myshopify.com/cdn/shop/articles/pdp_mig_6c92879f_14_attimg1_origin_jpg_1b24834d-bce4-48b1-a49e-f71eb88adafd.jpg?v=1768549613 | U34: {=INDEX('raw-sheet'!$A$2:$ZZ$1000, ROW(U33), MATCH(U$1, 'raw-sheet'!$A$1:$ZZ$1, 0))} -> https://innisfree-taiwan.myshopify.com/blogs/magazine/cakey-makeup-vs-patchy-makeup-differences | V34: {=INDEX('raw-sheet'!$A$2:$ZZ$1000, ROW(V33), MATCH(V$1, 'raw-sheet'!$A$1:$ZZ$1, 0))} -> 浮粉跟卡粉差在哪？浮粉怎麼辦？ | INNISFREE Taiwan | ... X34: {=INDEX('raw-sheet'!$A$2:$ZZ$1000, ROW(X33), MATCH(X$1, 'raw-sheet'!$A$1:$ZZ$1, 0))} -> summary_large_image | Y34: Pass | Z34: =VLOOKUP($A34,'raw-schema'!$A:$R,14,0) -> Article | AA34: =VLOOKUP($A34,'raw-schema'!$A:$R,15,0) -> Organization | AB34: =VLOOKUP($A34,'raw-schema'!$A:$R,16,0) -> Person | AC34: =VLOOKUP($A34,'raw-schema'!$A:$R,17,0) -> WebPage | AD34: =VLOOKUP($A34,'raw-schema'!$A:$R,18,0) -> 0 | AE34: Schema 보강 필요 (Blog)
A35: {=INDEX('raw-sheet'!$A$2:$ZZ$1000, ROW(A34), MATCH(A$1, 'raw-sheet'!$A$1:$ZZ$1, 0))} -> https://innisfree-taiwan.myshopify.com/blogs/magazine/causes-of-dry-skin-and-how-to-improve-it | B35: Pass | C35: {=INDEX('raw-sheet'!$A$2:$ZZ$1000, ROW(C34), MATCH(C$1, 'raw-sheet'!$A$1:$ZZ$1, 0))} -> Blog Page | D35: {=INDEX('raw-sheet'!$A$2:$ZZ$1000, ROW(D34), MATCH(D$1, 'raw-sheet'!$A$1:$ZZ$1, 0))} -> 200 | E35: =IF(D35=200,"Pass","Not") -> Pass | F35: {=INDEX('raw-sheet'!$A$2:$ZZ$1000, ROW(F34), MATCH(F$1, 'raw-sheet'!$A$1:$ZZ$1, 0))} -> 皮膚乾燥原因有哪些？如何改善？乾肌人必看保養方法與保養品推薦_x000D_ | INNISFREE Taiwan | G35: Pass | H35: {=INDEX('raw-sheet'!$A$2:$ZZ$1000, ROW(H34), MATCH(H$1, 'raw-sheet'!$A$1:$ZZ$1, 0))} -> 皮膚乾燥原因有哪些？如何改善？乾肌人必看保養方法與保養品推薦 長期有搔癢、泛紅等皮膚乾燥困擾，卻遲遲找不到原因嗎？其實肌膚乾燥有時不是「天氣惹的禍」，可能是你的生活習慣或保養方式出了問題，讓肌膚鬧起了脾氣！這篇文章將從乾燥的症狀、根本原因到實用保養方法，手把手教你如何打敗乾燥不適。不管你是臉上乾得卡粉，還是身體肌膚乾燥粗糙，讀完後跟著我們一起輕鬆挑保養品，找回柔嫩又水潤的肌膚光彩！ 皮膚乾燥不只會脫屑或搔癢！5大症狀一次看 當肌膚水分不足時，肌膚乾燥的症狀便會悄然出現。以下是常見的肌膚乾燥症狀： ✔ 搔癢 乾燥的肌膚容易引發搔癢感，尤其是冬季或長時間暴露於冷風中時特別明顯。 ✔ 緊繃感 洗臉後若感覺肌膚緊繃、像是被拉扯，可能是肌膚屏 | I35: Pass | J35: {=INDEX('raw-sheet'!$A$2:$ZZ$1000, ROW(J34), MATCH(J$1, 'raw-sheet'!$A$1:$ZZ$1, 0))} -> 皮膚乾燥原因有哪些？如何改善？乾肌人必看保養方法與保養品推薦 | K35: {=INDEX('raw-sheet'!$A$2:$ZZ$1000, ROW(K34), MATCH(K$1, 'raw-sheet'!$A$1:$ZZ$1, 0))} -> Error Parsing HTML | L35: Pass | M35: {=INDEX('raw-sheet'!$A$2:$ZZ$1000, ROW(M34), MATCH(M$1, 'raw-sheet'!$A$1:$ZZ$1, 0))} -> https://innisfree-taiwan.myshopify.com/blogs/magazine/causes-of-dry-skin-and-how-to-improve-it | N35: =IF(A35=M35,"Pass","Not") -> Pass | O35: {=INDEX('raw-sheet'!$A$2:$ZZ$1000, ROW(O34), MATCH(O$1, 'raw-sheet'!$A$1:$ZZ$1, 0))} -> Error Parsing HTML | P35: {=INDEX('raw-sheet'!$A$2:$ZZ$1000, ROW(P34), MATCH(P$1, 'raw-sheet'!$A$1:$ZZ$1, 0))} -> Error Parsing HTML | Q35: {=INDEX('raw-sheet'!$A$2:$ZZ$1000, ROW(Q34), MATCH(Q$1, 'raw-sheet'!$A$1:$ZZ$1, 0))} -> Error Parsing HTML | R35: {=INDEX('raw-sheet'!$A$2:$ZZ$1000, ROW(R34), MATCH(R$1, 'raw-sheet'!$A$1:$ZZ$1, 0))} -> Error Parsing HTML | S35: {=INDEX('raw-sheet'!$A$2:$ZZ$1000, ROW(S34), MATCH(S$1, 'raw-sheet'!$A$1:$ZZ$1, 0))} -> Error Parsing HTML | T35: {=INDEX('raw-sheet'!$A$2:$ZZ$1000, ROW(T34), MATCH(T$1, 'raw-sheet'!$A$1:$ZZ$1, 0))} -> 0 | U35: {=INDEX('raw-sheet'!$A$2:$ZZ$1000, ROW(U34), MATCH(U$1, 'raw-sheet'!$A$1:$ZZ$1, 0))} -> Error Parsing HTML | V35: {=INDEX('raw-sheet'!$A$2:$ZZ$1000, ROW(V34), MATCH(V$1, 'raw-sheet'!$A$1:$ZZ$1, 0))} -> Error Parsing HTML | ... X35: {=INDEX('raw-sheet'!$A$2:$ZZ$1000, ROW(X34), MATCH(X$1, 'raw-sheet'!$A$1:$ZZ$1, 0))} -> Error Parsing HTML | Y35: Pass | Z35: =VLOOKUP($A35,'raw-schema'!$A:$R,14,0) -> Article | AA35: =VLOOKUP($A35,'raw-schema'!$A:$R,15,0) -> Organization | AB35: =VLOOKUP($A35,'raw-schema'!$A:$R,16,0) -> Person | AC35: =VLOOKUP($A35,'raw-schema'!$A:$R,17,0) -> WebPage | AD35: =VLOOKUP($A35,'raw-schema'!$A:$R,18,0) -> 0 | AE35: Schema 보강 필요 (Blog)
A36: {=INDEX('raw-sheet'!$A$2:$ZZ$1000, ROW(A35), MATCH(A$1, 'raw-sheet'!$A$1:$ZZ$1, 0))} -> https://innisfree-taiwan.myshopify.com/blogs/magazine/ceramide-benefits-and-skincare-guide | B36: Pass | C36: {=INDEX('raw-sheet'!$A$2:$ZZ$1000, ROW(C35), MATCH(C$1, 'raw-sheet'!$A$1:$ZZ$1, 0))} -> Blog Page | D36: {=INDEX('raw-sheet'!$A$2:$ZZ$1000, ROW(D35), MATCH(D$1, 'raw-sheet'!$A$1:$ZZ$1, 0))} -> 200 | E36: =IF(D36=200,"Pass","Not") -> Pass | F36: {=INDEX('raw-sheet'!$A$2:$ZZ$1000, ROW(F35), MATCH(F$1, 'raw-sheet'!$A$1:$ZZ$1, 0))} -> 神經醯胺功效有哪些？一篇看懂神經醯胺是什麼與保養品推薦_x000D_ | INNISFREE Taiwan | G36: Pass | H36: {=INDEX('raw-sheet'!$A$2:$ZZ$1000, ROW(H35), MATCH(H$1, 'raw-sheet'!$A$1:$ZZ$1, 0))} -> 神經醯胺功效有哪些？一篇看懂神經醯胺是什麼與保養品推薦 神經醯胺是什麼？功效有哪些？近幾年超夯的神經醯胺是保養品的愛用成分，且不只是外用的保養品，在內服的營養補充品中都能找到其身影。而究竟神經醯胺有哪些作用？又能如何幫你挽救乾燥肌膚、扭轉肌齡呢？現在就和小編一起深入了解神經醯胺的定義、功效與保養品挑選方法，最後也會和你分享2款INNISFREE神經醯胺保養品，一起養成水嫩光澤肌！ 神經醯胺是什麼？常見種類與功效一次看 神經醯胺，學名Ceramide，又被稱為「賽洛美」、「分子酊」。它是人體肌膚中一種天然的脂質成分，約佔角質層脂質的50%以上，扮演著「屏障守護者」的角色。肌膚因為這個成分的存在，能有效鎖住水分、阻擋外界侵害，保持柔潤的 | I36: Pass | J36: {=INDEX('raw-sheet'!$A$2:$ZZ$1000, ROW(J35), MATCH(J$1, 'raw-sheet'!$A$1:$ZZ$1, 0))} -> 神經醯胺功效有哪些？一篇看懂神經醯胺是什麼與保養品推薦 | K36: {=INDEX('raw-sheet'!$A$2:$ZZ$1000, ROW(K35), MATCH(K$1, 'raw-sheet'!$A$1:$ZZ$1, 0))} -> 1 | L36: Pass | M36: {=INDEX('raw-sheet'!$A$2:$ZZ$1000, ROW(M35), MATCH(M$1, 'raw-sheet'!$A$1:$ZZ$1, 0))} -> https://innisfree-taiwan.myshopify.com/blogs/magazine/ceramide-benefits-and-skincare-guide | N36: =IF(A36=M36,"Pass","Not") -> Pass | O36: {=INDEX('raw-sheet'!$A$2:$ZZ$1000, ROW(O35), MATCH(O$1, 'raw-sheet'!$A$1:$ZZ$1, 0))} -> 神經醯胺功效有哪些？一篇看懂神經醯胺是什麼與保養品推薦 | INNISFREE Taiwan | P36: {=INDEX('raw-sheet'!$A$2:$ZZ$1000, ROW(P35), MATCH(P$1, 'raw-sheet'!$A$1:$ZZ$1, 0))} -> 神經醯胺功效有哪些？一篇看懂神經醯胺是什麼與保養品推薦 神經醯胺是什麼？功效有哪些？近幾年超夯的神經醯胺是保養品的愛用成分，且不只是外用的保養品，在內服的營養補充品中都能找到其身影。而究竟神經醯胺有哪些作用？又能如何幫你挽救乾燥肌膚、扭轉肌齡呢？現在就和小編一起深入了解神經醯胺的定義、功效與保養品挑選方法，最後也會和你分享2款INNISFREE神經醯胺保養品，一起養成水嫩光澤肌！ 神經醯胺是什麼？常見種類與功效一次看 神經醯胺，學名Ceramide，又被稱為「賽洛美」、「分子酊」。它是人體肌膚中一種天然的脂質成分，約佔角質層脂質的50%以上，扮演著「屏障守護者」的角色。肌膚因為這個成分的存在，能有效鎖住水分、阻擋外界侵害，保持柔潤的 | Q36: {=INDEX('raw-sheet'!$A$2:$ZZ$1000, ROW(Q35), MATCH(Q$1, 'raw-sheet'!$A$1:$ZZ$1, 0))} -> article | R36: {=INDEX('raw-sheet'!$A$2:$ZZ$1000, ROW(R35), MATCH(R$1, 'raw-sheet'!$A$1:$ZZ$1, 0))} -> INNISFREE Taiwan | S36: {=INDEX('raw-sheet'!$A$2:$ZZ$1000, ROW(S35), MATCH(S$1, 'raw-sheet'!$A$1:$ZZ$1, 0))} -> http://innisfree-taiwan.myshopify.com/cdn/shop/articles/pdp_mig_c6b17a9a_20_attimg1_origin_jpg_9b718333-e57e-4035-b3b8-f4663d01b12f.jpg?v=1768550049 | T36: {=INDEX('raw-sheet'!$A$2:$ZZ$1000, ROW(T35), MATCH(T$1, 'raw-sheet'!$A$1:$ZZ$1, 0))} -> https://innisfree-taiwan.myshopify.com/cdn/shop/articles/pdp_mig_c6b17a9a_20_attimg1_origin_jpg_9b718333-e57e-4035-b3b8-f4663d01b12f.jpg?v=1768550049 | U36: {=INDEX('raw-sheet'!$A$2:$ZZ$1000, ROW(U35), MATCH(U$1, 'raw-sheet'!$A$1:$ZZ$1, 0))} -> https://innisfree-taiwan.myshopify.com/blogs/magazine/ceramide-benefits-and-skincare-guide | V36: {=INDEX('raw-sheet'!$A$2:$ZZ$1000, ROW(V35), MATCH(V$1, 'raw-sheet'!$A$1:$ZZ$1, 0))} -> 神經醯胺功效有哪些？一篇看懂神經醯胺是什麼與保養品推薦 | INNISFREE Taiwan | ... X36: {=INDEX('raw-sheet'!$A$2:$ZZ$1000, ROW(X35), MATCH(X$1, 'raw-sheet'!$A$1:$ZZ$1, 0))} -> summary_large_image | Y36: Pass | Z36: =VLOOKUP($A36,'raw-schema'!$A:$R,14,0) -> Article | AA36: =VLOOKUP($A36,'raw-schema'!$A:$R,15,0) -> Organization | AB36: =VLOOKUP($A36,'raw-schema'!$A:$R,16,0) -> Person | AC36: =VLOOKUP($A36,'raw-schema'!$A:$R,17,0) -> WebPage | AD36: =VLOOKUP($A36,'raw-schema'!$A:$R,18,0) -> 0 | AE36: Schema 보강 필요 (Blog)
A37: {=INDEX('raw-sheet'!$A$2:$ZZ$1000, ROW(A36), MATCH(A$1, 'raw-sheet'!$A$1:$ZZ$1, 0))} -> https://innisfree-taiwan.myshopify.com/blogs/magazine/dry-skin-characteristics-and-care-tips | B37: Pass | C37: {=INDEX('raw-sheet'!$A$2:$ZZ$1000, ROW(C36), MATCH(C$1, 'raw-sheet'!$A$1:$ZZ$1, 0))} -> Blog Page | D37: {=INDEX('raw-sheet'!$A$2:$ZZ$1000, ROW(D36), MATCH(D$1, 'raw-sheet'!$A$1:$ZZ$1, 0))} -> 200 | E37: =IF(D37=200,"Pass","Not") -> Pass | F37: {=INDEX('raw-sheet'!$A$2:$ZZ$1000, ROW(F36), MATCH(F$1, 'raw-sheet'!$A$1:$ZZ$1, 0))} -> 你是乾性肌膚嗎？乾性肌膚特徵＋4大保養關鍵大公開！_x000D_ | INNISFREE Taiwan | G37: Pass | H37: {=INDEX('raw-sheet'!$A$2:$ZZ$1000, ROW(H36), MATCH(H$1, 'raw-sheet'!$A$1:$ZZ$1, 0))} -> 怎麼樣是乾性肌膚？膚質檢測表快速告訴你 想知道自己是不是乾性肌膚，那就快來看看有沒有以下膚質狀況，如有符合的情形請打勾V。 ◻ 洗完臉容易感覺肌膚乾澀、緊繃不舒服 ◻ 過中午後，T字部分依然乾燥幾乎無出油 ◻ 肌膚常常看起來無光、摸起來粗糙 ◻ 肌膚易受外在環境影響出現乾癢、脫皮問題 如果上面情形符合2個或以上的勾勾，那～你就幾乎可以確認自己是乾性肌膚啦！ 乾性肌膚特徵說明😣 那麼更詳細一點來說，乾性肌膚有什麼特徵？就像上面的膚質檢測表中的情形，乾性肌膚的油脂分泌較少，因此比起其它像是油性、混合性肌膚類型，乾性肌膚更容易受到外在環境影響，可能外界只要一點點刺激，乾肌就容易出現敏弱現象， 像是：換季時、空氣汙染，甚至是經歷壓力、焦慮時 | I37: Pass | J37: {=INDEX('raw-sheet'!$A$2:$ZZ$1000, ROW(J36), MATCH(J$1, 'raw-sheet'!$A$1:$ZZ$1, 0))} -> 你是乾性肌膚嗎？乾性肌膚特徵＋4大保養關鍵大公開！ | K37: {=INDEX('raw-sheet'!$A$2:$ZZ$1000, ROW(K36), MATCH(K$1, 'raw-sheet'!$A$1:$ZZ$1, 0))} -> 1 | L37: Pass | M37: {=INDEX('raw-sheet'!$A$2:$ZZ$1000, ROW(M36), MATCH(M$1, 'raw-sheet'!$A$1:$ZZ$1, 0))} -> https://innisfree-taiwan.myshopify.com/blogs/magazine/dry-skin-characteristics-and-care-tips | N37: =IF(A37=M37,"Pass","Not") -> Pass | O37: {=INDEX('raw-sheet'!$A$2:$ZZ$1000, ROW(O36), MATCH(O$1, 'raw-sheet'!$A$1:$ZZ$1, 0))} -> 你是乾性肌膚嗎？乾性肌膚特徵＋4大保養關鍵大公開！ | INNISFREE Taiwan | P37: {=INDEX('raw-sheet'!$A$2:$ZZ$1000, ROW(P36), MATCH(P$1, 'raw-sheet'!$A$1:$ZZ$1, 0))} -> 怎麼樣是乾性肌膚？膚質檢測表快速告訴你 想知道自己是不是乾性肌膚，那就快來看看有沒有以下膚質狀況，如有符合的情形請打勾V。 ◻ 洗完臉容易感覺肌膚乾澀、緊繃不舒服 ◻ 過中午後，T字部分依然乾燥幾乎無出油 ◻ 肌膚常常看起來無光、摸起來粗糙 ◻ 肌膚易受外在環境影響出現乾癢、脫皮問題 如果上面情形符合2個或以上的勾勾，那～你就幾乎可以確認自己是乾性肌膚啦！ 乾性肌膚特徵說明😣 那麼更詳細一點來說，乾性肌膚有什麼特徵？就像上面的膚質檢測表中的情形，乾性肌膚的油脂分泌較少，因此比起其它像是油性、混合性肌膚類型，乾性肌膚更容易受到外在環境影響，可能外界只要一點點刺激，乾肌就容易出現敏弱現象， 像是：換季時、空氣汙染，甚至是經歷壓力、焦慮時 | Q37: {=INDEX('raw-sheet'!$A$2:$ZZ$1000, ROW(Q36), MATCH(Q$1, 'raw-sheet'!$A$1:$ZZ$1, 0))} -> article | R37: {=INDEX('raw-sheet'!$A$2:$ZZ$1000, ROW(R36), MATCH(R$1, 'raw-sheet'!$A$1:$ZZ$1, 0))} -> INNISFREE Taiwan | S37: {=INDEX('raw-sheet'!$A$2:$ZZ$1000, ROW(S36), MATCH(S$1, 'raw-sheet'!$A$1:$ZZ$1, 0))} -> http://innisfree-taiwan.myshopify.com/cdn/shop/articles/pdp_mig_bd41c2e0_6_attimg1_origin_jpg_027335c6-f7f3-4440-bc1c-329254d7308a.jpg?v=1769589937 | T37: {=INDEX('raw-sheet'!$A$2:$ZZ$1000, ROW(T36), MATCH(T$1, 'raw-sheet'!$A$1:$ZZ$1, 0))} -> https://innisfree-taiwan.myshopify.com/cdn/shop/articles/pdp_mig_bd41c2e0_6_attimg1_origin_jpg_027335c6-f7f3-4440-bc1c-329254d7308a.jpg?v=1769589937 | U37: {=INDEX('raw-sheet'!$A$2:$ZZ$1000, ROW(U36), MATCH(U$1, 'raw-sheet'!$A$1:$ZZ$1, 0))} -> https://innisfree-taiwan.myshopify.com/blogs/magazine/dry-skin-characteristics-and-care-tips | V37: {=INDEX('raw-sheet'!$A$2:$ZZ$1000, ROW(V36), MATCH(V$1, 'raw-sheet'!$A$1:$ZZ$1, 0))} -> 你是乾性肌膚嗎？乾性肌膚特徵＋4大保養關鍵大公開！ | INNISFREE Taiwan | ... X37: {=INDEX('raw-sheet'!$A$2:$ZZ$1000, ROW(X36), MATCH(X$1, 'raw-sheet'!$A$1:$ZZ$1, 0))} -> summary_large_image | Y37: Pass | Z37: =VLOOKUP($A37,'raw-schema'!$A:$R,14,0) -> Article | AA37: =VLOOKUP($A37,'raw-schema'!$A:$R,15,0) -> Organization | AB37: =VLOOKUP($A37,'raw-schema'!$A:$R,16,0) -> Person | AC37: =VLOOKUP($A37,'raw-schema'!$A:$R,17,0) -> WebPage | AD37: =VLOOKUP($A37,'raw-schema'!$A:$R,18,0) -> 0 | AE37: Schema 보강 필요 (Blog)
A38: {=INDEX('raw-sheet'!$A$2:$ZZ$1000, ROW(A37), MATCH(A$1, 'raw-sheet'!$A$1:$ZZ$1, 0))} -> https://innisfree-taiwan.myshopify.com/blogs/magazine/facial-skincare-routine-correct-order-guide | B38: Pass | C38: {=INDEX('raw-sheet'!$A$2:$ZZ$1000, ROW(C37), MATCH(C$1, 'raw-sheet'!$A$1:$ZZ$1, 0))} -> Blog Page | D38: {=INDEX('raw-sheet'!$A$2:$ZZ$1000, ROW(D37), MATCH(D$1, 'raw-sheet'!$A$1:$ZZ$1, 0))} -> 200 | E38: =IF(D38=200,"Pass","Not") -> Pass | F38: {=INDEX('raw-sheet'!$A$2:$ZZ$1000, ROW(F37), MATCH(F$1, 'raw-sheet'!$A$1:$ZZ$1, 0))} -> 臉部保養順序解析：掌握正確保養順序，達到超有感保養！_x000D_ | INNISFREE Taiwan | G38: Pass | H38: {=INDEX('raw-sheet'!$A$2:$ZZ$1000, ROW(H37), MATCH(H$1, 'raw-sheet'!$A$1:$ZZ$1, 0))} -> 臉部保養順序重要嗎？不同膚質保養SOP解析 大多數人都知道，不同膚質挑選的保養品類型會有區別，那麼當然保養順序也會有所差別。因此首先就讓我們先了解不同膚質的保養順序和注意要點有哪些。 乾性肌膚 油性肌膚 敏弱肌膚 特徵 ● 肌膚含水量較低，且幾乎不出油 ● 肌膚水分流失較快 ● 若保養沒做好，容易導致脫屑、粗糙等肌膚問題 ● 需選擇油脂含量較高的保養產品 ● 肌膚含水量較高，但皮脂線分泌也很旺盛 ● 需特別注意清潔與保養，才不容易因油脂分泌旺盛而堵塞毛孔，導致毛孔粗大、粉刺與痘痘 ● 建議可選購能調理肌膚油水平衡的保養品 ● 肌膚較薄弱，容易因外界影響，導致肌膚泛紅、發癢 ● 需挑選低刺激、溫和的保養品 ● 避免使用含酒精、人工香料 | I38: Pass | J38: {=INDEX('raw-sheet'!$A$2:$ZZ$1000, ROW(J37), MATCH(J$1, 'raw-sheet'!$A$1:$ZZ$1, 0))} -> 臉部保養順序解析：掌握正確保養順序，達到超有感保養！ | K38: {=INDEX('raw-sheet'!$A$2:$ZZ$1000, ROW(K37), MATCH(K$1, 'raw-sheet'!$A$1:$ZZ$1, 0))} -> 1 | L38: Pass | M38: {=INDEX('raw-sheet'!$A$2:$ZZ$1000, ROW(M37), MATCH(M$1, 'raw-sheet'!$A$1:$ZZ$1, 0))} -> https://innisfree-taiwan.myshopify.com/blogs/magazine/facial-skincare-routine-correct-order-guide | N38: =IF(A38=M38,"Pass","Not") -> Pass | O38: {=INDEX('raw-sheet'!$A$2:$ZZ$1000, ROW(O37), MATCH(O$1, 'raw-sheet'!$A$1:$ZZ$1, 0))} -> 臉部保養順序解析：掌握正確保養順序，達到超有感保養！ | INNISFREE Taiwan | P38: {=INDEX('raw-sheet'!$A$2:$ZZ$1000, ROW(P37), MATCH(P$1, 'raw-sheet'!$A$1:$ZZ$1, 0))} -> 臉部保養順序重要嗎？不同膚質保養SOP解析 大多數人都知道，不同膚質挑選的保養品類型會有區別，那麼當然保養順序也會有所差別。因此首先就讓我們先了解不同膚質的保養順序和注意要點有哪些。 乾性肌膚 油性肌膚 敏弱肌膚 特徵 ● 肌膚含水量較低，且幾乎不出油 ● 肌膚水分流失較快 ● 若保養沒做好，容易導致脫屑、粗糙等肌膚問題 ● 需選擇油脂含量較高的保養產品 ● 肌膚含水量較高，但皮脂線分泌也很旺盛 ● 需特別注意清潔與保養，才不容易因油脂分泌旺盛而堵塞毛孔，導致毛孔粗大、粉刺與痘痘 ● 建議可選購能調理肌膚油水平衡的保養品 ● 肌膚較薄弱，容易因外界影響，導致肌膚泛紅、發癢 ● 需挑選低刺激、溫和的保養品 ● 避免使用含酒精、人工香料 | Q38: {=INDEX('raw-sheet'!$A$2:$ZZ$1000, ROW(Q37), MATCH(Q$1, 'raw-sheet'!$A$1:$ZZ$1, 0))} -> article | R38: {=INDEX('raw-sheet'!$A$2:$ZZ$1000, ROW(R37), MATCH(R$1, 'raw-sheet'!$A$1:$ZZ$1, 0))} -> INNISFREE Taiwan | S38: {=INDEX('raw-sheet'!$A$2:$ZZ$1000, ROW(S37), MATCH(S$1, 'raw-sheet'!$A$1:$ZZ$1, 0))} -> http://innisfree-taiwan.myshopify.com/cdn/shop/articles/pdp_mig_1d586e8b_8_attimg1_origin_jpg_2208f33d-ac94-449a-894a-1d36b84c5d96.jpg?v=1768549781 | T38: {=INDEX('raw-sheet'!$A$2:$ZZ$1000, ROW(T37), MATCH(T$1, 'raw-sheet'!$A$1:$ZZ$1, 0))} -> https://innisfree-taiwan.myshopify.com/cdn/shop/articles/pdp_mig_1d586e8b_8_attimg1_origin_jpg_2208f33d-ac94-449a-894a-1d36b84c5d96.jpg?v=1768549781 | U38: {=INDEX('raw-sheet'!$A$2:$ZZ$1000, ROW(U37), MATCH(U$1, 'raw-sheet'!$A$1:$ZZ$1, 0))} -> https://innisfree-taiwan.myshopify.com/blogs/magazine/facial-skincare-routine-correct-order-guide | V38: {=INDEX('raw-sheet'!$A$2:$ZZ$1000, ROW(V37), MATCH(V$1, 'raw-sheet'!$A$1:$ZZ$1, 0))} -> 臉部保養順序解析：掌握正確保養順序，達到超有感保養！ | INNISFREE Taiwan | ... X38: {=INDEX('raw-sheet'!$A$2:$ZZ$1000, ROW(X37), MATCH(X$1, 'raw-sheet'!$A$1:$ZZ$1, 0))} -> summary_large_image | Y38: Pass | Z38: =VLOOKUP($A38,'raw-schema'!$A:$R,14,0) -> Article | AA38: =VLOOKUP($A38,'raw-schema'!$A:$R,15,0) -> Organization | AB38: =VLOOKUP($A38,'raw-schema'!$A:$R,16,0) -> Person | AC38: =VLOOKUP($A38,'raw-schema'!$A:$R,17,0) -> WebPage | AD38: =VLOOKUP($A38,'raw-schema'!$A:$R,18,0) -> 0 | AE38: Schema 보강 필요 (Blog)
A39: {=INDEX('raw-sheet'!$A$2:$ZZ$1000, ROW(A38), MATCH(A$1, 'raw-sheet'!$A$1:$ZZ$1, 0))} -> https://innisfree-taiwan.myshopify.com/blogs/magazine/how-often-should-you-use-a-face-mask | B39: Pass | C39: {=INDEX('raw-sheet'!$A$2:$ZZ$1000, ROW(C38), MATCH(C$1, 'raw-sheet'!$A$1:$ZZ$1, 0))} -> Blog Page | D39: {=INDEX('raw-sheet'!$A$2:$ZZ$1000, ROW(D38), MATCH(D$1, 'raw-sheet'!$A$1:$ZZ$1, 0))} -> 200 | E39: =IF(D39=200,"Pass","Not") -> Pass | F39: {=INDEX('raw-sheet'!$A$2:$ZZ$1000, ROW(F38), MATCH(F$1, 'raw-sheet'!$A$1:$ZZ$1, 0))} -> 面膜多久敷一次？每次敷多久？敷完面膜要洗臉嗎？常見QA快速看_x000D_ | INNISFREE Taiwan | G39: Pass | H39: {=INDEX('raw-sheet'!$A$2:$ZZ$1000, ROW(H38), MATCH(H$1, 'raw-sheet'!$A$1:$ZZ$1, 0))} -> 想要皮膚變好的你，是否也急著想知道「面膜多久敷一次、每次敷多久、敷完面膜要洗臉嗎」等保養問題？作為一種能夠快速為皮膚提供滋養的保養方式，面膜是愛美人士的日常必備品，特別是在現代生活中，我們的肌膚常因爲環境、壓力、飲食等因素而出現問題，這時面膜就成了皮膚的急救救星。然而關於敷面膜的正確方式總是有許多說法，本篇就讓INNISFREE來為你一解疑惑！ 敷面膜好處有哪些？4大優點「歐逆」超推薦 敷面膜的原理主要是透過密封肌膚的方式，短時間內集中補充所需的水分與養分。且透過面膜中含有的精華液、有效成分滲透至肌底，能深層呵護、喚回肌膚的彈性與光澤感。而根據不同的面膜種類，其效果也會有所不同，能夠針對各類肌膚問題來加強保養，例如：乾燥、老化、暗沉 | I39: Pass | J39: {=INDEX('raw-sheet'!$A$2:$ZZ$1000, ROW(J38), MATCH(J$1, 'raw-sheet'!$A$1:$ZZ$1, 0))} -> 面膜多久敷一次？每次敷多久？敷完面膜要洗臉嗎？常見QA快速看 | K39: {=INDEX('raw-sheet'!$A$2:$ZZ$1000, ROW(K38), MATCH(K$1, 'raw-sheet'!$A$1:$ZZ$1, 0))} -> 1 | L39: Pass | M39: {=INDEX('raw-sheet'!$A$2:$ZZ$1000, ROW(M38), MATCH(M$1, 'raw-sheet'!$A$1:$ZZ$1, 0))} -> https://innisfree-taiwan.myshopify.com/blogs/magazine/how-often-should-you-use-a-face-mask | N39: =IF(A39=M39,"Pass","Not") -> Pass | O39: {=INDEX('raw-sheet'!$A$2:$ZZ$1000, ROW(O38), MATCH(O$1, 'raw-sheet'!$A$1:$ZZ$1, 0))} -> 面膜多久敷一次？每次敷多久？敷完面膜要洗臉嗎？常見QA快速看 | INNISFREE Taiwan | P39: {=INDEX('raw-sheet'!$A$2:$ZZ$1000, ROW(P38), MATCH(P$1, 'raw-sheet'!$A$1:$ZZ$1, 0))} -> 想要皮膚變好的你，是否也急著想知道「面膜多久敷一次、每次敷多久、敷完面膜要洗臉嗎」等保養問題？作為一種能夠快速為皮膚提供滋養的保養方式，面膜是愛美人士的日常必備品，特別是在現代生活中，我們的肌膚常因爲環境、壓力、飲食等因素而出現問題，這時面膜就成了皮膚的急救救星。然而關於敷面膜的正確方式總是有許多說法，本篇就讓INNISFREE來為你一解疑惑！ 敷面膜好處有哪些？4大優點「歐逆」超推薦 敷面膜的原理主要是透過密封肌膚的方式，短時間內集中補充所需的水分與養分。且透過面膜中含有的精華液、有效成分滲透至肌底，能深層呵護、喚回肌膚的彈性與光澤感。而根據不同的面膜種類，其效果也會有所不同，能夠針對各類肌膚問題來加強保養，例如：乾燥、老化、暗沉 | Q39: {=INDEX('raw-sheet'!$A$2:$ZZ$1000, ROW(Q38), MATCH(Q$1, 'raw-sheet'!$A$1:$ZZ$1, 0))} -> article | R39: {=INDEX('raw-sheet'!$A$2:$ZZ$1000, ROW(R38), MATCH(R$1, 'raw-sheet'!$A$1:$ZZ$1, 0))} -> INNISFREE Taiwan | S39: {=INDEX('raw-sheet'!$A$2:$ZZ$1000, ROW(S38), MATCH(S$1, 'raw-sheet'!$A$1:$ZZ$1, 0))} -> http://innisfree-taiwan.myshopify.com/cdn/shop/articles/pdp_mig_705bb79d_11_attimg1_origin_png.png?v=1768549763 | T39: {=INDEX('raw-sheet'!$A$2:$ZZ$1000, ROW(T38), MATCH(T$1, 'raw-sheet'!$A$1:$ZZ$1, 0))} -> https://innisfree-taiwan.myshopify.com/cdn/shop/articles/pdp_mig_705bb79d_11_attimg1_origin_png.png?v=1768549763 | U39: {=INDEX('raw-sheet'!$A$2:$ZZ$1000, ROW(U38), MATCH(U$1, 'raw-sheet'!$A$1:$ZZ$1, 0))} -> https://innisfree-taiwan.myshopify.com/blogs/magazine/how-often-should-you-use-a-face-mask | V39: {=INDEX('raw-sheet'!$A$2:$ZZ$1000, ROW(V38), MATCH(V$1, 'raw-sheet'!$A$1:$ZZ$1, 0))} -> 面膜多久敷一次？每次敷多久？敷完面膜要洗臉嗎？常見QA快速看 | INNISFREE Taiwan | ... X39: {=INDEX('raw-sheet'!$A$2:$ZZ$1000, ROW(X38), MATCH(X$1, 'raw-sheet'!$A$1:$ZZ$1, 0))} -> summary_large_image | Y39: Pass | Z39: =VLOOKUP($A39,'raw-schema'!$A:$R,14,0) -> Article | AA39: =VLOOKUP($A39,'raw-schema'!$A:$R,15,0) -> Organization | AB39: =VLOOKUP($A39,'raw-schema'!$A:$R,16,0) -> Person | AC39: =VLOOKUP($A39,'raw-schema'!$A:$R,17,0) -> WebPage | AD39: =VLOOKUP($A39,'raw-schema'!$A:$R,18,0) -> 0 | AE39: Schema 보강 필요 (Blog)
A40: {=INDEX('raw-sheet'!$A$2:$ZZ$1000, ROW(A39), MATCH(A$1, 'raw-sheet'!$A$1:$ZZ$1, 0))} -> https://innisfree-taiwan.myshopify.com/blogs/magazine/how-to-apply-eye-cream-correctly | B40: Pass | C40: {=INDEX('raw-sheet'!$A$2:$ZZ$1000, ROW(C39), MATCH(C$1, 'raw-sheet'!$A$1:$ZZ$1, 0))} -> Blog Page | D40: {=INDEX('raw-sheet'!$A$2:$ZZ$1000, ROW(D39), MATCH(D$1, 'raw-sheet'!$A$1:$ZZ$1, 0))} -> 200 | E40: =IF(D40=200,"Pass","Not") -> Pass | F40: {=INDEX('raw-sheet'!$A$2:$ZZ$1000, ROW(F39), MATCH(F$1, 'raw-sheet'!$A$1:$ZZ$1, 0))} -> 眼霜怎麼擦？正確用法與人氣眼霜推薦，想要透亮眼周就看這篇_x000D_ | INNISFREE Taiwan | G40: Pass | H40: {=INDEX('raw-sheet'!$A$2:$ZZ$1000, ROW(H39), MATCH(H$1, 'raw-sheet'!$A$1:$ZZ$1, 0))} -> 眼霜怎麼擦？正確用法與人氣眼霜推薦，想要透亮眼周就看這篇 想知道眼霜怎麼擦？正確用法是什麼？看這篇準沒錯！對許多人來說，泡泡眼、熊貓眼和魚尾紋等眼周肌膚問題就像是噩夢，趕都趕不走，不僅讓人看來失神，外觀也較為顯老，甚至有時連底妝都無法掩蓋過！而如果想扭轉這些眼周肌膚困擾，培養起保養習慣就很重要～本篇讓小編一步步教你眼霜的正確用法，並於最後向大家推薦2款好用的眼霜，讓你隨時散發自信光彩！ 分享眼周常見3種困擾！不好好保養問題就會找上門 有時不管多努力用笑容掩蓋疲累，眼下肌膚的暗沉或眼周腫大，都會默默地出賣你的真實心聲。且不只如此，細紋也是常見的眼周問題之一，讓我們透過以下的說明，帶你看看這些眼周肌膚困擾的成因。 😭 泡泡眼 早上起來眼 | I40: Pass | J40: {=INDEX('raw-sheet'!$A$2:$ZZ$1000, ROW(J39), MATCH(J$1, 'raw-sheet'!$A$1:$ZZ$1, 0))} -> 眼霜怎麼擦？正確用法與人氣眼霜推薦，想要透亮眼周就看這篇 | K40: {=INDEX('raw-sheet'!$A$2:$ZZ$1000, ROW(K39), MATCH(K$1, 'raw-sheet'!$A$1:$ZZ$1, 0))} -> 1 | L40: Pass | M40: {=INDEX('raw-sheet'!$A$2:$ZZ$1000, ROW(M39), MATCH(M$1, 'raw-sheet'!$A$1:$ZZ$1, 0))} -> https://innisfree-taiwan.myshopify.com/blogs/magazine/how-to-apply-eye-cream-correctly | N40: =IF(A40=M40,"Pass","Not") -> Pass | O40: {=INDEX('raw-sheet'!$A$2:$ZZ$1000, ROW(O39), MATCH(O$1, 'raw-sheet'!$A$1:$ZZ$1, 0))} -> 眼霜怎麼擦？正確用法與人氣眼霜推薦，想要透亮眼周就看這篇 | INNISFREE Taiwan | P40: {=INDEX('raw-sheet'!$A$2:$ZZ$1000, ROW(P39), MATCH(P$1, 'raw-sheet'!$A$1:$ZZ$1, 0))} -> 眼霜怎麼擦？正確用法與人氣眼霜推薦，想要透亮眼周就看這篇 想知道眼霜怎麼擦？正確用法是什麼？看這篇準沒錯！對許多人來說，泡泡眼、熊貓眼和魚尾紋等眼周肌膚問題就像是噩夢，趕都趕不走，不僅讓人看來失神，外觀也較為顯老，甚至有時連底妝都無法掩蓋過！而如果想扭轉這些眼周肌膚困擾，培養起保養習慣就很重要～本篇讓小編一步步教你眼霜的正確用法，並於最後向大家推薦2款好用的眼霜，讓你隨時散發自信光彩！ 分享眼周常見3種困擾！不好好保養問題就會找上門 有時不管多努力用笑容掩蓋疲累，眼下肌膚的暗沉或眼周腫大，都會默默地出賣你的真實心聲。且不只如此，細紋也是常見的眼周問題之一，讓我們透過以下的說明，帶你看看這些眼周肌膚困擾的成因。 😭 泡泡眼 早上起來眼 | Q40: {=INDEX('raw-sheet'!$A$2:$ZZ$1000, ROW(Q39), MATCH(Q$1, 'raw-sheet'!$A$1:$ZZ$1, 0))} -> article | R40: {=INDEX('raw-sheet'!$A$2:$ZZ$1000, ROW(R39), MATCH(R$1, 'raw-sheet'!$A$1:$ZZ$1, 0))} -> INNISFREE Taiwan | S40: {=INDEX('raw-sheet'!$A$2:$ZZ$1000, ROW(S39), MATCH(S$1, 'raw-sheet'!$A$1:$ZZ$1, 0))} -> http://innisfree-taiwan.myshopify.com/cdn/shop/articles/pdp_mig_1b7a0bdc_15_attimg1_origin_jpg_71bf0ed4-f563-472a-8ed6-0f61ecba7592.jpg?v=1768549804 | T40: {=INDEX('raw-sheet'!$A$2:$ZZ$1000, ROW(T39), MATCH(T$1, 'raw-sheet'!$A$1:$ZZ$1, 0))} -> https://innisfree-taiwan.myshopify.com/cdn/shop/articles/pdp_mig_1b7a0bdc_15_attimg1_origin_jpg_71bf0ed4-f563-472a-8ed6-0f61ecba7592.jpg?v=1768549804 | U40: {=INDEX('raw-sheet'!$A$2:$ZZ$1000, ROW(U39), MATCH(U$1, 'raw-sheet'!$A$1:$ZZ$1, 0))} -> https://innisfree-taiwan.myshopify.com/blogs/magazine/how-to-apply-eye-cream-correctly | V40: {=INDEX('raw-sheet'!$A$2:$ZZ$1000, ROW(V39), MATCH(V$1, 'raw-sheet'!$A$1:$ZZ$1, 0))} -> 眼霜怎麼擦？正確用法與人氣眼霜推薦，想要透亮眼周就看這篇 | INNISFREE Taiwan | ... X40: {=INDEX('raw-sheet'!$A$2:$ZZ$1000, ROW(X39), MATCH(X$1, 'raw-sheet'!$A$1:$ZZ$1, 0))} -> summary_large_image | Y40: Pass | Z40: =VLOOKUP($A40,'raw-schema'!$A:$R,14,0) -> Article | AA40: =VLOOKUP($A40,'raw-schema'!$A:$R,15,0) -> Organization | AB40: =VLOOKUP($A40,'raw-schema'!$A:$R,16,0) -> Person | AC40: =VLOOKUP($A40,'raw-schema'!$A:$R,17,0) -> WebPage | AD40: =VLOOKUP($A40,'raw-schema'!$A:$R,18,0) -> 0 | AE40: Schema 보강 필요 (Blog)
... A50: {=INDEX('raw-sheet'!$A$2:$ZZ$1000, ROW(A49), MATCH(A$1, 'raw-sheet'!$A$1:$ZZ$1, 0))} -> https://innisfree-taiwan.myshopify.com/blogs/magazine/tagged/trouble-care | B50: Pass | C50: {=INDEX('raw-sheet'!$A$2:$ZZ$1000, ROW(C49), MATCH(C$1, 'raw-sheet'!$A$1:$ZZ$1, 0))} -> Blog Page | D50: {=INDEX('raw-sheet'!$A$2:$ZZ$1000, ROW(D49), MATCH(D$1, 'raw-sheet'!$A$1:$ZZ$1, 0))} -> 200 | E50: =IF(D50=200,"Pass","Not") -> Pass | F50: {=INDEX('raw-sheet'!$A$2:$ZZ$1000, ROW(F49), MATCH(F$1, 'raw-sheet'!$A$1:$ZZ$1, 0))} -> 精選文章_x000D_ – tagged "trouble-care" | INNISFREE Taiwan | G50: duplicate | H50: {=INDEX('raw-sheet'!$A$2:$ZZ$1000, ROW(H49), MATCH(H$1, 'raw-sheet'!$A$1:$ZZ$1, 0))} -> 0 | I50: missing | J50: {=INDEX('raw-sheet'!$A$2:$ZZ$1000, ROW(J49), MATCH(J$1, 'raw-sheet'!$A$1:$ZZ$1, 0))} -> 精選文章 | K50: {=INDEX('raw-sheet'!$A$2:$ZZ$1000, ROW(K49), MATCH(K$1, 'raw-sheet'!$A$1:$ZZ$1, 0))} -> 1 | L50: duplicate | M50: {=INDEX('raw-sheet'!$A$2:$ZZ$1000, ROW(M49), MATCH(M$1, 'raw-sheet'!$A$1:$ZZ$1, 0))} -> https://innisfree-taiwan.myshopify.com/blogs/magazine/tagged/trouble-care | N50: =IF(A50=M50,"Pass","Not") -> Pass | O50: {=INDEX('raw-sheet'!$A$2:$ZZ$1000, ROW(O49), MATCH(O$1, 'raw-sheet'!$A$1:$ZZ$1, 0))} -> 精選文章 | INNISFREE Taiwan | P50: {=INDEX('raw-sheet'!$A$2:$ZZ$1000, ROW(P49), MATCH(P$1, 'raw-sheet'!$A$1:$ZZ$1, 0))} -> innisfree 來自韓國濟州島的No.1自然主義美妝保養品牌，不僅將濟州島清新潔淨的空氣、溫暖和煦的陽光、純淨天然的水源、肥沃健康的土壤、自然純粹的植物養分注入保養品，更為消費者打造健康與美麗。| innisfree Taiwan | Q50: {=INDEX('raw-sheet'!$A$2:$ZZ$1000, ROW(Q49), MATCH(Q$1, 'raw-sheet'!$A$1:$ZZ$1, 0))} -> website | R50: {=INDEX('raw-sheet'!$A$2:$ZZ$1000, ROW(R49), MATCH(R$1, 'raw-sheet'!$A$1:$ZZ$1, 0))} -> INNISFREE Taiwan | S50: {=INDEX('raw-sheet'!$A$2:$ZZ$1000, ROW(S49), MATCH(S$1, 'raw-sheet'!$A$1:$ZZ$1, 0))} -> http://innisfree-taiwan.myshopify.com/cdn/shop/files/logo.png?v=1767594135 | T50: {=INDEX('raw-sheet'!$A$2:$ZZ$1000, ROW(T49), MATCH(T$1, 'raw-sheet'!$A$1:$ZZ$1, 0))} -> https://innisfree-taiwan.myshopify.com/cdn/shop/files/logo.png?v=1767594135 | U50: {=INDEX('raw-sheet'!$A$2:$ZZ$1000, ROW(U49), MATCH(U$1, 'raw-sheet'!$A$1:$ZZ$1, 0))} -> https://innisfree-taiwan.myshopify.com/blogs/magazine/tagged/trouble-care | V50: {=INDEX('raw-sheet'!$A$2:$ZZ$1000, ROW(V49), MATCH(V$1, 'raw-sheet'!$A$1:$ZZ$1, 0))} -> 精選文章 | INNISFREE Taiwan | ... X50: {=INDEX('raw-sheet'!$A$2:$ZZ$1000, ROW(X49), MATCH(X$1, 'raw-sheet'!$A$1:$ZZ$1, 0))} -> summary_large_image | Y50: duplicate title duplicate desc. | Z50: =VLOOKUP($A50,'raw-schema'!$A:$R,14,0) -> Organization | AA50: =VLOOKUP($A50,'raw-schema'!$A:$R,15,0) -> 0 | AB50: =VLOOKUP($A50,'raw-schema'!$A:$R,16,0) -> 0 | AC50: =VLOOKUP($A50,'raw-schema'!$A:$R,17,0) -> 0 | AD50: =VLOOKUP($A50,'raw-schema'!$A:$R,18,0) -> 0 | AE50: Schema 보강 필요 (Blog)
A51: {=INDEX('raw-sheet'!$A$2:$ZZ$1000, ROW(A50), MATCH(A$1, 'raw-sheet'!$A$1:$ZZ$1, 0))} -> https://innisfree-taiwan.myshopify.com/blogs/magazine/tagged/trouble-care?page=1 | B51: Pass | C51: {=INDEX('raw-sheet'!$A$2:$ZZ$1000, ROW(C50), MATCH(C$1, 'raw-sheet'!$A$1:$ZZ$1, 0))} -> Blog Page | D51: {=INDEX('raw-sheet'!$A$2:$ZZ$1000, ROW(D50), MATCH(D$1, 'raw-sheet'!$A$1:$ZZ$1, 0))} -> 200 | E51: =IF(D51=200,"Pass","Not") -> Pass | F51: {=INDEX('raw-sheet'!$A$2:$ZZ$1000, ROW(F50), MATCH(F$1, 'raw-sheet'!$A$1:$ZZ$1, 0))} -> 精選文章_x000D_ – tagged "trouble-care" | INNISFREE Taiwan | G51: Pass | H51: {=INDEX('raw-sheet'!$A$2:$ZZ$1000, ROW(H50), MATCH(H$1, 'raw-sheet'!$A$1:$ZZ$1, 0))} -> 0 | I51: missing | J51: {=INDEX('raw-sheet'!$A$2:$ZZ$1000, ROW(J50), MATCH(J$1, 'raw-sheet'!$A$1:$ZZ$1, 0))} -> 精選文章 | K51: {=INDEX('raw-sheet'!$A$2:$ZZ$1000, ROW(K50), MATCH(K$1, 'raw-sheet'!$A$1:$ZZ$1, 0))} -> 1 | L51: duplicate | M51: {=INDEX('raw-sheet'!$A$2:$ZZ$1000, ROW(M50), MATCH(M$1, 'raw-sheet'!$A$1:$ZZ$1, 0))} -> https://innisfree-taiwan.myshopify.com/blogs/magazine/tagged/trouble-care | N51: =IF(A51=M51,"Pass","Not") -> Not | O51: {=INDEX('raw-sheet'!$A$2:$ZZ$1000, ROW(O50), MATCH(O$1, 'raw-sheet'!$A$1:$ZZ$1, 0))} -> 精選文章 | INNISFREE Taiwan | P51: {=INDEX('raw-sheet'!$A$2:$ZZ$1000, ROW(P50), MATCH(P$1, 'raw-sheet'!$A$1:$ZZ$1, 0))} -> innisfree 來自韓國濟州島的No.1自然主義美妝保養品牌，不僅將濟州島清新潔淨的空氣、溫暖和煦的陽光、純淨天然的水源、肥沃健康的土壤、自然純粹的植物養分注入保養品，更為消費者打造健康與美麗。| innisfree Taiwan | Q51: {=INDEX('raw-sheet'!$A$2:$ZZ$1000, ROW(Q50), MATCH(Q$1, 'raw-sheet'!$A$1:$ZZ$1, 0))} -> website | R51: {=INDEX('raw-sheet'!$A$2:$ZZ$1000, ROW(R50), MATCH(R$1, 'raw-sheet'!$A$1:$ZZ$1, 0))} -> INNISFREE Taiwan | S51: {=INDEX('raw-sheet'!$A$2:$ZZ$1000, ROW(S50), MATCH(S$1, 'raw-sheet'!$A$1:$ZZ$1, 0))} -> http://innisfree-taiwan.myshopify.com/cdn/shop/files/logo.png?v=1767594135 | T51: {=INDEX('raw-sheet'!$A$2:$ZZ$1000, ROW(T50), MATCH(T$1, 'raw-sheet'!$A$1:$ZZ$1, 0))} -> https://innisfree-taiwan.myshopify.com/cdn/shop/files/logo.png?v=1767594135 | U51: {=INDEX('raw-sheet'!$A$2:$ZZ$1000, ROW(U50), MATCH(U$1, 'raw-sheet'!$A$1:$ZZ$1, 0))} -> https://innisfree-taiwan.myshopify.com/blogs/magazine/tagged/trouble-care | V51: {=INDEX('raw-sheet'!$A$2:$ZZ$1000, ROW(V50), MATCH(V$1, 'raw-sheet'!$A$1:$ZZ$1, 0))} -> 精選文章 | INNISFREE Taiwan | ... X51: {=INDEX('raw-sheet'!$A$2:$ZZ$1000, ROW(X50), MATCH(X$1, 'raw-sheet'!$A$1:$ZZ$1, 0))} -> summary_large_image | Y51: duplicate title duplicate desc. | Z51: =VLOOKUP($A51,'raw-schema'!$A:$R,14,0) -> Organization | AA51: =VLOOKUP($A51,'raw-schema'!$A:$R,15,0) -> 0 | AB51: =VLOOKUP($A51,'raw-schema'!$A:$R,16,0) -> 0 | AC51: =VLOOKUP($A51,'raw-schema'!$A:$R,17,0) -> 0 | AD51: =VLOOKUP($A51,'raw-schema'!$A:$R,18,0) -> 0 | AE51: Schema 보강 필요 (Blog) | AF51: 예외 적용 (Pagination - Canonical)
A52: {=INDEX('raw-sheet'!$A$2:$ZZ$1000, ROW(A51), MATCH(A$1, 'raw-sheet'!$A$1:$ZZ$1, 0))} -> https://innisfree-taiwan.myshopify.com/blogs/magazine/tagged/trouble-care?page=2 | B52: Pass | C52: {=INDEX('raw-sheet'!$A$2:$ZZ$1000, ROW(C51), MATCH(C$1, 'raw-sheet'!$A$1:$ZZ$1, 0))} -> Blog Page | D52: {=INDEX('raw-sheet'!$A$2:$ZZ$1000, ROW(D51), MATCH(D$1, 'raw-sheet'!$A$1:$ZZ$1, 0))} -> 200 | E52: =IF(D52=200,"Pass","Not") -> Pass | F52: {=INDEX('raw-sheet'!$A$2:$ZZ$1000, ROW(F51), MATCH(F$1, 'raw-sheet'!$A$1:$ZZ$1, 0))} -> 精選文章_x000D_ – tagged "trouble-care" – Page 2 | INNISFREE Taiwan | G52: Pass | H52: {=INDEX('raw-sheet'!$A$2:$ZZ$1000, ROW(H51), MATCH(H$1, 'raw-sheet'!$A$1:$ZZ$1, 0))} -> 0 | I52: missing | J52: {=INDEX('raw-sheet'!$A$2:$ZZ$1000, ROW(J51), MATCH(J$1, 'raw-sheet'!$A$1:$ZZ$1, 0))} -> 精選文章 | K52: {=INDEX('raw-sheet'!$A$2:$ZZ$1000, ROW(K51), MATCH(K$1, 'raw-sheet'!$A$1:$ZZ$1, 0))} -> 1 | L52: duplicate | M52: {=INDEX('raw-sheet'!$A$2:$ZZ$1000, ROW(M51), MATCH(M$1, 'raw-sheet'!$A$1:$ZZ$1, 0))} -> https://innisfree-taiwan.myshopify.com/blogs/magazine/tagged/trouble-care?page=2 | N52: =IF(A52=M52,"Pass","Not") -> Pass | O52: {=INDEX('raw-sheet'!$A$2:$ZZ$1000, ROW(O51), MATCH(O$1, 'raw-sheet'!$A$1:$ZZ$1, 0))} -> 精選文章 | INNISFREE Taiwan | P52: {=INDEX('raw-sheet'!$A$2:$ZZ$1000, ROW(P51), MATCH(P$1, 'raw-sheet'!$A$1:$ZZ$1, 0))} -> innisfree 來自韓國濟州島的No.1自然主義美妝保養品牌，不僅將濟州島清新潔淨的空氣、溫暖和煦的陽光、純淨天然的水源、肥沃健康的土壤、自然純粹的植物養分注入保養品，更為消費者打造健康與美麗。| innisfree Taiwan | Q52: {=INDEX('raw-sheet'!$A$2:$ZZ$1000, ROW(Q51), MATCH(Q$1, 'raw-sheet'!$A$1:$ZZ$1, 0))} -> website | R52: {=INDEX('raw-sheet'!$A$2:$ZZ$1000, ROW(R51), MATCH(R$1, 'raw-sheet'!$A$1:$ZZ$1, 0))} -> INNISFREE Taiwan | S52: {=INDEX('raw-sheet'!$A$2:$ZZ$1000, ROW(S51), MATCH(S$1, 'raw-sheet'!$A$1:$ZZ$1, 0))} -> http://innisfree-taiwan.myshopify.com/cdn/shop/files/logo.png?v=1767594135 | T52: {=INDEX('raw-sheet'!$A$2:$ZZ$1000, ROW(T51), MATCH(T$1, 'raw-sheet'!$A$1:$ZZ$1, 0))} -> https://innisfree-taiwan.myshopify.com/cdn/shop/files/logo.png?v=1767594135 | U52: {=INDEX('raw-sheet'!$A$2:$ZZ$1000, ROW(U51), MATCH(U$1, 'raw-sheet'!$A$1:$ZZ$1, 0))} -> https://innisfree-taiwan.myshopify.com/blogs/magazine/tagged/trouble-care?page=2 | V52: {=INDEX('raw-sheet'!$A$2:$ZZ$1000, ROW(V51), MATCH(V$1, 'raw-sheet'!$A$1:$ZZ$1, 0))} -> 精選文章 | INNISFREE Taiwan | ... X52: {=INDEX('raw-sheet'!$A$2:$ZZ$1000, ROW(X51), MATCH(X$1, 'raw-sheet'!$A$1:$ZZ$1, 0))} -> summary_large_image | Y52: duplicate title duplicate desc. | Z52: =VLOOKUP($A52,'raw-schema'!$A:$R,14,0) -> Organization | AA52: =VLOOKUP($A52,'raw-schema'!$A:$R,15,0) -> 0 | AB52: =VLOOKUP($A52,'raw-schema'!$A:$R,16,0) -> 0 | AC52: =VLOOKUP($A52,'raw-schema'!$A:$R,17,0) -> 0 | AD52: =VLOOKUP($A52,'raw-schema'!$A:$R,18,0) -> 0 | AE52: Schema 보강 필요 (Blog) | AF52: 예외 적용 (Pagination - Canonical)
A53: {=INDEX('raw-sheet'!$A$2:$ZZ$1000, ROW(A52), MATCH(A$1, 'raw-sheet'!$A$1:$ZZ$1, 0))} -> https://innisfree-taiwan.myshopify.com/blogs/magazine/{{%20blog.url%20}} | C53: {=INDEX('raw-sheet'!$A$2:$ZZ$1000, ROW(C52), MATCH(C$1, 'raw-sheet'!$A$1:$ZZ$1, 0))} -> Blog Page | D53: {=INDEX('raw-sheet'!$A$2:$ZZ$1000, ROW(D52), MATCH(D$1, 'raw-sheet'!$A$1:$ZZ$1, 0))} -> 404 | E53: =IF(D53=200,"Pass","Not") -> Not | F53: {=INDEX('raw-sheet'!$A$2:$ZZ$1000, ROW(F52), MATCH(F$1, 'raw-sheet'!$A$1:$ZZ$1, 0))} -> 0 | H53: {=INDEX('raw-sheet'!$A$2:$ZZ$1000, ROW(H52), MATCH(H$1, 'raw-sheet'!$A$1:$ZZ$1, 0))} -> 0 | J53: {=INDEX('raw-sheet'!$A$2:$ZZ$1000, ROW(J52), MATCH(J$1, 'raw-sheet'!$A$1:$ZZ$1, 0))} -> 0 | K53: {=INDEX('raw-sheet'!$A$2:$ZZ$1000, ROW(K52), MATCH(K$1, 'raw-sheet'!$A$1:$ZZ$1, 0))} -> 0 | M53: {=INDEX('raw-sheet'!$A$2:$ZZ$1000, ROW(M52), MATCH(M$1, 'raw-sheet'!$A$1:$ZZ$1, 0))} -> 0 | N53: =IF(A53=M53,"Pass","Not") -> Not | O53: {=INDEX('raw-sheet'!$A$2:$ZZ$1000, ROW(O52), MATCH(O$1, 'raw-sheet'!$A$1:$ZZ$1, 0))} -> 0 | P53: {=INDEX('raw-sheet'!$A$2:$ZZ$1000, ROW(P52), MATCH(P$1, 'raw-sheet'!$A$1:$ZZ$1, 0))} -> 0 | Q53: {=INDEX('raw-sheet'!$A$2:$ZZ$1000, ROW(Q52), MATCH(Q$1, 'raw-sheet'!$A$1:$ZZ$1, 0))} -> 0 | R53: {=INDEX('raw-sheet'!$A$2:$ZZ$1000, ROW(R52), MATCH(R$1, 'raw-sheet'!$A$1:$ZZ$1, 0))} -> 0 | S53: {=INDEX('raw-sheet'!$A$2:$ZZ$1000, ROW(S52), MATCH(S$1, 'raw-sheet'!$A$1:$ZZ$1, 0))} -> 0 | T53: {=INDEX('raw-sheet'!$A$2:$ZZ$1000, ROW(T52), MATCH(T$1, 'raw-sheet'!$A$1:$ZZ$1, 0))} -> 0 | U53: {=INDEX('raw-sheet'!$A$2:$ZZ$1000, ROW(U52), MATCH(U$1, 'raw-sheet'!$A$1:$ZZ$1, 0))} -> 0 | V53: {=INDEX('raw-sheet'!$A$2:$ZZ$1000, ROW(V52), MATCH(V$1, 'raw-sheet'!$A$1:$ZZ$1, 0))} -> 0 | ... X53: {=INDEX('raw-sheet'!$A$2:$ZZ$1000, ROW(X52), MATCH(X$1, 'raw-sheet'!$A$1:$ZZ$1, 0))} -> 0 | Z53: =VLOOKUP($A53,'raw-schema'!$A:$R,14,0) -> #N/A | AA53: =VLOOKUP($A53,'raw-schema'!$A:$R,15,0) -> #N/A | AB53: =VLOOKUP($A53,'raw-schema'!$A:$R,16,0) -> #N/A | AC53: =VLOOKUP($A53,'raw-schema'!$A:$R,17,0) -> #N/A | AD53: =VLOOKUP($A53,'raw-schema'!$A:$R,18,0) -> #N/A | AF53: 404 링크 (404 Inlinks 시트 참조)
A54: {=INDEX('raw-sheet'!$A$2:$ZZ$1000, ROW(A53), MATCH(A$1, 'raw-sheet'!$A$1:$ZZ$1, 0))} -> https://innisfree-taiwan.myshopify.com/blogs/magazine/{{%20blog.url%20}}/2024-popular-moisturizer-recommendations | C54: {=INDEX('raw-sheet'!$A$2:$ZZ$1000, ROW(C53), MATCH(C$1, 'raw-sheet'!$A$1:$ZZ$1, 0))} -> Blog Page | D54: {=INDEX('raw-sheet'!$A$2:$ZZ$1000, ROW(D53), MATCH(D$1, 'raw-sheet'!$A$1:$ZZ$1, 0))} -> 404 | E54: =IF(D54=200,"Pass","Not") -> Not | F54: {=INDEX('raw-sheet'!$A$2:$ZZ$1000, ROW(F53), MATCH(F$1, 'raw-sheet'!$A$1:$ZZ$1, 0))} -> 0 | H54: {=INDEX('raw-sheet'!$A$2:$ZZ$1000, ROW(H53), MATCH(H$1, 'raw-sheet'!$A$1:$ZZ$1, 0))} -> 0 | J54: {=INDEX('raw-sheet'!$A$2:$ZZ$1000, ROW(J53), MATCH(J$1, 'raw-sheet'!$A$1:$ZZ$1, 0))} -> 0 | K54: {=INDEX('raw-sheet'!$A$2:$ZZ$1000, ROW(K53), MATCH(K$1, 'raw-sheet'!$A$1:$ZZ$1, 0))} -> 0 | M54: {=INDEX('raw-sheet'!$A$2:$ZZ$1000, ROW(M53), MATCH(M$1, 'raw-sheet'!$A$1:$ZZ$1, 0))} -> 0 | N54: =IF(A54=M54,"Pass","Not") -> Not | O54: {=INDEX('raw-sheet'!$A$2:$ZZ$1000, ROW(O53), MATCH(O$1, 'raw-sheet'!$A$1:$ZZ$1, 0))} -> 0 | P54: {=INDEX('raw-sheet'!$A$2:$ZZ$1000, ROW(P53), MATCH(P$1, 'raw-sheet'!$A$1:$ZZ$1, 0))} -> 0 | Q54: {=INDEX('raw-sheet'!$A$2:$ZZ$1000, ROW(Q53), MATCH(Q$1, 'raw-sheet'!$A$1:$ZZ$1, 0))} -> 0 | R54: {=INDEX('raw-sheet'!$A$2:$ZZ$1000, ROW(R53), MATCH(R$1, 'raw-sheet'!$A$1:$ZZ$1, 0))} -> 0 | S54: {=INDEX('raw-sheet'!$A$2:$ZZ$1000, ROW(S53), MATCH(S$1, 'raw-sheet'!$A$1:$ZZ$1, 0))} -> 0 | T54: {=INDEX('raw-sheet'!$A$2:$ZZ$1000, ROW(T53), MATCH(T$1, 'raw-sheet'!$A$1:$ZZ$1, 0))} -> 0 | U54: {=INDEX('raw-sheet'!$A$2:$ZZ$1000, ROW(U53), MATCH(U$1, 'raw-sheet'!$A$1:$ZZ$1, 0))} -> 0 | V54: {=INDEX('raw-sheet'!$A$2:$ZZ$1000, ROW(V53), MATCH(V$1, 'raw-sheet'!$A$1:$ZZ$1, 0))} -> 0 | ... X54: {=INDEX('raw-sheet'!$A$2:$ZZ$1000, ROW(X53), MATCH(X$1, 'raw-sheet'!$A$1:$ZZ$1, 0))} -> 0 | Z54: =VLOOKUP($A54,'raw-schema'!$A:$R,14,0) -> #N/A | AA54: =VLOOKUP($A54,'raw-schema'!$A:$R,15,0) -> #N/A | AB54: =VLOOKUP($A54,'raw-schema'!$A:$R,16,0) -> #N/A | AC54: =VLOOKUP($A54,'raw-schema'!$A:$R,17,0) -> #N/A | AD54: =VLOOKUP($A54,'raw-schema'!$A:$R,18,0) -> #N/A | AF54: 404 링크 (404 Inlinks 시트 참조)
A55: {=INDEX('raw-sheet'!$A$2:$ZZ$1000, ROW(A54), MATCH(A$1, 'raw-sheet'!$A$1:$ZZ$1, 0))} -> https://innisfree-taiwan.myshopify.com/blogs/magazine/{{%20blog.url%20}}/3-step-facial-moisturizing-routine | C55: {=INDEX('raw-sheet'!$A$2:$ZZ$1000, ROW(C54), MATCH(C$1, 'raw-sheet'!$A$1:$ZZ$1, 0))} -> Blog Page | D55: {=INDEX('raw-sheet'!$A$2:$ZZ$1000, ROW(D54), MATCH(D$1, 'raw-sheet'!$A$1:$ZZ$1, 0))} -> 404 | E55: =IF(D55=200,"Pass","Not") -> Not | F55: {=INDEX('raw-sheet'!$A$2:$ZZ$1000, ROW(F54), MATCH(F$1, 'raw-sheet'!$A$1:$ZZ$1, 0))} -> 0 | H55: {=INDEX('raw-sheet'!$A$2:$ZZ$1000, ROW(H54), MATCH(H$1, 'raw-sheet'!$A$1:$ZZ$1, 0))} -> 0 | J55: {=INDEX('raw-sheet'!$A$2:$ZZ$1000, ROW(J54), MATCH(J$1, 'raw-sheet'!$A$1:$ZZ$1, 0))} -> 0 | K55: {=INDEX('raw-sheet'!$A$2:$ZZ$1000, ROW(K54), MATCH(K$1, 'raw-sheet'!$A$1:$ZZ$1, 0))} -> 0 | M55: {=INDEX('raw-sheet'!$A$2:$ZZ$1000, ROW(M54), MATCH(M$1, 'raw-sheet'!$A$1:$ZZ$1, 0))} -> 0 | N55: =IF(A55=M55,"Pass","Not") -> Not | O55: {=INDEX('raw-sheet'!$A$2:$ZZ$1000, ROW(O54), MATCH(O$1, 'raw-sheet'!$A$1:$ZZ$1, 0))} -> 0 | P55: {=INDEX('raw-sheet'!$A$2:$ZZ$1000, ROW(P54), MATCH(P$1, 'raw-sheet'!$A$1:$ZZ$1, 0))} -> 0 | Q55: {=INDEX('raw-sheet'!$A$2:$ZZ$1000, ROW(Q54), MATCH(Q$1, 'raw-sheet'!$A$1:$ZZ$1, 0))} -> 0 | R55: {=INDEX('raw-sheet'!$A$2:$ZZ$1000, ROW(R54), MATCH(R$1, 'raw-sheet'!$A$1:$ZZ$1, 0))} -> 0 | S55: {=INDEX('raw-sheet'!$A$2:$ZZ$1000, ROW(S54), MATCH(S$1, 'raw-sheet'!$A$1:$ZZ$1, 0))} -> 0 | T55: {=INDEX('raw-sheet'!$A$2:$ZZ$1000, ROW(T54), MATCH(T$1, 'raw-sheet'!$A$1:$ZZ$1, 0))} -> 0 | U55: {=INDEX('raw-sheet'!$A$2:$ZZ$1000, ROW(U54), MATCH(U$1, 'raw-sheet'!$A$1:$ZZ$1, 0))} -> 0 | V55: {=INDEX('raw-sheet'!$A$2:$ZZ$1000, ROW(V54), MATCH(V$1, 'raw-sheet'!$A$1:$ZZ$1, 0))} -> 0 | ... X55: {=INDEX('raw-sheet'!$A$2:$ZZ$1000, ROW(X54), MATCH(X$1, 'raw-sheet'!$A$1:$ZZ$1, 0))} -> 0 | Z55: =VLOOKUP($A55,'raw-schema'!$A:$R,14,0) -> #N/A | AA55: =VLOOKUP($A55,'raw-schema'!$A:$R,15,0) -> #N/A | AB55: =VLOOKUP($A55,'raw-schema'!$A:$R,16,0) -> #N/A | AC55: =VLOOKUP($A55,'raw-schema'!$A:$R,17,0) -> #N/A | AD55: =VLOOKUP($A55,'raw-schema'!$A:$R,18,0) -> #N/A | AF55: 404 링크 (404 Inlinks 시트 참조)
A56: {=INDEX('raw-sheet'!$A$2:$ZZ$1000, ROW(A55), MATCH(A$1, 'raw-sheet'!$A$1:$ZZ$1, 0))} -> https://innisfree-taiwan.myshopify.com/blogs/magazine/{{%20blog.url%20}}/4-effective-steps-to-remove-blackheads | C56: {=INDEX('raw-sheet'!$A$2:$ZZ$1000, ROW(C55), MATCH(C$1, 'raw-sheet'!$A$1:$ZZ$1, 0))} -> Blog Page | D56: {=INDEX('raw-sheet'!$A$2:$ZZ$1000, ROW(D55), MATCH(D$1, 'raw-sheet'!$A$1:$ZZ$1, 0))} -> 404 | E56: =IF(D56=200,"Pass","Not") -> Not | F56: {=INDEX('raw-sheet'!$A$2:$ZZ$1000, ROW(F55), MATCH(F$1, 'raw-sheet'!$A$1:$ZZ$1, 0))} -> 0 | H56: {=INDEX('raw-sheet'!$A$2:$ZZ$1000, ROW(H55), MATCH(H$1, 'raw-sheet'!$A$1:$ZZ$1, 0))} -> 0 | J56: {=INDEX('raw-sheet'!$A$2:$ZZ$1000, ROW(J55), MATCH(J$1, 'raw-sheet'!$A$1:$ZZ$1, 0))} -> 0 | K56: {=INDEX('raw-sheet'!$A$2:$ZZ$1000, ROW(K55), MATCH(K$1, 'raw-sheet'!$A$1:$ZZ$1, 0))} -> 0 | M56: {=INDEX('raw-sheet'!$A$2:$ZZ$1000, ROW(M55), MATCH(M$1, 'raw-sheet'!$A$1:$ZZ$1, 0))} -> 0 | N56: =IF(A56=M56,"Pass","Not") -> Not | O56: {=INDEX('raw-sheet'!$A$2:$ZZ$1000, ROW(O55), MATCH(O$1, 'raw-sheet'!$A$1:$ZZ$1, 0))} -> 0 | P56: {=INDEX('raw-sheet'!$A$2:$ZZ$1000, ROW(P55), MATCH(P$1, 'raw-sheet'!$A$1:$ZZ$1, 0))} -> 0 | Q56: {=INDEX('raw-sheet'!$A$2:$ZZ$1000, ROW(Q55), MATCH(Q$1, 'raw-sheet'!$A$1:$ZZ$1, 0))} -> 0 | R56: {=INDEX('raw-sheet'!$A$2:$ZZ$1000, ROW(R55), MATCH(R$1, 'raw-sheet'!$A$1:$ZZ$1, 0))} -> 0 | S56: {=INDEX('raw-sheet'!$A$2:$ZZ$1000, ROW(S55), MATCH(S$1, 'raw-sheet'!$A$1:$ZZ$1, 0))} -> 0 | T56: {=INDEX('raw-sheet'!$A$2:$ZZ$1000, ROW(T55), MATCH(T$1, 'raw-sheet'!$A$1:$ZZ$1, 0))} -> 0 | U56: {=INDEX('raw-sheet'!$A$2:$ZZ$1000, ROW(U55), MATCH(U$1, 'raw-sheet'!$A$1:$ZZ$1, 0))} -> 0 | V56: {=INDEX('raw-sheet'!$A$2:$ZZ$1000, ROW(V55), MATCH(V$1, 'raw-sheet'!$A$1:$ZZ$1, 0))} -> 0 | ... X56: {=INDEX('raw-sheet'!$A$2:$ZZ$1000, ROW(X55), MATCH(X$1, 'raw-sheet'!$A$1:$ZZ$1, 0))} -> 0 | Z56: =VLOOKUP($A56,'raw-schema'!$A:$R,14,0) -> #N/A | AA56: =VLOOKUP($A56,'raw-schema'!$A:$R,15,0) -> #N/A | AB56: =VLOOKUP($A56,'raw-schema'!$A:$R,16,0) -> #N/A | AC56: =VLOOKUP($A56,'raw-schema'!$A:$R,17,0) -> #N/A | AD56: =VLOOKUP($A56,'raw-schema'!$A:$R,18,0) -> #N/A | AF56: 404 링크 (404 Inlinks 시트 참조)
A57: {=INDEX('raw-sheet'!$A$2:$ZZ$1000, ROW(A56), MATCH(A$1, 'raw-sheet'!$A$1:$ZZ$1, 0))} -> https://innisfree-taiwan.myshopify.com/blogs/magazine/{{%20blog.url%20}}/causes-of-dry-skin-and-how-to-improve-it | C57: {=INDEX('raw-sheet'!$A$2:$ZZ$1000, ROW(C56), MATCH(C$1, 'raw-sheet'!$A$1:$ZZ$1, 0))} -> Blog Page | D57: {=INDEX('raw-sheet'!$A$2:$ZZ$1000, ROW(D56), MATCH(D$1, 'raw-sheet'!$A$1:$ZZ$1, 0))} -> 404 | E57: =IF(D57=200,"Pass","Not") -> Not | F57: {=INDEX('raw-sheet'!$A$2:$ZZ$1000, ROW(F56), MATCH(F$1, 'raw-sheet'!$A$1:$ZZ$1, 0))} -> 0 | H57: {=INDEX('raw-sheet'!$A$2:$ZZ$1000, ROW(H56), MATCH(H$1, 'raw-sheet'!$A$1:$ZZ$1, 0))} -> 0 | J57: {=INDEX('raw-sheet'!$A$2:$ZZ$1000, ROW(J56), MATCH(J$1, 'raw-sheet'!$A$1:$ZZ$1, 0))} -> 0 | K57: {=INDEX('raw-sheet'!$A$2:$ZZ$1000, ROW(K56), MATCH(K$1, 'raw-sheet'!$A$1:$ZZ$1, 0))} -> 0 | M57: {=INDEX('raw-sheet'!$A$2:$ZZ$1000, ROW(M56), MATCH(M$1, 'raw-sheet'!$A$1:$ZZ$1, 0))} -> 0 | N57: =IF(A57=M57,"Pass","Not") -> Not | O57: {=INDEX('raw-sheet'!$A$2:$ZZ$1000, ROW(O56), MATCH(O$1, 'raw-sheet'!$A$1:$ZZ$1, 0))} -> 0 | P57: {=INDEX('raw-sheet'!$A$2:$ZZ$1000, ROW(P56), MATCH(P$1, 'raw-sheet'!$A$1:$ZZ$1, 0))} -> 0 | Q57: {=INDEX('raw-sheet'!$A$2:$ZZ$1000, ROW(Q56), MATCH(Q$1, 'raw-sheet'!$A$1:$ZZ$1, 0))} -> 0 | R57: {=INDEX('raw-sheet'!$A$2:$ZZ$1000, ROW(R56), MATCH(R$1, 'raw-sheet'!$A$1:$ZZ$1, 0))} -> 0 | S57: {=INDEX('raw-sheet'!$A$2:$ZZ$1000, ROW(S56), MATCH(S$1, 'raw-sheet'!$A$1:$ZZ$1, 0))} -> 0 | T57: {=INDEX('raw-sheet'!$A$2:$ZZ$1000, ROW(T56), MATCH(T$1, 'raw-sheet'!$A$1:$ZZ$1, 0))} -> 0 | U57: {=INDEX('raw-sheet'!$A$2:$ZZ$1000, ROW(U56), MATCH(U$1, 'raw-sheet'!$A$1:$ZZ$1, 0))} -> 0 | V57: {=INDEX('raw-sheet'!$A$2:$ZZ$1000, ROW(V56), MATCH(V$1, 'raw-sheet'!$A$1:$ZZ$1, 0))} -> 0 | ... X57: {=INDEX('raw-sheet'!$A$2:$ZZ$1000, ROW(X56), MATCH(X$1, 'raw-sheet'!$A$1:$ZZ$1, 0))} -> 0 | Z57: =VLOOKUP($A57,'raw-schema'!$A:$R,14,0) -> #N/A | AA57: =VLOOKUP($A57,'raw-schema'!$A:$R,15,0) -> #N/A | AB57: =VLOOKUP($A57,'raw-schema'!$A:$R,16,0) -> #N/A | AC57: =VLOOKUP($A57,'raw-schema'!$A:$R,17,0) -> #N/A | AD57: =VLOOKUP($A57,'raw-schema'!$A:$R,18,0) -> #N/A | AF57: 404 링크 (404 Inlinks 시트 참조)
A58: {=INDEX('raw-sheet'!$A$2:$ZZ$1000, ROW(A57), MATCH(A$1, 'raw-sheet'!$A$1:$ZZ$1, 0))} -> https://innisfree-taiwan.myshopify.com/blogs/magazine/{{%20blog.url%20}}/dry-skin-characteristics-and-care-tips | C58: {=INDEX('raw-sheet'!$A$2:$ZZ$1000, ROW(C57), MATCH(C$1, 'raw-sheet'!$A$1:$ZZ$1, 0))} -> Blog Page | D58: {=INDEX('raw-sheet'!$A$2:$ZZ$1000, ROW(D57), MATCH(D$1, 'raw-sheet'!$A$1:$ZZ$1, 0))} -> 404 | E58: =IF(D58=200,"Pass","Not") -> Not | F58: {=INDEX('raw-sheet'!$A$2:$ZZ$1000, ROW(F57), MATCH(F$1, 'raw-sheet'!$A$1:$ZZ$1, 0))} -> 0 | H58: {=INDEX('raw-sheet'!$A$2:$ZZ$1000, ROW(H57), MATCH(H$1, 'raw-sheet'!$A$1:$ZZ$1, 0))} -> 0 | J58: {=INDEX('raw-sheet'!$A$2:$ZZ$1000, ROW(J57), MATCH(J$1, 'raw-sheet'!$A$1:$ZZ$1, 0))} -> 0 | K58: {=INDEX('raw-sheet'!$A$2:$ZZ$1000, ROW(K57), MATCH(K$1, 'raw-sheet'!$A$1:$ZZ$1, 0))} -> 0 | M58: {=INDEX('raw-sheet'!$A$2:$ZZ$1000, ROW(M57), MATCH(M$1, 'raw-sheet'!$A$1:$ZZ$1, 0))} -> 0 | N58: =IF(A58=M58,"Pass","Not") -> Not | O58: {=INDEX('raw-sheet'!$A$2:$ZZ$1000, ROW(O57), MATCH(O$1, 'raw-sheet'!$A$1:$ZZ$1, 0))} -> 0 | P58: {=INDEX('raw-sheet'!$A$2:$ZZ$1000, ROW(P57), MATCH(P$1, 'raw-sheet'!$A$1:$ZZ$1, 0))} -> 0 | Q58: {=INDEX('raw-sheet'!$A$2:$ZZ$1000, ROW(Q57), MATCH(Q$1, 'raw-sheet'!$A$1:$ZZ$1, 0))} -> 0 | R58: {=INDEX('raw-sheet'!$A$2:$ZZ$1000, ROW(R57), MATCH(R$1, 'raw-sheet'!$A$1:$ZZ$1, 0))} -> 0 | S58: {=INDEX('raw-sheet'!$A$2:$ZZ$1000, ROW(S57), MATCH(S$1, 'raw-sheet'!$A$1:$ZZ$1, 0))} -> 0 | T58: {=INDEX('raw-sheet'!$A$2:$ZZ$1000, ROW(T57), MATCH(T$1, 'raw-sheet'!$A$1:$ZZ$1, 0))} -> 0 | U58: {=INDEX('raw-sheet'!$A$2:$ZZ$1000, ROW(U57), MATCH(U$1, 'raw-sheet'!$A$1:$ZZ$1, 0))} -> 0 | V58: {=INDEX('raw-sheet'!$A$2:$ZZ$1000, ROW(V57), MATCH(V$1, 'raw-sheet'!$A$1:$ZZ$1, 0))} -> 0 | ... X58: {=INDEX('raw-sheet'!$A$2:$ZZ$1000, ROW(X57), MATCH(X$1, 'raw-sheet'!$A$1:$ZZ$1, 0))} -> 0 | Z58: =VLOOKUP($A58,'raw-schema'!$A:$R,14,0) -> #N/A | AA58: =VLOOKUP($A58,'raw-schema'!$A:$R,15,0) -> #N/A | AB58: =VLOOKUP($A58,'raw-schema'!$A:$R,16,0) -> #N/A | AC58: =VLOOKUP($A58,'raw-schema'!$A:$R,17,0) -> #N/A | AD58: =VLOOKUP($A58,'raw-schema'!$A:$R,18,0) -> #N/A | AF58: 404 링크 (404 Inlinks 시트 참조)
A59: {=INDEX('raw-sheet'!$A$2:$ZZ$1000, ROW(A58), MATCH(A$1, 'raw-sheet'!$A$1:$ZZ$1, 0))} -> https://innisfree-taiwan.myshopify.com/blogs/magazine/{{%20blog.url%20}}/facial-skincare-routine-correct-order-guide | C59: {=INDEX('raw-sheet'!$A$2:$ZZ$1000, ROW(C58), MATCH(C$1, 'raw-sheet'!$A$1:$ZZ$1, 0))} -> Blog Page | D59: {=INDEX('raw-sheet'!$A$2:$ZZ$1000, ROW(D58), MATCH(D$1, 'raw-sheet'!$A$1:$ZZ$1, 0))} -> 404 | E59: =IF(D59=200,"Pass","Not") -> Not | F59: {=INDEX('raw-sheet'!$A$2:$ZZ$1000, ROW(F58), MATCH(F$1, 'raw-sheet'!$A$1:$ZZ$1, 0))} -> 0 | H59: {=INDEX('raw-sheet'!$A$2:$ZZ$1000, ROW(H58), MATCH(H$1, 'raw-sheet'!$A$1:$ZZ$1, 0))} -> 0 | J59: {=INDEX('raw-sheet'!$A$2:$ZZ$1000, ROW(J58), MATCH(J$1, 'raw-sheet'!$A$1:$ZZ$1, 0))} -> 0 | K59: {=INDEX('raw-sheet'!$A$2:$ZZ$1000, ROW(K58), MATCH(K$1, 'raw-sheet'!$A$1:$ZZ$1, 0))} -> 0 | M59: {=INDEX('raw-sheet'!$A$2:$ZZ$1000, ROW(M58), MATCH(M$1, 'raw-sheet'!$A$1:$ZZ$1, 0))} -> 0 | N59: =IF(A59=M59,"Pass","Not") -> Not | O59: {=INDEX('raw-sheet'!$A$2:$ZZ$1000, ROW(O58), MATCH(O$1, 'raw-sheet'!$A$1:$ZZ$1, 0))} -> 0 | P59: {=INDEX('raw-sheet'!$A$2:$ZZ$1000, ROW(P58), MATCH(P$1, 'raw-sheet'!$A$1:$ZZ$1, 0))} -> 0 | Q59: {=INDEX('raw-sheet'!$A$2:$ZZ$1000, ROW(Q58), MATCH(Q$1, 'raw-sheet'!$A$1:$ZZ$1, 0))} -> 0 | R59: {=INDEX('raw-sheet'!$A$2:$ZZ$1000, ROW(R58), MATCH(R$1, 'raw-sheet'!$A$1:$ZZ$1, 0))} -> 0 | S59: {=INDEX('raw-sheet'!$A$2:$ZZ$1000, ROW(S58), MATCH(S$1, 'raw-sheet'!$A$1:$ZZ$1, 0))} -> 0 | T59: {=INDEX('raw-sheet'!$A$2:$ZZ$1000, ROW(T58), MATCH(T$1, 'raw-sheet'!$A$1:$ZZ$1, 0))} -> 0 | U59: {=INDEX('raw-sheet'!$A$2:$ZZ$1000, ROW(U58), MATCH(U$1, 'raw-sheet'!$A$1:$ZZ$1, 0))} -> 0 | V59: {=INDEX('raw-sheet'!$A$2:$ZZ$1000, ROW(V58), MATCH(V$1, 'raw-sheet'!$A$1:$ZZ$1, 0))} -> 0 | ... X59: {=INDEX('raw-sheet'!$A$2:$ZZ$1000, ROW(X58), MATCH(X$1, 'raw-sheet'!$A$1:$ZZ$1, 0))} -> 0 | Z59: =VLOOKUP($A59,'raw-schema'!$A:$R,14,0) -> #N/A | AA59: =VLOOKUP($A59,'raw-schema'!$A:$R,15,0) -> #N/A | AB59: =VLOOKUP($A59,'raw-schema'!$A:$R,16,0) -> #N/A | AC59: =VLOOKUP($A59,'raw-schema'!$A:$R,17,0) -> #N/A | AD59: =VLOOKUP($A59,'raw-schema'!$A:$R,18,0) -> #N/A | AF59: 404 링크 (404 Inlinks 시트 참조)
A60: {=INDEX('raw-sheet'!$A$2:$ZZ$1000, ROW(A59), MATCH(A$1, 'raw-sheet'!$A$1:$ZZ$1, 0))} -> https://innisfree-taiwan.myshopify.com/blogs/magazine/{{%20blog.url%20}}/how-often-should-you-use-a-face-mask | C60: {=INDEX('raw-sheet'!$A$2:$ZZ$1000, ROW(C59), MATCH(C$1, 'raw-sheet'!$A$1:$ZZ$1, 0))} -> Blog Page | D60: {=INDEX('raw-sheet'!$A$2:$ZZ$1000, ROW(D59), MATCH(D$1, 'raw-sheet'!$A$1:$ZZ$1, 0))} -> 404 | E60: =IF(D60=200,"Pass","Not") -> Not | F60: {=INDEX('raw-sheet'!$A$2:$ZZ$1000, ROW(F59), MATCH(F$1, 'raw-sheet'!$A$1:$ZZ$1, 0))} -> 0 | H60: {=INDEX('raw-sheet'!$A$2:$ZZ$1000, ROW(H59), MATCH(H$1, 'raw-sheet'!$A$1:$ZZ$1, 0))} -> 0 | J60: {=INDEX('raw-sheet'!$A$2:$ZZ$1000, ROW(J59), MATCH(J$1, 'raw-sheet'!$A$1:$ZZ$1, 0))} -> 0 | K60: {=INDEX('raw-sheet'!$A$2:$ZZ$1000, ROW(K59), MATCH(K$1, 'raw-sheet'!$A$1:$ZZ$1, 0))} -> 0 | M60: {=INDEX('raw-sheet'!$A$2:$ZZ$1000, ROW(M59), MATCH(M$1, 'raw-sheet'!$A$1:$ZZ$1, 0))} -> 0 | N60: =IF(A60=M60,"Pass","Not") -> Not | O60: {=INDEX('raw-sheet'!$A$2:$ZZ$1000, ROW(O59), MATCH(O$1, 'raw-sheet'!$A$1:$ZZ$1, 0))} -> 0 | P60: {=INDEX('raw-sheet'!$A$2:$ZZ$1000, ROW(P59), MATCH(P$1, 'raw-sheet'!$A$1:$ZZ$1, 0))} -> 0 | Q60: {=INDEX('raw-sheet'!$A$2:$ZZ$1000, ROW(Q59), MATCH(Q$1, 'raw-sheet'!$A$1:$ZZ$1, 0))} -> 0 | R60: {=INDEX('raw-sheet'!$A$2:$ZZ$1000, ROW(R59), MATCH(R$1, 'raw-sheet'!$A$1:$ZZ$1, 0))} -> 0 | S60: {=INDEX('raw-sheet'!$A$2:$ZZ$1000, ROW(S59), MATCH(S$1, 'raw-sheet'!$A$1:$ZZ$1, 0))} -> 0 | T60: {=INDEX('raw-sheet'!$A$2:$ZZ$1000, ROW(T59), MATCH(T$1, 'raw-sheet'!$A$1:$ZZ$1, 0))} -> 0 | U60: {=INDEX('raw-sheet'!$A$2:$ZZ$1000, ROW(U59), MATCH(U$1, 'raw-sheet'!$A$1:$ZZ$1, 0))} -> 0 | V60: {=INDEX('raw-sheet'!$A$2:$ZZ$1000, ROW(V59), MATCH(V$1, 'raw-sheet'!$A$1:$ZZ$1, 0))} -> 0 | ... X60: {=INDEX('raw-sheet'!$A$2:$ZZ$1000, ROW(X59), MATCH(X$1, 'raw-sheet'!$A$1:$ZZ$1, 0))} -> 0 | Z60: =VLOOKUP($A60,'raw-schema'!$A:$R,14,0) -> #N/A | AA60: =VLOOKUP($A60,'raw-schema'!$A:$R,15,0) -> #N/A | AB60: =VLOOKUP($A60,'raw-schema'!$A:$R,16,0) -> #N/A | AC60: =VLOOKUP($A60,'raw-schema'!$A:$R,17,0) -> #N/A | AD60: =VLOOKUP($A60,'raw-schema'!$A:$R,18,0) -> #N/A | AF60: 404 링크 (404 Inlinks 시트 참조)
A61: {=INDEX('raw-sheet'!$A$2:$ZZ$1000, ROW(A60), MATCH(A$1, 'raw-sheet'!$A$1:$ZZ$1, 0))} -> https://innisfree-taiwan.myshopify.com/blogs/magazine/{{%20blog.url%20}}/how-to-choose-products-for-enlarged-pores | C61: {=INDEX('raw-sheet'!$A$2:$ZZ$1000, ROW(C60), MATCH(C$1, 'raw-sheet'!$A$1:$ZZ$1, 0))} -> Blog Page | D61: {=INDEX('raw-sheet'!$A$2:$ZZ$1000, ROW(D60), MATCH(D$1, 'raw-sheet'!$A$1:$ZZ$1, 0))} -> 404 | E61: =IF(D61=200,"Pass","Not") -> Not | F61: {=INDEX('raw-sheet'!$A$2:$ZZ$1000, ROW(F60), MATCH(F$1, 'raw-sheet'!$A$1:$ZZ$1, 0))} -> 0 | H61: {=INDEX('raw-sheet'!$A$2:$ZZ$1000, ROW(H60), MATCH(H$1, 'raw-sheet'!$A$1:$ZZ$1, 0))} -> 0 | J61: {=INDEX('raw-sheet'!$A$2:$ZZ$1000, ROW(J60), MATCH(J$1, 'raw-sheet'!$A$1:$ZZ$1, 0))} -> 0 | K61: {=INDEX('raw-sheet'!$A$2:$ZZ$1000, ROW(K60), MATCH(K$1, 'raw-sheet'!$A$1:$ZZ$1, 0))} -> 0 | M61: {=INDEX('raw-sheet'!$A$2:$ZZ$1000, ROW(M60), MATCH(M$1, 'raw-sheet'!$A$1:$ZZ$1, 0))} -> 0 | N61: =IF(A61=M61,"Pass","Not") -> Not | O61: {=INDEX('raw-sheet'!$A$2:$ZZ$1000, ROW(O60), MATCH(O$1, 'raw-sheet'!$A$1:$ZZ$1, 0))} -> 0 | P61: {=INDEX('raw-sheet'!$A$2:$ZZ$1000, ROW(P60), MATCH(P$1, 'raw-sheet'!$A$1:$ZZ$1, 0))} -> 0 | Q61: {=INDEX('raw-sheet'!$A$2:$ZZ$1000, ROW(Q60), MATCH(Q$1, 'raw-sheet'!$A$1:$ZZ$1, 0))} -> 0 | R61: {=INDEX('raw-sheet'!$A$2:$ZZ$1000, ROW(R60), MATCH(R$1, 'raw-sheet'!$A$1:$ZZ$1, 0))} -> 0 | S61: {=INDEX('raw-sheet'!$A$2:$ZZ$1000, ROW(S60), MATCH(S$1, 'raw-sheet'!$A$1:$ZZ$1, 0))} -> 0 | T61: {=INDEX('raw-sheet'!$A$2:$ZZ$1000, ROW(T60), MATCH(T$1, 'raw-sheet'!$A$1:$ZZ$1, 0))} -> 0 | U61: {=INDEX('raw-sheet'!$A$2:$ZZ$1000, ROW(U60), MATCH(U$1, 'raw-sheet'!$A$1:$ZZ$1, 0))} -> 0 | V61: {=INDEX('raw-sheet'!$A$2:$ZZ$1000, ROW(V60), MATCH(V$1, 'raw-sheet'!$A$1:$ZZ$1, 0))} -> 0 | ... X61: {=INDEX('raw-sheet'!$A$2:$ZZ$1000, ROW(X60), MATCH(X$1, 'raw-sheet'!$A$1:$ZZ$1, 0))} -> 0 | Z61: =VLOOKUP($A61,'raw-schema'!$A:$R,14,0) -> #N/A | AA61: =VLOOKUP($A61,'raw-schema'!$A:$R,15,0) -> #N/A | AB61: =VLOOKUP($A61,'raw-schema'!$A:$R,16,0) -> #N/A | AC61: =VLOOKUP($A61,'raw-schema'!$A:$R,17,0) -> #N/A | AD61: =VLOOKUP($A61,'raw-schema'!$A:$R,18,0) -> #N/A | AF61: 404 링크 (404 Inlinks 시트 참조)
A62: {=INDEX('raw-sheet'!$A$2:$ZZ$1000, ROW(A61), MATCH(A$1, 'raw-sheet'!$A$1:$ZZ$1, 0))} -> https://innisfree-taiwan.myshopify.com/blogs/magazine/{{%20blog.url%20}}/how-to-get-rid-of-dark-circles | C62: {=INDEX('raw-sheet'!$A$2:$ZZ$1000, ROW(C61), MATCH(C$1, 'raw-sheet'!$A$1:$ZZ$1, 0))} -> Blog Page | D62: {=INDEX('raw-sheet'!$A$2:$ZZ$1000, ROW(D61), MATCH(D$1, 'raw-sheet'!$A$1:$ZZ$1, 0))} -> 404 | E62: =IF(D62=200,"Pass","Not") -> Not | F62: {=INDEX('raw-sheet'!$A$2:$ZZ$1000, ROW(F61), MATCH(F$1, 'raw-sheet'!$A$1:$ZZ$1, 0))} -> 0 | H62: {=INDEX('raw-sheet'!$A$2:$ZZ$1000, ROW(H61), MATCH(H$1, 'raw-sheet'!$A$1:$ZZ$1, 0))} -> 0 | J62: {=INDEX('raw-sheet'!$A$2:$ZZ$1000, ROW(J61), MATCH(J$1, 'raw-sheet'!$A$1:$ZZ$1, 0))} -> 0 | K62: {=INDEX('raw-sheet'!$A$2:$ZZ$1000, ROW(K61), MATCH(K$1, 'raw-sheet'!$A$1:$ZZ$1, 0))} -> 0 | M62: {=INDEX('raw-sheet'!$A$2:$ZZ$1000, ROW(M61), MATCH(M$1, 'raw-sheet'!$A$1:$ZZ$1, 0))} -> 0 | N62: =IF(A62=M62,"Pass","Not") -> Not | O62: {=INDEX('raw-sheet'!$A$2:$ZZ$1000, ROW(O61), MATCH(O$1, 'raw-sheet'!$A$1:$ZZ$1, 0))} -> 0 | P62: {=INDEX('raw-sheet'!$A$2:$ZZ$1000, ROW(P61), MATCH(P$1, 'raw-sheet'!$A$1:$ZZ$1, 0))} -> 0 | Q62: {=INDEX('raw-sheet'!$A$2:$ZZ$1000, ROW(Q61), MATCH(Q$1, 'raw-sheet'!$A$1:$ZZ$1, 0))} -> 0 | R62: {=INDEX('raw-sheet'!$A$2:$ZZ$1000, ROW(R61), MATCH(R$1, 'raw-sheet'!$A$1:$ZZ$1, 0))} -> 0 | S62: {=INDEX('raw-sheet'!$A$2:$ZZ$1000, ROW(S61), MATCH(S$1, 'raw-sheet'!$A$1:$ZZ$1, 0))} -> 0 | T62: {=INDEX('raw-sheet'!$A$2:$ZZ$1000, ROW(T61), MATCH(T$1, 'raw-sheet'!$A$1:$ZZ$1, 0))} -> 0 | U62: {=INDEX('raw-sheet'!$A$2:$ZZ$1000, ROW(U61), MATCH(U$1, 'raw-sheet'!$A$1:$ZZ$1, 0))} -> 0 | V62: {=INDEX('raw-sheet'!$A$2:$ZZ$1000, ROW(V61), MATCH(V$1, 'raw-sheet'!$A$1:$ZZ$1, 0))} -> 0 | ... X62: {=INDEX('raw-sheet'!$A$2:$ZZ$1000, ROW(X61), MATCH(X$1, 'raw-sheet'!$A$1:$ZZ$1, 0))} -> 0 | Z62: =VLOOKUP($A62,'raw-schema'!$A:$R,14,0) -> #N/A | AA62: =VLOOKUP($A62,'raw-schema'!$A:$R,15,0) -> #N/A | AB62: =VLOOKUP($A62,'raw-schema'!$A:$R,16,0) -> #N/A | AC62: =VLOOKUP($A62,'raw-schema'!$A:$R,17,0) -> #N/A | AD62: =VLOOKUP($A62,'raw-schema'!$A:$R,18,0) -> #N/A | AF62: 404 링크 (404 Inlinks 시트 참조)
A63: {=INDEX('raw-sheet'!$A$2:$ZZ$1000, ROW(A62), MATCH(A$1, 'raw-sheet'!$A$1:$ZZ$1, 0))} -> https://innisfree-taiwan.myshopify.com/blogs/magazine/{{%20blog.url%20}}/loose-powder-uses-vs-pressed-powder | C63: {=INDEX('raw-sheet'!$A$2:$ZZ$1000, ROW(C62), MATCH(C$1, 'raw-sheet'!$A$1:$ZZ$1, 0))} -> Blog Page | D63: {=INDEX('raw-sheet'!$A$2:$ZZ$1000, ROW(D62), MATCH(D$1, 'raw-sheet'!$A$1:$ZZ$1, 0))} -> 404 | E63: =IF(D63=200,"Pass","Not") -> Not | F63: {=INDEX('raw-sheet'!$A$2:$ZZ$1000, ROW(F62), MATCH(F$1, 'raw-sheet'!$A$1:$ZZ$1, 0))} -> 0 | H63: {=INDEX('raw-sheet'!$A$2:$ZZ$1000, ROW(H62), MATCH(H$1, 'raw-sheet'!$A$1:$ZZ$1, 0))} -> 0 | J63: {=INDEX('raw-sheet'!$A$2:$ZZ$1000, ROW(J62), MATCH(J$1, 'raw-sheet'!$A$1:$ZZ$1, 0))} -> 0 | K63: {=INDEX('raw-sheet'!$A$2:$ZZ$1000, ROW(K62), MATCH(K$1, 'raw-sheet'!$A$1:$ZZ$1, 0))} -> 0 | M63: {=INDEX('raw-sheet'!$A$2:$ZZ$1000, ROW(M62), MATCH(M$1, 'raw-sheet'!$A$1:$ZZ$1, 0))} -> 0 | N63: =IF(A63=M63,"Pass","Not") -> Not | O63: {=INDEX('raw-sheet'!$A$2:$ZZ$1000, ROW(O62), MATCH(O$1, 'raw-sheet'!$A$1:$ZZ$1, 0))} -> 0 | P63: {=INDEX('raw-sheet'!$A$2:$ZZ$1000, ROW(P62), MATCH(P$1, 'raw-sheet'!$A$1:$ZZ$1, 0))} -> 0 | Q63: {=INDEX('raw-sheet'!$A$2:$ZZ$1000, ROW(Q62), MATCH(Q$1, 'raw-sheet'!$A$1:$ZZ$1, 0))} -> 0 | R63: {=INDEX('raw-sheet'!$A$2:$ZZ$1000, ROW(R62), MATCH(R$1, 'raw-sheet'!$A$1:$ZZ$1, 0))} -> 0 | S63: {=INDEX('raw-sheet'!$A$2:$ZZ$1000, ROW(S62), MATCH(S$1, 'raw-sheet'!$A$1:$ZZ$1, 0))} -> 0 | T63: {=INDEX('raw-sheet'!$A$2:$ZZ$1000, ROW(T62), MATCH(T$1, 'raw-sheet'!$A$1:$ZZ$1, 0))} -> 0 | U63: {=INDEX('raw-sheet'!$A$2:$ZZ$1000, ROW(U62), MATCH(U$1, 'raw-sheet'!$A$1:$ZZ$1, 0))} -> 0 | V63: {=INDEX('raw-sheet'!$A$2:$ZZ$1000, ROW(V62), MATCH(V$1, 'raw-sheet'!$A$1:$ZZ$1, 0))} -> 0 | ... X63: {=INDEX('raw-sheet'!$A$2:$ZZ$1000, ROW(X62), MATCH(X$1, 'raw-sheet'!$A$1:$ZZ$1, 0))} -> 0 | Z63: =VLOOKUP($A63,'raw-schema'!$A:$R,14,0) -> #N/A | AA63: =VLOOKUP($A63,'raw-schema'!$A:$R,15,0) -> #N/A | AB63: =VLOOKUP($A63,'raw-schema'!$A:$R,16,0) -> #N/A | AC63: =VLOOKUP($A63,'raw-schema'!$A:$R,17,0) -> #N/A | AD63: =VLOOKUP($A63,'raw-schema'!$A:$R,18,0) -> #N/A | AF63: 404 링크 (404 Inlinks 시트 참조)
A64: {=INDEX('raw-sheet'!$A$2:$ZZ$1000, ROW(A63), MATCH(A$1, 'raw-sheet'!$A$1:$ZZ$1, 0))} -> https://innisfree-taiwan.myshopify.com/blogs/magazine/{{%20blog.url%20}}/morning-c-night-a-skincare-routine-guide | C64: {=INDEX('raw-sheet'!$A$2:$ZZ$1000, ROW(C63), MATCH(C$1, 'raw-sheet'!$A$1:$ZZ$1, 0))} -> Blog Page | D64: {=INDEX('raw-sheet'!$A$2:$ZZ$1000, ROW(D63), MATCH(D$1, 'raw-sheet'!$A$1:$ZZ$1, 0))} -> 404 | E64: =IF(D64=200,"Pass","Not") -> Not | F64: {=INDEX('raw-sheet'!$A$2:$ZZ$1000, ROW(F63), MATCH(F$1, 'raw-sheet'!$A$1:$ZZ$1, 0))} -> 0 | H64: {=INDEX('raw-sheet'!$A$2:$ZZ$1000, ROW(H63), MATCH(H$1, 'raw-sheet'!$A$1:$ZZ$1, 0))} -> 0 | J64: {=INDEX('raw-sheet'!$A$2:$ZZ$1000, ROW(J63), MATCH(J$1, 'raw-sheet'!$A$1:$ZZ$1, 0))} -> 0 | K64: {=INDEX('raw-sheet'!$A$2:$ZZ$1000, ROW(K63), MATCH(K$1, 'raw-sheet'!$A$1:$ZZ$1, 0))} -> 0 | M64: {=INDEX('raw-sheet'!$A$2:$ZZ$1000, ROW(M63), MATCH(M$1, 'raw-sheet'!$A$1:$ZZ$1, 0))} -> 0 | N64: =IF(A64=M64,"Pass","Not") -> Not | O64: {=INDEX('raw-sheet'!$A$2:$ZZ$1000, ROW(O63), MATCH(O$1, 'raw-sheet'!$A$1:$ZZ$1, 0))} -> 0 | P64: {=INDEX('raw-sheet'!$A$2:$ZZ$1000, ROW(P63), MATCH(P$1, 'raw-sheet'!$A$1:$ZZ$1, 0))} -> 0 | Q64: {=INDEX('raw-sheet'!$A$2:$ZZ$1000, ROW(Q63), MATCH(Q$1, 'raw-sheet'!$A$1:$ZZ$1, 0))} -> 0 | R64: {=INDEX('raw-sheet'!$A$2:$ZZ$1000, ROW(R63), MATCH(R$1, 'raw-sheet'!$A$1:$ZZ$1, 0))} -> 0 | S64: {=INDEX('raw-sheet'!$A$2:$ZZ$1000, ROW(S63), MATCH(S$1, 'raw-sheet'!$A$1:$ZZ$1, 0))} -> 0 | T64: {=INDEX('raw-sheet'!$A$2:$ZZ$1000, ROW(T63), MATCH(T$1, 'raw-sheet'!$A$1:$ZZ$1, 0))} -> 0 | U64: {=INDEX('raw-sheet'!$A$2:$ZZ$1000, ROW(U63), MATCH(U$1, 'raw-sheet'!$A$1:$ZZ$1, 0))} -> 0 | V64: {=INDEX('raw-sheet'!$A$2:$ZZ$1000, ROW(V63), MATCH(V$1, 'raw-sheet'!$A$1:$ZZ$1, 0))} -> 0 | ... X64: {=INDEX('raw-sheet'!$A$2:$ZZ$1000, ROW(X63), MATCH(X$1, 'raw-sheet'!$A$1:$ZZ$1, 0))} -> 0 | Z64: =VLOOKUP($A64,'raw-schema'!$A:$R,14,0) -> #N/A | AA64: =VLOOKUP($A64,'raw-schema'!$A:$R,15,0) -> #N/A | AB64: =VLOOKUP($A64,'raw-schema'!$A:$R,16,0) -> #N/A | AC64: =VLOOKUP($A64,'raw-schema'!$A:$R,17,0) -> #N/A | AD64: =VLOOKUP($A64,'raw-schema'!$A:$R,18,0) -> #N/A | AF64: 404 링크 (404 Inlinks 시트 참조)
A65: {=INDEX('raw-sheet'!$A$2:$ZZ$1000, ROW(A64), MATCH(A$1, 'raw-sheet'!$A$1:$ZZ$1, 0))} -> https://innisfree-taiwan.myshopify.com/blogs/magazine/{{%20blog.url%20}}/sensitive-skin-care-3-step-routine | C65: {=INDEX('raw-sheet'!$A$2:$ZZ$1000, ROW(C64), MATCH(C$1, 'raw-sheet'!$A$1:$ZZ$1, 0))} -> Blog Page | D65: {=INDEX('raw-sheet'!$A$2:$ZZ$1000, ROW(D64), MATCH(D$1, 'raw-sheet'!$A$1:$ZZ$1, 0))} -> 404 | E65: =IF(D65=200,"Pass","Not") -> Not | F65: {=INDEX('raw-sheet'!$A$2:$ZZ$1000, ROW(F64), MATCH(F$1, 'raw-sheet'!$A$1:$ZZ$1, 0))} -> 0 | H65: {=INDEX('raw-sheet'!$A$2:$ZZ$1000, ROW(H64), MATCH(H$1, 'raw-sheet'!$A$1:$ZZ$1, 0))} -> 0 | J65: {=INDEX('raw-sheet'!$A$2:$ZZ$1000, ROW(J64), MATCH(J$1, 'raw-sheet'!$A$1:$ZZ$1, 0))} -> 0 | K65: {=INDEX('raw-sheet'!$A$2:$ZZ$1000, ROW(K64), MATCH(K$1, 'raw-sheet'!$A$1:$ZZ$1, 0))} -> 0 | M65: {=INDEX('raw-sheet'!$A$2:$ZZ$1000, ROW(M64), MATCH(M$1, 'raw-sheet'!$A$1:$ZZ$1, 0))} -> 0 | N65: =IF(A65=M65,"Pass","Not") -> Not | O65: {=INDEX('raw-sheet'!$A$2:$ZZ$1000, ROW(O64), MATCH(O$1, 'raw-sheet'!$A$1:$ZZ$1, 0))} -> 0 | P65: {=INDEX('raw-sheet'!$A$2:$ZZ$1000, ROW(P64), MATCH(P$1, 'raw-sheet'!$A$1:$ZZ$1, 0))} -> 0 | Q65: {=INDEX('raw-sheet'!$A$2:$ZZ$1000, ROW(Q64), MATCH(Q$1, 'raw-sheet'!$A$1:$ZZ$1, 0))} -> 0 | R65: {=INDEX('raw-sheet'!$A$2:$ZZ$1000, ROW(R64), MATCH(R$1, 'raw-sheet'!$A$1:$ZZ$1, 0))} -> 0 | S65: {=INDEX('raw-sheet'!$A$2:$ZZ$1000, ROW(S64), MATCH(S$1, 'raw-sheet'!$A$1:$ZZ$1, 0))} -> 0 | T65: {=INDEX('raw-sheet'!$A$2:$ZZ$1000, ROW(T64), MATCH(T$1, 'raw-sheet'!$A$1:$ZZ$1, 0))} -> 0 | U65: {=INDEX('raw-sheet'!$A$2:$ZZ$1000, ROW(U64), MATCH(U$1, 'raw-sheet'!$A$1:$ZZ$1, 0))} -> 0 | V65: {=INDEX('raw-sheet'!$A$2:$ZZ$1000, ROW(V64), MATCH(V$1, 'raw-sheet'!$A$1:$ZZ$1, 0))} -> 0 | ... X65: {=INDEX('raw-sheet'!$A$2:$ZZ$1000, ROW(X64), MATCH(X$1, 'raw-sheet'!$A$1:$ZZ$1, 0))} -> 0 | Z65: =VLOOKUP($A65,'raw-schema'!$A:$R,14,0) -> #N/A | AA65: =VLOOKUP($A65,'raw-schema'!$A:$R,15,0) -> #N/A | AB65: =VLOOKUP($A65,'raw-schema'!$A:$R,16,0) -> #N/A | AC65: =VLOOKUP($A65,'raw-schema'!$A:$R,17,0) -> #N/A | AD65: =VLOOKUP($A65,'raw-schema'!$A:$R,18,0) -> #N/A | AF65: 404 링크 (404 Inlinks 시트 참조)
A66: {=INDEX('raw-sheet'!$A$2:$ZZ$1000, ROW(A65), MATCH(A$1, 'raw-sheet'!$A$1:$ZZ$1, 0))} -> https://innisfree-taiwan.myshopify.com/blogs/magazine?page=1 | B66: Pass | C66: {=INDEX('raw-sheet'!$A$2:$ZZ$1000, ROW(C65), MATCH(C$1, 'raw-sheet'!$A$1:$ZZ$1, 0))} -> Blog Page | D66: {=INDEX('raw-sheet'!$A$2:$ZZ$1000, ROW(D65), MATCH(D$1, 'raw-sheet'!$A$1:$ZZ$1, 0))} -> 200 | E66: =IF(D66=200,"Pass","Not") -> Pass | F66: {=INDEX('raw-sheet'!$A$2:$ZZ$1000, ROW(F65), MATCH(F$1, 'raw-sheet'!$A$1:$ZZ$1, 0))} -> 精選文章_x000D_ | INNISFREE Taiwan | G66: Pass | H66: {=INDEX('raw-sheet'!$A$2:$ZZ$1000, ROW(H65), MATCH(H$1, 'raw-sheet'!$A$1:$ZZ$1, 0))} -> 0 | I66: missing | J66: {=INDEX('raw-sheet'!$A$2:$ZZ$1000, ROW(J65), MATCH(J$1, 'raw-sheet'!$A$1:$ZZ$1, 0))} -> 精選文章 | K66: {=INDEX('raw-sheet'!$A$2:$ZZ$1000, ROW(K65), MATCH(K$1, 'raw-sheet'!$A$1:$ZZ$1, 0))} -> 1 | L66: duplicate | M66: {=INDEX('raw-sheet'!$A$2:$ZZ$1000, ROW(M65), MATCH(M$1, 'raw-sheet'!$A$1:$ZZ$1, 0))} -> https://innisfree-taiwan.myshopify.com/blogs/magazine | N66: =IF(A66=M66,"Pass","Not") -> Not | O66: {=INDEX('raw-sheet'!$A$2:$ZZ$1000, ROW(O65), MATCH(O$1, 'raw-sheet'!$A$1:$ZZ$1, 0))} -> 精選文章 | INNISFREE Taiwan | P66: {=INDEX('raw-sheet'!$A$2:$ZZ$1000, ROW(P65), MATCH(P$1, 'raw-sheet'!$A$1:$ZZ$1, 0))} -> innisfree 來自韓國濟州島的No.1自然主義美妝保養品牌，不僅將濟州島清新潔淨的空氣、溫暖和煦的陽光、純淨天然的水源、肥沃健康的土壤、自然純粹的植物養分注入保養品，更為消費者打造健康與美麗。| innisfree Taiwan | Q66: {=INDEX('raw-sheet'!$A$2:$ZZ$1000, ROW(Q65), MATCH(Q$1, 'raw-sheet'!$A$1:$ZZ$1, 0))} -> website | R66: {=INDEX('raw-sheet'!$A$2:$ZZ$1000, ROW(R65), MATCH(R$1, 'raw-sheet'!$A$1:$ZZ$1, 0))} -> INNISFREE Taiwan | S66: {=INDEX('raw-sheet'!$A$2:$ZZ$1000, ROW(S65), MATCH(S$1, 'raw-sheet'!$A$1:$ZZ$1, 0))} -> http://innisfree-taiwan.myshopify.com/cdn/shop/files/logo.png?v=1767594135 | T66: {=INDEX('raw-sheet'!$A$2:$ZZ$1000, ROW(T65), MATCH(T$1, 'raw-sheet'!$A$1:$ZZ$1, 0))} -> https://innisfree-taiwan.myshopify.com/cdn/shop/files/logo.png?v=1767594135 | U66: {=INDEX('raw-sheet'!$A$2:$ZZ$1000, ROW(U65), MATCH(U$1, 'raw-sheet'!$A$1:$ZZ$1, 0))} -> https://innisfree-taiwan.myshopify.com/blogs/magazine | V66: {=INDEX('raw-sheet'!$A$2:$ZZ$1000, ROW(V65), MATCH(V$1, 'raw-sheet'!$A$1:$ZZ$1, 0))} -> 精選文章 | INNISFREE Taiwan | ... X66: {=INDEX('raw-sheet'!$A$2:$ZZ$1000, ROW(X65), MATCH(X$1, 'raw-sheet'!$A$1:$ZZ$1, 0))} -> summary_large_image | Y66: duplicate title duplicate desc. | Z66: =VLOOKUP($A66,'raw-schema'!$A:$R,14,0) -> Organization | AA66: =VLOOKUP($A66,'raw-schema'!$A:$R,15,0) -> 0 | AB66: =VLOOKUP($A66,'raw-schema'!$A:$R,16,0) -> 0 | AC66: =VLOOKUP($A66,'raw-schema'!$A:$R,17,0) -> 0 | AD66: =VLOOKUP($A66,'raw-schema'!$A:$R,18,0) -> 0 | AE66: Schema 보강 필요 (Blog) | AF66: 예외 적용 (Pagination - Canonical)
A67: {=INDEX('raw-sheet'!$A$2:$ZZ$1000, ROW(A66), MATCH(A$1, 'raw-sheet'!$A$1:$ZZ$1, 0))} -> https://innisfree-taiwan.myshopify.com/blogs/magazine?page=2 | B67: Pass | C67: {=INDEX('raw-sheet'!$A$2:$ZZ$1000, ROW(C66), MATCH(C$1, 'raw-sheet'!$A$1:$ZZ$1, 0))} -> Blog Page | D67: {=INDEX('raw-sheet'!$A$2:$ZZ$1000, ROW(D66), MATCH(D$1, 'raw-sheet'!$A$1:$ZZ$1, 0))} -> 200 | E67: =IF(D67=200,"Pass","Not") -> Pass | F67: {=INDEX('raw-sheet'!$A$2:$ZZ$1000, ROW(F66), MATCH(F$1, 'raw-sheet'!$A$1:$ZZ$1, 0))} -> 精選文章_x000D_ – Page 2 | INNISFREE Taiwan | G67: Pass | H67: {=INDEX('raw-sheet'!$A$2:$ZZ$1000, ROW(H66), MATCH(H$1, 'raw-sheet'!$A$1:$ZZ$1, 0))} -> 0 | I67: missing | J67: {=INDEX('raw-sheet'!$A$2:$ZZ$1000, ROW(J66), MATCH(J$1, 'raw-sheet'!$A$1:$ZZ$1, 0))} -> 精選文章 | K67: {=INDEX('raw-sheet'!$A$2:$ZZ$1000, ROW(K66), MATCH(K$1, 'raw-sheet'!$A$1:$ZZ$1, 0))} -> 1 | L67: duplicate | M67: {=INDEX('raw-sheet'!$A$2:$ZZ$1000, ROW(M66), MATCH(M$1, 'raw-sheet'!$A$1:$ZZ$1, 0))} -> https://innisfree-taiwan.myshopify.com/blogs/magazine?page=2 | N67: =IF(A67=M67,"Pass","Not") -> Pass | O67: {=INDEX('raw-sheet'!$A$2:$ZZ$1000, ROW(O66), MATCH(O$1, 'raw-sheet'!$A$1:$ZZ$1, 0))} -> 精選文章 | INNISFREE Taiwan | P67: {=INDEX('raw-sheet'!$A$2:$ZZ$1000, ROW(P66), MATCH(P$1, 'raw-sheet'!$A$1:$ZZ$1, 0))} -> innisfree 來自韓國濟州島的No.1自然主義美妝保養品牌，不僅將濟州島清新潔淨的空氣、溫暖和煦的陽光、純淨天然的水源、肥沃健康的土壤、自然純粹的植物養分注入保養品，更為消費者打造健康與美麗。| innisfree Taiwan | Q67: {=INDEX('raw-sheet'!$A$2:$ZZ$1000, ROW(Q66), MATCH(Q$1, 'raw-sheet'!$A$1:$ZZ$1, 0))} -> website | R67: {=INDEX('raw-sheet'!$A$2:$ZZ$1000, ROW(R66), MATCH(R$1, 'raw-sheet'!$A$1:$ZZ$1, 0))} -> INNISFREE Taiwan | S67: {=INDEX('raw-sheet'!$A$2:$ZZ$1000, ROW(S66), MATCH(S$1, 'raw-sheet'!$A$1:$ZZ$1, 0))} -> http://innisfree-taiwan.myshopify.com/cdn/shop/files/logo.png?v=1767594135 | T67: {=INDEX('raw-sheet'!$A$2:$ZZ$1000, ROW(T66), MATCH(T$1, 'raw-sheet'!$A$1:$ZZ$1, 0))} -> https://innisfree-taiwan.myshopify.com/cdn/shop/files/logo.png?v=1767594135 | U67: {=INDEX('raw-sheet'!$A$2:$ZZ$1000, ROW(U66), MATCH(U$1, 'raw-sheet'!$A$1:$ZZ$1, 0))} -> https://innisfree-taiwan.myshopify.com/blogs/magazine?page=2 | V67: {=INDEX('raw-sheet'!$A$2:$ZZ$1000, ROW(V66), MATCH(V$1, 'raw-sheet'!$A$1:$ZZ$1, 0))} -> 精選文章 | INNISFREE Taiwan | ... X67: {=INDEX('raw-sheet'!$A$2:$ZZ$1000, ROW(X66), MATCH(X$1, 'raw-sheet'!$A$1:$ZZ$1, 0))} -> summary_large_image | Y67: duplicate title duplicate desc. | Z67: =VLOOKUP($A67,'raw-schema'!$A:$R,14,0) -> Organization | AA67: =VLOOKUP($A67,'raw-schema'!$A:$R,15,0) -> 0 | AB67: =VLOOKUP($A67,'raw-schema'!$A:$R,16,0) -> 0 | AC67: =VLOOKUP($A67,'raw-schema'!$A:$R,17,0) -> 0 | AD67: =VLOOKUP($A67,'raw-schema'!$A:$R,18,0) -> 0 | AE67: Schema 보강 필요 (Blog) | AF67: 예외 적용 (Pagination - Canonical)
A68: {=INDEX('raw-sheet'!$A$2:$ZZ$1000, ROW(A67), MATCH(A$1, 'raw-sheet'!$A$1:$ZZ$1, 0))} -> https://innisfree-taiwan.myshopify.com/blogs/magazine?page=3 | B68: Pass | C68: {=INDEX('raw-sheet'!$A$2:$ZZ$1000, ROW(C67), MATCH(C$1, 'raw-sheet'!$A$1:$ZZ$1, 0))} -> Blog Page | D68: {=INDEX('raw-sheet'!$A$2:$ZZ$1000, ROW(D67), MATCH(D$1, 'raw-sheet'!$A$1:$ZZ$1, 0))} -> 200 | E68: =IF(D68=200,"Pass","Not") -> Pass | F68: {=INDEX('raw-sheet'!$A$2:$ZZ$1000, ROW(F67), MATCH(F$1, 'raw-sheet'!$A$1:$ZZ$1, 0))} -> 精選文章_x000D_ – Page 3 | INNISFREE Taiwan | G68: Pass | H68: {=INDEX('raw-sheet'!$A$2:$ZZ$1000, ROW(H67), MATCH(H$1, 'raw-sheet'!$A$1:$ZZ$1, 0))} -> 0 | I68: missing | J68: {=INDEX('raw-sheet'!$A$2:$ZZ$1000, ROW(J67), MATCH(J$1, 'raw-sheet'!$A$1:$ZZ$1, 0))} -> 精選文章 | K68: {=INDEX('raw-sheet'!$A$2:$ZZ$1000, ROW(K67), MATCH(K$1, 'raw-sheet'!$A$1:$ZZ$1, 0))} -> 1 | L68: duplicate | M68: {=INDEX('raw-sheet'!$A$2:$ZZ$1000, ROW(M67), MATCH(M$1, 'raw-sheet'!$A$1:$ZZ$1, 0))} -> https://innisfree-taiwan.myshopify.com/blogs/magazine?page=3 | N68: =IF(A68=M68,"Pass","Not") -> Pass | O68: {=INDEX('raw-sheet'!$A$2:$ZZ$1000, ROW(O67), MATCH(O$1, 'raw-sheet'!$A$1:$ZZ$1, 0))} -> 精選文章 | INNISFREE Taiwan | P68: {=INDEX('raw-sheet'!$A$2:$ZZ$1000, ROW(P67), MATCH(P$1, 'raw-sheet'!$A$1:$ZZ$1, 0))} -> innisfree 來自韓國濟州島的No.1自然主義美妝保養品牌，不僅將濟州島清新潔淨的空氣、溫暖和煦的陽光、純淨天然的水源、肥沃健康的土壤、自然純粹的植物養分注入保養品，更為消費者打造健康與美麗。| innisfree Taiwan | Q68: {=INDEX('raw-sheet'!$A$2:$ZZ$1000, ROW(Q67), MATCH(Q$1, 'raw-sheet'!$A$1:$ZZ$1, 0))} -> website | R68: {=INDEX('raw-sheet'!$A$2:$ZZ$1000, ROW(R67), MATCH(R$1, 'raw-sheet'!$A$1:$ZZ$1, 0))} -> INNISFREE Taiwan | S68: {=INDEX('raw-sheet'!$A$2:$ZZ$1000, ROW(S67), MATCH(S$1, 'raw-sheet'!$A$1:$ZZ$1, 0))} -> http://innisfree-taiwan.myshopify.com/cdn/shop/files/logo.png?v=1767594135 | T68: {=INDEX('raw-sheet'!$A$2:$ZZ$1000, ROW(T67), MATCH(T$1, 'raw-sheet'!$A$1:$ZZ$1, 0))} -> https://innisfree-taiwan.myshopify.com/cdn/shop/files/logo.png?v=1767594135 | U68: {=INDEX('raw-sheet'!$A$2:$ZZ$1000, ROW(U67), MATCH(U$1, 'raw-sheet'!$A$1:$ZZ$1, 0))} -> https://innisfree-taiwan.myshopify.com/blogs/magazine?page=3 | V68: {=INDEX('raw-sheet'!$A$2:$ZZ$1000, ROW(V67), MATCH(V$1, 'raw-sheet'!$A$1:$ZZ$1, 0))} -> 精選文章 | INNISFREE Taiwan | ... X68: {=INDEX('raw-sheet'!$A$2:$ZZ$1000, ROW(X67), MATCH(X$1, 'raw-sheet'!$A$1:$ZZ$1, 0))} -> summary_large_image | Y68: duplicate title duplicate desc. | Z68: =VLOOKUP($A68,'raw-schema'!$A:$R,14,0) -> Organization | AA68: =VLOOKUP($A68,'raw-schema'!$A:$R,15,0) -> 0 | AB68: =VLOOKUP($A68,'raw-schema'!$A:$R,16,0) -> 0 | AC68: =VLOOKUP($A68,'raw-schema'!$A:$R,17,0) -> 0 | AD68: =VLOOKUP($A68,'raw-schema'!$A:$R,18,0) -> 0 | AE68: Schema 보강 필요 (Blog) | AF68: 예외 적용 (Pagination - Canonical)
A69: {=INDEX('raw-sheet'!$A$2:$ZZ$1000, ROW(A68), MATCH(A$1, 'raw-sheet'!$A$1:$ZZ$1, 0))} -> https://innisfree-taiwan.myshopify.com/blogs/notice | B69: Pass | C69: {=INDEX('raw-sheet'!$A$2:$ZZ$1000, ROW(C68), MATCH(C$1, 'raw-sheet'!$A$1:$ZZ$1, 0))} -> Blog Page | D69: {=INDEX('raw-sheet'!$A$2:$ZZ$1000, ROW(D68), MATCH(D$1, 'raw-sheet'!$A$1:$ZZ$1, 0))} -> 200 | E69: =IF(D69=200,"Pass","Not") -> Pass | F69: {=INDEX('raw-sheet'!$A$2:$ZZ$1000, ROW(F68), MATCH(F$1, 'raw-sheet'!$A$1:$ZZ$1, 0))} -> 公告_x000D_ | INNISFREE Taiwan | G69: Pass | H69: {=INDEX('raw-sheet'!$A$2:$ZZ$1000, ROW(H68), MATCH(H$1, 'raw-sheet'!$A$1:$ZZ$1, 0))} -> 0 | I69: missing | J69: {=INDEX('raw-sheet'!$A$2:$ZZ$1000, ROW(J68), MATCH(J$1, 'raw-sheet'!$A$1:$ZZ$1, 0))} -> 公告 | K69: {=INDEX('raw-sheet'!$A$2:$ZZ$1000, ROW(K68), MATCH(K$1, 'raw-sheet'!$A$1:$ZZ$1, 0))} -> 1 | L69: Pass | M69: {=INDEX('raw-sheet'!$A$2:$ZZ$1000, ROW(M68), MATCH(M$1, 'raw-sheet'!$A$1:$ZZ$1, 0))} -> https://innisfree-taiwan.myshopify.com/blogs/notice | N69: =IF(A69=M69,"Pass","Not") -> Pass | O69: {=INDEX('raw-sheet'!$A$2:$ZZ$1000, ROW(O68), MATCH(O$1, 'raw-sheet'!$A$1:$ZZ$1, 0))} -> 公告 | INNISFREE Taiwan | P69: {=INDEX('raw-sheet'!$A$2:$ZZ$1000, ROW(P68), MATCH(P$1, 'raw-sheet'!$A$1:$ZZ$1, 0))} -> innisfree 來自韓國濟州島的No.1自然主義美妝保養品牌，不僅將濟州島清新潔淨的空氣、溫暖和煦的陽光、純淨天然的水源、肥沃健康的土壤、自然純粹的植物養分注入保養品，更為消費者打造健康與美麗。| innisfree Taiwan | Q69: {=INDEX('raw-sheet'!$A$2:$ZZ$1000, ROW(Q68), MATCH(Q$1, 'raw-sheet'!$A$1:$ZZ$1, 0))} -> website | R69: {=INDEX('raw-sheet'!$A$2:$ZZ$1000, ROW(R68), MATCH(R$1, 'raw-sheet'!$A$1:$ZZ$1, 0))} -> INNISFREE Taiwan | S69: {=INDEX('raw-sheet'!$A$2:$ZZ$1000, ROW(S68), MATCH(S$1, 'raw-sheet'!$A$1:$ZZ$1, 0))} -> http://innisfree-taiwan.myshopify.com/cdn/shop/files/logo.png?v=1767594135 | T69: {=INDEX('raw-sheet'!$A$2:$ZZ$1000, ROW(T68), MATCH(T$1, 'raw-sheet'!$A$1:$ZZ$1, 0))} -> https://innisfree-taiwan.myshopify.com/cdn/shop/files/logo.png?v=1767594135 | U69: {=INDEX('raw-sheet'!$A$2:$ZZ$1000, ROW(U68), MATCH(U$1, 'raw-sheet'!$A$1:$ZZ$1, 0))} -> https://innisfree-taiwan.myshopify.com/blogs/notice | V69: {=INDEX('raw-sheet'!$A$2:$ZZ$1000, ROW(V68), MATCH(V$1, 'raw-sheet'!$A$1:$ZZ$1, 0))} -> 公告 | INNISFREE Taiwan | ... X69: {=INDEX('raw-sheet'!$A$2:$ZZ$1000, ROW(X68), MATCH(X$1, 'raw-sheet'!$A$1:$ZZ$1, 0))} -> summary_large_image | Y69: duplicate desc. | Z69: =VLOOKUP($A69,'raw-schema'!$A:$R,14,0) -> Organization | AA69: =VLOOKUP($A69,'raw-schema'!$A:$R,15,0) -> 0 | AB69: =VLOOKUP($A69,'raw-schema'!$A:$R,16,0) -> 0 | AC69: =VLOOKUP($A69,'raw-schema'!$A:$R,17,0) -> 0 | AD69: =VLOOKUP($A69,'raw-schema'!$A:$R,18,0) -> 0 | AE69: Schema 보강 필요 (Blog)
A70: {=INDEX('raw-sheet'!$A$2:$ZZ$1000, ROW(A69), MATCH(A$1, 'raw-sheet'!$A$1:$ZZ$1, 0))} -> https://innisfree-taiwan.myshopify.com/cart | B70: Pass | C70: {=INDEX('raw-sheet'!$A$2:$ZZ$1000, ROW(C69), MATCH(C$1, 'raw-sheet'!$A$1:$ZZ$1, 0))} -> 0 | D70: {=INDEX('raw-sheet'!$A$2:$ZZ$1000, ROW(D69), MATCH(D$1, 'raw-sheet'!$A$1:$ZZ$1, 0))} -> 200 | E70: =IF(D70=200,"Pass","Not") -> Pass | F70: {=INDEX('raw-sheet'!$A$2:$ZZ$1000, ROW(F69), MATCH(F$1, 'raw-sheet'!$A$1:$ZZ$1, 0))} -> 您的購物車_x000D_ | INNISFREE Taiwan | G70: Pass | H70: {=INDEX('raw-sheet'!$A$2:$ZZ$1000, ROW(H69), MATCH(H$1, 'raw-sheet'!$A$1:$ZZ$1, 0))} -> 0 | I70: Pass | J70: {=INDEX('raw-sheet'!$A$2:$ZZ$1000, ROW(J69), MATCH(J$1, 'raw-sheet'!$A$1:$ZZ$1, 0))} -> 購物車 | K70: {=INDEX('raw-sheet'!$A$2:$ZZ$1000, ROW(K69), MATCH(K$1, 'raw-sheet'!$A$1:$ZZ$1, 0))} -> 2 | L70: Pass | M70: {=INDEX('raw-sheet'!$A$2:$ZZ$1000, ROW(M69), MATCH(M$1, 'raw-sheet'!$A$1:$ZZ$1, 0))} -> https://innisfree-taiwan.myshopify.com/cart | N70: =IF(A70=M70,"Pass","Not") -> Pass | O70: {=INDEX('raw-sheet'!$A$2:$ZZ$1000, ROW(O69), MATCH(O$1, 'raw-sheet'!$A$1:$ZZ$1, 0))} -> 您的購物車 | INNISFREE Taiwan | P70: {=INDEX('raw-sheet'!$A$2:$ZZ$1000, ROW(P69), MATCH(P$1, 'raw-sheet'!$A$1:$ZZ$1, 0))} -> innisfree 來自韓國濟州島的No.1自然主義美妝保養品牌，不僅將濟州島清新潔淨的空氣、溫暖和煦的陽光、純淨天然的水源、肥沃健康的土壤、自然純粹的植物養分注入保養品，更為消費者打造健康與美麗。| innisfree Taiwan | Q70: {=INDEX('raw-sheet'!$A$2:$ZZ$1000, ROW(Q69), MATCH(Q$1, 'raw-sheet'!$A$1:$ZZ$1, 0))} -> website | R70: {=INDEX('raw-sheet'!$A$2:$ZZ$1000, ROW(R69), MATCH(R$1, 'raw-sheet'!$A$1:$ZZ$1, 0))} -> INNISFREE Taiwan | S70: {=INDEX('raw-sheet'!$A$2:$ZZ$1000, ROW(S69), MATCH(S$1, 'raw-sheet'!$A$1:$ZZ$1, 0))} -> http://innisfree-taiwan.myshopify.com/cdn/shop/files/logo.png?v=1767594135 | T70: {=INDEX('raw-sheet'!$A$2:$ZZ$1000, ROW(T69), MATCH(T$1, 'raw-sheet'!$A$1:$ZZ$1, 0))} -> https://innisfree-taiwan.myshopify.com/cdn/shop/files/logo.png?v=1767594135 | U70: {=INDEX('raw-sheet'!$A$2:$ZZ$1000, ROW(U69), MATCH(U$1, 'raw-sheet'!$A$1:$ZZ$1, 0))} -> https://innisfree-taiwan.myshopify.com/cart | V70: {=INDEX('raw-sheet'!$A$2:$ZZ$1000, ROW(V69), MATCH(V$1, 'raw-sheet'!$A$1:$ZZ$1, 0))} -> 您的購物車 | INNISFREE Taiwan | ... X70: {=INDEX('raw-sheet'!$A$2:$ZZ$1000, ROW(X69), MATCH(X$1, 'raw-sheet'!$A$1:$ZZ$1, 0))} -> summary_large_image | Y70: Pass | Z70: =VLOOKUP($A70,'raw-schema'!$A:$R,14,0) -> Organization | AA70: =VLOOKUP($A70,'raw-schema'!$A:$R,15,0) -> 0 | AB70: =VLOOKUP($A70,'raw-schema'!$A:$R,16,0) -> 0 | AC70: =VLOOKUP($A70,'raw-schema'!$A:$R,17,0) -> 0 | AD70: =VLOOKUP($A70,'raw-schema'!$A:$R,18,0) -> 0 | AE70: Pass | AF70: 예외 적용 (blocked by robots.txt)
A71: {=INDEX('raw-sheet'!$A$2:$ZZ$1000, ROW(A70), MATCH(A$1, 'raw-sheet'!$A$1:$ZZ$1, 0))} -> https://innisfree-taiwan.myshopify.com/collections/a-alcohol-pdrn-skin-cleansing-series | B71: Pass | C71: {=INDEX('raw-sheet'!$A$2:$ZZ$1000, ROW(C70), MATCH(C$1, 'raw-sheet'!$A$1:$ZZ$1, 0))} -> Product List | D71: {=INDEX('raw-sheet'!$A$2:$ZZ$1000, ROW(D70), MATCH(D$1, 'raw-sheet'!$A$1:$ZZ$1, 0))} -> 200 | E71: =IF(D71=200,"Pass","Not") -> Pass | F71: {=INDEX('raw-sheet'!$A$2:$ZZ$1000, ROW(F70), MATCH(F$1, 'raw-sheet'!$A$1:$ZZ$1, 0))} -> A醇/PDRN淨膚系列_x000D_ | INNISFREE Taiwan | G71: duplicate | H71: {=INDEX('raw-sheet'!$A$2:$ZZ$1000, ROW(H70), MATCH(H$1, 'raw-sheet'!$A$1:$ZZ$1, 0))} -> 0 | I71: missing | J71: {=INDEX('raw-sheet'!$A$2:$ZZ$1000, ROW(J70), MATCH(J$1, 'raw-sheet'!$A$1:$ZZ$1, 0))} -> A醇/PDRN淨膚系列 | K71: {=INDEX('raw-sheet'!$A$2:$ZZ$1000, ROW(K70), MATCH(K$1, 'raw-sheet'!$A$1:$ZZ$1, 0))} -> 1 | L71: duplicate | M71: {=INDEX('raw-sheet'!$A$2:$ZZ$1000, ROW(M70), MATCH(M$1, 'raw-sheet'!$A$1:$ZZ$1, 0))} -> https://innisfree-taiwan.myshopify.com/collections/a-alcohol-pdrn-skin-cleansing-series | N71: =IF(A71=M71,"Pass","Not") -> Pass | O71: {=INDEX('raw-sheet'!$A$2:$ZZ$1000, ROW(O70), MATCH(O$1, 'raw-sheet'!$A$1:$ZZ$1, 0))} -> A醇/PDRN淨膚系列 | INNISFREE Taiwan | P71: {=INDEX('raw-sheet'!$A$2:$ZZ$1000, ROW(P70), MATCH(P$1, 'raw-sheet'!$A$1:$ZZ$1, 0))} -> innisfree 來自韓國濟州島的No.1自然主義美妝保養品牌，不僅將濟州島清新潔淨的空氣、溫暖和煦的陽光、純淨天然的水源、肥沃健康的土壤、自然純粹的植物養分注入保養品，更為消費者打造健康與美麗。| innisfree Taiwan | Q71: {=INDEX('raw-sheet'!$A$2:$ZZ$1000, ROW(Q70), MATCH(Q$1, 'raw-sheet'!$A$1:$ZZ$1, 0))} -> website | R71: {=INDEX('raw-sheet'!$A$2:$ZZ$1000, ROW(R70), MATCH(R$1, 'raw-sheet'!$A$1:$ZZ$1, 0))} -> INNISFREE Taiwan | S71: {=INDEX('raw-sheet'!$A$2:$ZZ$1000, ROW(S70), MATCH(S$1, 'raw-sheet'!$A$1:$ZZ$1, 0))} -> http://innisfree-taiwan.myshopify.com/cdn/shop/files/logo.png?v=1767594135 | T71: {=INDEX('raw-sheet'!$A$2:$ZZ$1000, ROW(T70), MATCH(T$1, 'raw-sheet'!$A$1:$ZZ$1, 0))} -> https://innisfree-taiwan.myshopify.com/cdn/shop/files/logo.png?v=1767594135 | U71: {=INDEX('raw-sheet'!$A$2:$ZZ$1000, ROW(U70), MATCH(U$1, 'raw-sheet'!$A$1:$ZZ$1, 0))} -> https://innisfree-taiwan.myshopify.com/collections/a-alcohol-pdrn-skin-cleansing-series | V71: {=INDEX('raw-sheet'!$A$2:$ZZ$1000, ROW(V70), MATCH(V$1, 'raw-sheet'!$A$1:$ZZ$1, 0))} -> A醇/PDRN淨膚系列 | INNISFREE Taiwan | ... X71: {=INDEX('raw-sheet'!$A$2:$ZZ$1000, ROW(X70), MATCH(X$1, 'raw-sheet'!$A$1:$ZZ$1, 0))} -> summary_large_image | Y71: duplicate title duplicate desc. | Z71: =VLOOKUP($A71,'raw-schema'!$A:$R,14,0) -> Organization | AA71: =VLOOKUP($A71,'raw-schema'!$A:$R,15,0) -> 0 | AB71: =VLOOKUP($A71,'raw-schema'!$A:$R,16,0) -> 0 | AC71: =VLOOKUP($A71,'raw-schema'!$A:$R,17,0) -> 0 | AD71: =VLOOKUP($A71,'raw-schema'!$A:$R,18,0) -> 0 | AE71: Schema 보강 필요 (PLP)
A72: {=INDEX('raw-sheet'!$A$2:$ZZ$1000, ROW(A71), MATCH(A$1, 'raw-sheet'!$A$1:$ZZ$1, 0))} -> https://innisfree-taiwan.myshopify.com/collections/a-alcohol-pdrn-skin-cleansing-series?page=1 | B72: Pass | C72: {=INDEX('raw-sheet'!$A$2:$ZZ$1000, ROW(C71), MATCH(C$1, 'raw-sheet'!$A$1:$ZZ$1, 0))} -> Product List | D72: {=INDEX('raw-sheet'!$A$2:$ZZ$1000, ROW(D71), MATCH(D$1, 'raw-sheet'!$A$1:$ZZ$1, 0))} -> 200 | E72: =IF(D72=200,"Pass","Not") -> Pass | F72: {=INDEX('raw-sheet'!$A$2:$ZZ$1000, ROW(F71), MATCH(F$1, 'raw-sheet'!$A$1:$ZZ$1, 0))} -> A醇/PDRN淨膚系列_x000D_ | INNISFREE Taiwan | G72: Pass | H72: {=INDEX('raw-sheet'!$A$2:$ZZ$1000, ROW(H71), MATCH(H$1, 'raw-sheet'!$A$1:$ZZ$1, 0))} -> 0 | I72: missing | J72: {=INDEX('raw-sheet'!$A$2:$ZZ$1000, ROW(J71), MATCH(J$1, 'raw-sheet'!$A$1:$ZZ$1, 0))} -> A醇/PDRN淨膚系列 | K72: {=INDEX('raw-sheet'!$A$2:$ZZ$1000, ROW(K71), MATCH(K$1, 'raw-sheet'!$A$1:$ZZ$1, 0))} -> 1 | L72: duplicate | M72: {=INDEX('raw-sheet'!$A$2:$ZZ$1000, ROW(M71), MATCH(M$1, 'raw-sheet'!$A$1:$ZZ$1, 0))} -> https://innisfree-taiwan.myshopify.com/collections/a-alcohol-pdrn-skin-cleansing-series | N72: =IF(A72=M72,"Pass","Not") -> Not | O72: {=INDEX('raw-sheet'!$A$2:$ZZ$1000, ROW(O71), MATCH(O$1, 'raw-sheet'!$A$1:$ZZ$1, 0))} -> A醇/PDRN淨膚系列 | INNISFREE Taiwan | P72: {=INDEX('raw-sheet'!$A$2:$ZZ$1000, ROW(P71), MATCH(P$1, 'raw-sheet'!$A$1:$ZZ$1, 0))} -> innisfree 來自韓國濟州島的No.1自然主義美妝保養品牌，不僅將濟州島清新潔淨的空氣、溫暖和煦的陽光、純淨天然的水源、肥沃健康的土壤、自然純粹的植物養分注入保養品，更為消費者打造健康與美麗。| innisfree Taiwan | Q72: {=INDEX('raw-sheet'!$A$2:$ZZ$1000, ROW(Q71), MATCH(Q$1, 'raw-sheet'!$A$1:$ZZ$1, 0))} -> website | R72: {=INDEX('raw-sheet'!$A$2:$ZZ$1000, ROW(R71), MATCH(R$1, 'raw-sheet'!$A$1:$ZZ$1, 0))} -> INNISFREE Taiwan | S72: {=INDEX('raw-sheet'!$A$2:$ZZ$1000, ROW(S71), MATCH(S$1, 'raw-sheet'!$A$1:$ZZ$1, 0))} -> http://innisfree-taiwan.myshopify.com/cdn/shop/files/logo.png?v=1767594135 | T72: {=INDEX('raw-sheet'!$A$2:$ZZ$1000, ROW(T71), MATCH(T$1, 'raw-sheet'!$A$1:$ZZ$1, 0))} -> https://innisfree-taiwan.myshopify.com/cdn/shop/files/logo.png?v=1767594135 | U72: {=INDEX('raw-sheet'!$A$2:$ZZ$1000, ROW(U71), MATCH(U$1, 'raw-sheet'!$A$1:$ZZ$1, 0))} -> https://innisfree-taiwan.myshopify.com/collections/a-alcohol-pdrn-skin-cleansing-series | V72: {=INDEX('raw-sheet'!$A$2:$ZZ$1000, ROW(V71), MATCH(V$1, 'raw-sheet'!$A$1:$ZZ$1, 0))} -> A醇/PDRN淨膚系列 | INNISFREE Taiwan | ... X72: {=INDEX('raw-sheet'!$A$2:$ZZ$1000, ROW(X71), MATCH(X$1, 'raw-sheet'!$A$1:$ZZ$1, 0))} -> summary_large_image | Y72: duplicate title duplicate desc. | Z72: =VLOOKUP($A72,'raw-schema'!$A:$R,14,0) -> Organization | AA72: =VLOOKUP($A72,'raw-schema'!$A:$R,15,0) -> 0 | AB72: =VLOOKUP($A72,'raw-schema'!$A:$R,16,0) -> 0 | AC72: =VLOOKUP($A72,'raw-schema'!$A:$R,17,0) -> 0 | AD72: =VLOOKUP($A72,'raw-schema'!$A:$R,18,0) -> 0 | AE72: Schema 보강 필요 (PLP) | AF72: 예외 적용 (Pagination - Canonical)
A73: {=INDEX('raw-sheet'!$A$2:$ZZ$1000, ROW(A72), MATCH(A$1, 'raw-sheet'!$A$1:$ZZ$1, 0))} -> https://innisfree-taiwan.myshopify.com/collections/a-alcohol-pdrn-skin-cleansing-series?page=2 | B73: Pass | C73: {=INDEX('raw-sheet'!$A$2:$ZZ$1000, ROW(C72), MATCH(C$1, 'raw-sheet'!$A$1:$ZZ$1, 0))} -> Product List | D73: {=INDEX('raw-sheet'!$A$2:$ZZ$1000, ROW(D72), MATCH(D$1, 'raw-sheet'!$A$1:$ZZ$1, 0))} -> 200 | E73: =IF(D73=200,"Pass","Not") -> Pass | F73: {=INDEX('raw-sheet'!$A$2:$ZZ$1000, ROW(F72), MATCH(F$1, 'raw-sheet'!$A$1:$ZZ$1, 0))} -> A醇/PDRN淨膚系列_x000D_ – Page 2 | INNISFREE Taiwan | G73: Pass | H73: {=INDEX('raw-sheet'!$A$2:$ZZ$1000, ROW(H72), MATCH(H$1, 'raw-sheet'!$A$1:$ZZ$1, 0))} -> 0 | I73: missing | J73: {=INDEX('raw-sheet'!$A$2:$ZZ$1000, ROW(J72), MATCH(J$1, 'raw-sheet'!$A$1:$ZZ$1, 0))} -> A醇/PDRN淨膚系列 | K73: {=INDEX('raw-sheet'!$A$2:$ZZ$1000, ROW(K72), MATCH(K$1, 'raw-sheet'!$A$1:$ZZ$1, 0))} -> 1 | L73: duplicate | M73: {=INDEX('raw-sheet'!$A$2:$ZZ$1000, ROW(M72), MATCH(M$1, 'raw-sheet'!$A$1:$ZZ$1, 0))} -> https://innisfree-taiwan.myshopify.com/collections/a-alcohol-pdrn-skin-cleansing-series?page=2 | N73: =IF(A73=M73,"Pass","Not") -> Pass | O73: {=INDEX('raw-sheet'!$A$2:$ZZ$1000, ROW(O72), MATCH(O$1, 'raw-sheet'!$A$1:$ZZ$1, 0))} -> A醇/PDRN淨膚系列 | INNISFREE Taiwan | P73: {=INDEX('raw-sheet'!$A$2:$ZZ$1000, ROW(P72), MATCH(P$1, 'raw-sheet'!$A$1:$ZZ$1, 0))} -> innisfree 來自韓國濟州島的No.1自然主義美妝保養品牌，不僅將濟州島清新潔淨的空氣、溫暖和煦的陽光、純淨天然的水源、肥沃健康的土壤、自然純粹的植物養分注入保養品，更為消費者打造健康與美麗。| innisfree Taiwan | Q73: {=INDEX('raw-sheet'!$A$2:$ZZ$1000, ROW(Q72), MATCH(Q$1, 'raw-sheet'!$A$1:$ZZ$1, 0))} -> website | R73: {=INDEX('raw-sheet'!$A$2:$ZZ$1000, ROW(R72), MATCH(R$1, 'raw-sheet'!$A$1:$ZZ$1, 0))} -> INNISFREE Taiwan | S73: {=INDEX('raw-sheet'!$A$2:$ZZ$1000, ROW(S72), MATCH(S$1, 'raw-sheet'!$A$1:$ZZ$1, 0))} -> http://innisfree-taiwan.myshopify.com/cdn/shop/files/logo.png?v=1767594135 | T73: {=INDEX('raw-sheet'!$A$2:$ZZ$1000, ROW(T72), MATCH(T$1, 'raw-sheet'!$A$1:$ZZ$1, 0))} -> https://innisfree-taiwan.myshopify.com/cdn/shop/files/logo.png?v=1767594135 | U73: {=INDEX('raw-sheet'!$A$2:$ZZ$1000, ROW(U72), MATCH(U$1, 'raw-sheet'!$A$1:$ZZ$1, 0))} -> https://innisfree-taiwan.myshopify.com/collections/a-alcohol-pdrn-skin-cleansing-series?page=2 | V73: {=INDEX('raw-sheet'!$A$2:$ZZ$1000, ROW(V72), MATCH(V$1, 'raw-sheet'!$A$1:$ZZ$1, 0))} -> A醇/PDRN淨膚系列 | INNISFREE Taiwan | ... X73: {=INDEX('raw-sheet'!$A$2:$ZZ$1000, ROW(X72), MATCH(X$1, 'raw-sheet'!$A$1:$ZZ$1, 0))} -> summary_large_image | Y73: duplicate title duplicate desc. | Z73: =VLOOKUP($A73,'raw-schema'!$A:$R,14,0) -> Organization | AA73: =VLOOKUP($A73,'raw-schema'!$A:$R,15,0) -> 0 | AB73: =VLOOKUP($A73,'raw-schema'!$A:$R,16,0) -> 0 | AC73: =VLOOKUP($A73,'raw-schema'!$A:$R,17,0) -> 0 | AD73: =VLOOKUP($A73,'raw-schema'!$A:$R,18,0) -> 0 | AE73: Schema 보강 필요 (PLP) | AF73: 예외 적용 (Pagination - Canonical)
A74: {=INDEX('raw-sheet'!$A$2:$ZZ$1000, ROW(A73), MATCH(A$1, 'raw-sheet'!$A$1:$ZZ$1, 0))} -> https://innisfree-taiwan.myshopify.com/collections/a-alcohol-pdrn-skin-cleansing-series?page=3 | B74: Pass | C74: {=INDEX('raw-sheet'!$A$2:$ZZ$1000, ROW(C73), MATCH(C$1, 'raw-sheet'!$A$1:$ZZ$1, 0))} -> Product List | D74: {=INDEX('raw-sheet'!$A$2:$ZZ$1000, ROW(D73), MATCH(D$1, 'raw-sheet'!$A$1:$ZZ$1, 0))} -> 200 | E74: =IF(D74=200,"Pass","Not") -> Pass | F74: {=INDEX('raw-sheet'!$A$2:$ZZ$1000, ROW(F73), MATCH(F$1, 'raw-sheet'!$A$1:$ZZ$1, 0))} -> A醇/PDRN淨膚系列_x000D_ – Page 3 | INNISFREE Taiwan | G74: Pass | H74: {=INDEX('raw-sheet'!$A$2:$ZZ$1000, ROW(H73), MATCH(H$1, 'raw-sheet'!$A$1:$ZZ$1, 0))} -> 0 | I74: missing | J74: {=INDEX('raw-sheet'!$A$2:$ZZ$1000, ROW(J73), MATCH(J$1, 'raw-sheet'!$A$1:$ZZ$1, 0))} -> A醇/PDRN淨膚系列 | K74: {=INDEX('raw-sheet'!$A$2:$ZZ$1000, ROW(K73), MATCH(K$1, 'raw-sheet'!$A$1:$ZZ$1, 0))} -> 1 | L74: duplicate | M74: {=INDEX('raw-sheet'!$A$2:$ZZ$1000, ROW(M73), MATCH(M$1, 'raw-sheet'!$A$1:$ZZ$1, 0))} -> https://innisfree-taiwan.myshopify.com/collections/a-alcohol-pdrn-skin-cleansing-series?page=3 | N74: =IF(A74=M74,"Pass","Not") -> Pass | O74: {=INDEX('raw-sheet'!$A$2:$ZZ$1000, ROW(O73), MATCH(O$1, 'raw-sheet'!$A$1:$ZZ$1, 0))} -> A醇/PDRN淨膚系列 | INNISFREE Taiwan | P74: {=INDEX('raw-sheet'!$A$2:$ZZ$1000, ROW(P73), MATCH(P$1, 'raw-sheet'!$A$1:$ZZ$1, 0))} -> innisfree 來自韓國濟州島的No.1自然主義美妝保養品牌，不僅將濟州島清新潔淨的空氣、溫暖和煦的陽光、純淨天然的水源、肥沃健康的土壤、自然純粹的植物養分注入保養品，更為消費者打造健康與美麗。| innisfree Taiwan | Q74: {=INDEX('raw-sheet'!$A$2:$ZZ$1000, ROW(Q73), MATCH(Q$1, 'raw-sheet'!$A$1:$ZZ$1, 0))} -> website | R74: {=INDEX('raw-sheet'!$A$2:$ZZ$1000, ROW(R73), MATCH(R$1, 'raw-sheet'!$A$1:$ZZ$1, 0))} -> INNISFREE Taiwan | S74: {=INDEX('raw-sheet'!$A$2:$ZZ$1000, ROW(S73), MATCH(S$1, 'raw-sheet'!$A$1:$ZZ$1, 0))} -> http://innisfree-taiwan.myshopify.com/cdn/shop/files/logo.png?v=1767594135 | T74: {=INDEX('raw-sheet'!$A$2:$ZZ$1000, ROW(T73), MATCH(T$1, 'raw-sheet'!$A$1:$ZZ$1, 0))} -> https://innisfree-taiwan.myshopify.com/cdn/shop/files/logo.png?v=1767594135 | U74: {=INDEX('raw-sheet'!$A$2:$ZZ$1000, ROW(U73), MATCH(U$1, 'raw-sheet'!$A$1:$ZZ$1, 0))} -> https://innisfree-taiwan.myshopify.com/collections/a-alcohol-pdrn-skin-cleansing-series?page=3 | V74: {=INDEX('raw-sheet'!$A$2:$ZZ$1000, ROW(V73), MATCH(V$1, 'raw-sheet'!$A$1:$ZZ$1, 0))} -> A醇/PDRN淨膚系列 | INNISFREE Taiwan | ... X74: {=INDEX('raw-sheet'!$A$2:$ZZ$1000, ROW(X73), MATCH(X$1, 'raw-sheet'!$A$1:$ZZ$1, 0))} -> summary_large_image | Y74: duplicate title duplicate desc. | Z74: =VLOOKUP($A74,'raw-schema'!$A:$R,14,0) -> Organization | AA74: =VLOOKUP($A74,'raw-schema'!$A:$R,15,0) -> 0 | AB74: =VLOOKUP($A74,'raw-schema'!$A:$R,16,0) -> 0 | AC74: =VLOOKUP($A74,'raw-schema'!$A:$R,17,0) -> 0 | AD74: =VLOOKUP($A74,'raw-schema'!$A:$R,18,0) -> 0 | AE74: Schema 보강 필요 (PLP) | AF74: 예외 적용 (Pagination - Canonical)
A75: {=INDEX('raw-sheet'!$A$2:$ZZ$1000, ROW(A74), MATCH(A$1, 'raw-sheet'!$A$1:$ZZ$1, 0))} -> https://innisfree-taiwan.myshopify.com/collections/all | B75: Pass | C75: {=INDEX('raw-sheet'!$A$2:$ZZ$1000, ROW(C74), MATCH(C$1, 'raw-sheet'!$A$1:$ZZ$1, 0))} -> Product List | D75: {=INDEX('raw-sheet'!$A$2:$ZZ$1000, ROW(D74), MATCH(D$1, 'raw-sheet'!$A$1:$ZZ$1, 0))} -> 200 | E75: =IF(D75=200,"Pass","Not") -> Pass | F75: {=INDEX('raw-sheet'!$A$2:$ZZ$1000, ROW(F74), MATCH(F$1, 'raw-sheet'!$A$1:$ZZ$1, 0))} -> ALL_x000D_ | INNISFREE Taiwan | G75: duplicate | H75: {=INDEX('raw-sheet'!$A$2:$ZZ$1000, ROW(H74), MATCH(H$1, 'raw-sheet'!$A$1:$ZZ$1, 0))} -> 0 | I75: missing | J75: {=INDEX('raw-sheet'!$A$2:$ZZ$1000, ROW(J74), MATCH(J$1, 'raw-sheet'!$A$1:$ZZ$1, 0))} -> ALL | K75: {=INDEX('raw-sheet'!$A$2:$ZZ$1000, ROW(K74), MATCH(K$1, 'raw-sheet'!$A$1:$ZZ$1, 0))} -> 1 | L75: duplicate | M75: {=INDEX('raw-sheet'!$A$2:$ZZ$1000, ROW(M74), MATCH(M$1, 'raw-sheet'!$A$1:$ZZ$1, 0))} -> https://innisfree-taiwan.myshopify.com/collections/all | N75: =IF(A75=M75,"Pass","Not") -> Pass | O75: {=INDEX('raw-sheet'!$A$2:$ZZ$1000, ROW(O74), MATCH(O$1, 'raw-sheet'!$A$1:$ZZ$1, 0))} -> ALL | INNISFREE Taiwan | P75: {=INDEX('raw-sheet'!$A$2:$ZZ$1000, ROW(P74), MATCH(P$1, 'raw-sheet'!$A$1:$ZZ$1, 0))} -> innisfree 來自韓國濟州島的No.1自然主義美妝保養品牌，不僅將濟州島清新潔淨的空氣、溫暖和煦的陽光、純淨天然的水源、肥沃健康的土壤、自然純粹的植物養分注入保養品，更為消費者打造健康與美麗。| innisfree Taiwan | Q75: {=INDEX('raw-sheet'!$A$2:$ZZ$1000, ROW(Q74), MATCH(Q$1, 'raw-sheet'!$A$1:$ZZ$1, 0))} -> website | R75: {=INDEX('raw-sheet'!$A$2:$ZZ$1000, ROW(R74), MATCH(R$1, 'raw-sheet'!$A$1:$ZZ$1, 0))} -> INNISFREE Taiwan | S75: {=INDEX('raw-sheet'!$A$2:$ZZ$1000, ROW(S74), MATCH(S$1, 'raw-sheet'!$A$1:$ZZ$1, 0))} -> http://innisfree-taiwan.myshopify.com/cdn/shop/files/logo.png?v=1767594135 | T75: {=INDEX('raw-sheet'!$A$2:$ZZ$1000, ROW(T74), MATCH(T$1, 'raw-sheet'!$A$1:$ZZ$1, 0))} -> https://innisfree-taiwan.myshopify.com/cdn/shop/files/logo.png?v=1767594135 | U75: {=INDEX('raw-sheet'!$A$2:$ZZ$1000, ROW(U74), MATCH(U$1, 'raw-sheet'!$A$1:$ZZ$1, 0))} -> https://innisfree-taiwan.myshopify.com/collections/all | V75: {=INDEX('raw-sheet'!$A$2:$ZZ$1000, ROW(V74), MATCH(V$1, 'raw-sheet'!$A$1:$ZZ$1, 0))} -> ALL | INNISFREE Taiwan | ... X75: {=INDEX('raw-sheet'!$A$2:$ZZ$1000, ROW(X74), MATCH(X$1, 'raw-sheet'!$A$1:$ZZ$1, 0))} -> summary_large_image | Y75: duplicate title duplicate desc. | Z75: =VLOOKUP($A75,'raw-schema'!$A:$R,14,0) -> Organization | AA75: =VLOOKUP($A75,'raw-schema'!$A:$R,15,0) -> 0 | AB75: =VLOOKUP($A75,'raw-schema'!$A:$R,16,0) -> 0 | AC75: =VLOOKUP($A75,'raw-schema'!$A:$R,17,0) -> 0 | AD75: =VLOOKUP($A75,'raw-schema'!$A:$R,18,0) -> 0 | AE75: Schema 보강 필요 (PLP)
A76: {=INDEX('raw-sheet'!$A$2:$ZZ$1000, ROW(A75), MATCH(A$1, 'raw-sheet'!$A$1:$ZZ$1, 0))} -> https://innisfree-taiwan.myshopify.com/collections/all?page=1 | B76: Pass | C76: {=INDEX('raw-sheet'!$A$2:$ZZ$1000, ROW(C75), MATCH(C$1, 'raw-sheet'!$A$1:$ZZ$1, 0))} -> Product List | D76: {=INDEX('raw-sheet'!$A$2:$ZZ$1000, ROW(D75), MATCH(D$1, 'raw-sheet'!$A$1:$ZZ$1, 0))} -> 200 | E76: =IF(D76=200,"Pass","Not") -> Pass | F76: {=INDEX('raw-sheet'!$A$2:$ZZ$1000, ROW(F75), MATCH(F$1, 'raw-sheet'!$A$1:$ZZ$1, 0))} -> ALL_x000D_ | INNISFREE Taiwan | G76: Pass | H76: {=INDEX('raw-sheet'!$A$2:$ZZ$1000, ROW(H75), MATCH(H$1, 'raw-sheet'!$A$1:$ZZ$1, 0))} -> 0 | I76: missing | J76: {=INDEX('raw-sheet'!$A$2:$ZZ$1000, ROW(J75), MATCH(J$1, 'raw-sheet'!$A$1:$ZZ$1, 0))} -> ALL | K76: {=INDEX('raw-sheet'!$A$2:$ZZ$1000, ROW(K75), MATCH(K$1, 'raw-sheet'!$A$1:$ZZ$1, 0))} -> 1 | L76: duplicate | M76: {=INDEX('raw-sheet'!$A$2:$ZZ$1000, ROW(M75), MATCH(M$1, 'raw-sheet'!$A$1:$ZZ$1, 0))} -> https://innisfree-taiwan.myshopify.com/collections/all | N76: =IF(A76=M76,"Pass","Not") -> Not | O76: {=INDEX('raw-sheet'!$A$2:$ZZ$1000, ROW(O75), MATCH(O$1, 'raw-sheet'!$A$1:$ZZ$1, 0))} -> ALL | INNISFREE Taiwan | P76: {=INDEX('raw-sheet'!$A$2:$ZZ$1000, ROW(P75), MATCH(P$1, 'raw-sheet'!$A$1:$ZZ$1, 0))} -> innisfree 來自韓國濟州島的No.1自然主義美妝保養品牌，不僅將濟州島清新潔淨的空氣、溫暖和煦的陽光、純淨天然的水源、肥沃健康的土壤、自然純粹的植物養分注入保養品，更為消費者打造健康與美麗。| innisfree Taiwan | Q76: {=INDEX('raw-sheet'!$A$2:$ZZ$1000, ROW(Q75), MATCH(Q$1, 'raw-sheet'!$A$1:$ZZ$1, 0))} -> website | R76: {=INDEX('raw-sheet'!$A$2:$ZZ$1000, ROW(R75), MATCH(R$1, 'raw-sheet'!$A$1:$ZZ$1, 0))} -> INNISFREE Taiwan | S76: {=INDEX('raw-sheet'!$A$2:$ZZ$1000, ROW(S75), MATCH(S$1, 'raw-sheet'!$A$1:$ZZ$1, 0))} -> http://innisfree-taiwan.myshopify.com/cdn/shop/files/logo.png?v=1767594135 | T76: {=INDEX('raw-sheet'!$A$2:$ZZ$1000, ROW(T75), MATCH(T$1, 'raw-sheet'!$A$1:$ZZ$1, 0))} -> https://innisfree-taiwan.myshopify.com/cdn/shop/files/logo.png?v=1767594135 | U76: {=INDEX('raw-sheet'!$A$2:$ZZ$1000, ROW(U75), MATCH(U$1, 'raw-sheet'!$A$1:$ZZ$1, 0))} -> https://innisfree-taiwan.myshopify.com/collections/all | V76: {=INDEX('raw-sheet'!$A$2:$ZZ$1000, ROW(V75), MATCH(V$1, 'raw-sheet'!$A$1:$ZZ$1, 0))} -> ALL | INNISFREE Taiwan | ... X76: {=INDEX('raw-sheet'!$A$2:$ZZ$1000, ROW(X75), MATCH(X$1, 'raw-sheet'!$A$1:$ZZ$1, 0))} -> summary_large_image | Y76: duplicate title duplicate desc. | Z76: =VLOOKUP($A76,'raw-schema'!$A:$R,14,0) -> Organization | AA76: =VLOOKUP($A76,'raw-schema'!$A:$R,15,0) -> 0 | AB76: =VLOOKUP($A76,'raw-schema'!$A:$R,16,0) -> 0 | AC76: =VLOOKUP($A76,'raw-schema'!$A:$R,17,0) -> 0 | AD76: =VLOOKUP($A76,'raw-schema'!$A:$R,18,0) -> 0 | AE76: Schema 보강 필요 (PLP) | AF76: 예외 적용 (Pagination - Canonical)
A77: {=INDEX('raw-sheet'!$A$2:$ZZ$1000, ROW(A76), MATCH(A$1, 'raw-sheet'!$A$1:$ZZ$1, 0))} -> https://innisfree-taiwan.myshopify.com/collections/all?page=10 | B77: Pass | C77: {=INDEX('raw-sheet'!$A$2:$ZZ$1000, ROW(C76), MATCH(C$1, 'raw-sheet'!$A$1:$ZZ$1, 0))} -> Product List | D77: {=INDEX('raw-sheet'!$A$2:$ZZ$1000, ROW(D76), MATCH(D$1, 'raw-sheet'!$A$1:$ZZ$1, 0))} -> 200 | E77: =IF(D77=200,"Pass","Not") -> Pass | F77: {=INDEX('raw-sheet'!$A$2:$ZZ$1000, ROW(F76), MATCH(F$1, 'raw-sheet'!$A$1:$ZZ$1, 0))} -> ALL_x000D_ – Page 10 | INNISFREE Taiwan | G77: Pass | H77: {=INDEX('raw-sheet'!$A$2:$ZZ$1000, ROW(H76), MATCH(H$1, 'raw-sheet'!$A$1:$ZZ$1, 0))} -> 0 | I77: missing | J77: {=INDEX('raw-sheet'!$A$2:$ZZ$1000, ROW(J76), MATCH(J$1, 'raw-sheet'!$A$1:$ZZ$1, 0))} -> ALL | K77: {=INDEX('raw-sheet'!$A$2:$ZZ$1000, ROW(K76), MATCH(K$1, 'raw-sheet'!$A$1:$ZZ$1, 0))} -> 1 | L77: duplicate | M77: {=INDEX('raw-sheet'!$A$2:$ZZ$1000, ROW(M76), MATCH(M$1, 'raw-sheet'!$A$1:$ZZ$1, 0))} -> https://innisfree-taiwan.myshopify.com/collections/all?page=10 | N77: =IF(A77=M77,"Pass","Not") -> Pass | O77: {=INDEX('raw-sheet'!$A$2:$ZZ$1000, ROW(O76), MATCH(O$1, 'raw-sheet'!$A$1:$ZZ$1, 0))} -> ALL | INNISFREE Taiwan | P77: {=INDEX('raw-sheet'!$A$2:$ZZ$1000, ROW(P76), MATCH(P$1, 'raw-sheet'!$A$1:$ZZ$1, 0))} -> innisfree 來自韓國濟州島的No.1自然主義美妝保養品牌，不僅將濟州島清新潔淨的空氣、溫暖和煦的陽光、純淨天然的水源、肥沃健康的土壤、自然純粹的植物養分注入保養品，更為消費者打造健康與美麗。| innisfree Taiwan | Q77: {=INDEX('raw-sheet'!$A$2:$ZZ$1000, ROW(Q76), MATCH(Q$1, 'raw-sheet'!$A$1:$ZZ$1, 0))} -> website | R77: {=INDEX('raw-sheet'!$A$2:$ZZ$1000, ROW(R76), MATCH(R$1, 'raw-sheet'!$A$1:$ZZ$1, 0))} -> INNISFREE Taiwan | S77: {=INDEX('raw-sheet'!$A$2:$ZZ$1000, ROW(S76), MATCH(S$1, 'raw-sheet'!$A$1:$ZZ$1, 0))} -> http://innisfree-taiwan.myshopify.com/cdn/shop/files/logo.png?v=1767594135 | T77: {=INDEX('raw-sheet'!$A$2:$ZZ$1000, ROW(T76), MATCH(T$1, 'raw-sheet'!$A$1:$ZZ$1, 0))} -> https://innisfree-taiwan.myshopify.com/cdn/shop/files/logo.png?v=1767594135 | U77: {=INDEX('raw-sheet'!$A$2:$ZZ$1000, ROW(U76), MATCH(U$1, 'raw-sheet'!$A$1:$ZZ$1, 0))} -> https://innisfree-taiwan.myshopify.com/collections/all?page=10 | V77: {=INDEX('raw-sheet'!$A$2:$ZZ$1000, ROW(V76), MATCH(V$1, 'raw-sheet'!$A$1:$ZZ$1, 0))} -> ALL | INNISFREE Taiwan | ... X77: {=INDEX('raw-sheet'!$A$2:$ZZ$1000, ROW(X76), MATCH(X$1, 'raw-sheet'!$A$1:$ZZ$1, 0))} -> summary_large_image | Y77: duplicate title duplicate desc. | Z77: =VLOOKUP($A77,'raw-schema'!$A:$R,14,0) -> Organization | AA77: =VLOOKUP($A77,'raw-schema'!$A:$R,15,0) -> 0 | AB77: =VLOOKUP($A77,'raw-schema'!$A:$R,16,0) -> 0 | AC77: =VLOOKUP($A77,'raw-schema'!$A:$R,17,0) -> 0 | AD77: =VLOOKUP($A77,'raw-schema'!$A:$R,18,0) -> 0 | AE77: Schema 보강 필요 (PLP) | AF77: 예외 적용 (Pagination - Canonical)
A78: {=INDEX('raw-sheet'!$A$2:$ZZ$1000, ROW(A77), MATCH(A$1, 'raw-sheet'!$A$1:$ZZ$1, 0))} -> https://innisfree-taiwan.myshopify.com/collections/all?page=11 | B78: Pass | C78: {=INDEX('raw-sheet'!$A$2:$ZZ$1000, ROW(C77), MATCH(C$1, 'raw-sheet'!$A$1:$ZZ$1, 0))} -> Product List | D78: {=INDEX('raw-sheet'!$A$2:$ZZ$1000, ROW(D77), MATCH(D$1, 'raw-sheet'!$A$1:$ZZ$1, 0))} -> 200 | E78: =IF(D78=200,"Pass","Not") -> Pass | F78: {=INDEX('raw-sheet'!$A$2:$ZZ$1000, ROW(F77), MATCH(F$1, 'raw-sheet'!$A$1:$ZZ$1, 0))} -> ALL_x000D_ – Page 11 | INNISFREE Taiwan | G78: Pass | H78: {=INDEX('raw-sheet'!$A$2:$ZZ$1000, ROW(H77), MATCH(H$1, 'raw-sheet'!$A$1:$ZZ$1, 0))} -> 0 | I78: missing | J78: {=INDEX('raw-sheet'!$A$2:$ZZ$1000, ROW(J77), MATCH(J$1, 'raw-sheet'!$A$1:$ZZ$1, 0))} -> ALL | K78: {=INDEX('raw-sheet'!$A$2:$ZZ$1000, ROW(K77), MATCH(K$1, 'raw-sheet'!$A$1:$ZZ$1, 0))} -> 1 | L78: duplicate | M78: {=INDEX('raw-sheet'!$A$2:$ZZ$1000, ROW(M77), MATCH(M$1, 'raw-sheet'!$A$1:$ZZ$1, 0))} -> https://innisfree-taiwan.myshopify.com/collections/all?page=11 | N78: =IF(A78=M78,"Pass","Not") -> Pass | O78: {=INDEX('raw-sheet'!$A$2:$ZZ$1000, ROW(O77), MATCH(O$1, 'raw-sheet'!$A$1:$ZZ$1, 0))} -> ALL | INNISFREE Taiwan | P78: {=INDEX('raw-sheet'!$A$2:$ZZ$1000, ROW(P77), MATCH(P$1, 'raw-sheet'!$A$1:$ZZ$1, 0))} -> innisfree 來自韓國濟州島的No.1自然主義美妝保養品牌，不僅將濟州島清新潔淨的空氣、溫暖和煦的陽光、純淨天然的水源、肥沃健康的土壤、自然純粹的植物養分注入保養品，更為消費者打造健康與美麗。| innisfree Taiwan | Q78: {=INDEX('raw-sheet'!$A$2:$ZZ$1000, ROW(Q77), MATCH(Q$1, 'raw-sheet'!$A$1:$ZZ$1, 0))} -> website | R78: {=INDEX('raw-sheet'!$A$2:$ZZ$1000, ROW(R77), MATCH(R$1, 'raw-sheet'!$A$1:$ZZ$1, 0))} -> INNISFREE Taiwan | S78: {=INDEX('raw-sheet'!$A$2:$ZZ$1000, ROW(S77), MATCH(S$1, 'raw-sheet'!$A$1:$ZZ$1, 0))} -> http://innisfree-taiwan.myshopify.com/cdn/shop/files/logo.png?v=1767594135 | T78: {=INDEX('raw-sheet'!$A$2:$ZZ$1000, ROW(T77), MATCH(T$1, 'raw-sheet'!$A$1:$ZZ$1, 0))} -> https://innisfree-taiwan.myshopify.com/cdn/shop/files/logo.png?v=1767594135 | U78: {=INDEX('raw-sheet'!$A$2:$ZZ$1000, ROW(U77), MATCH(U$1, 'raw-sheet'!$A$1:$ZZ$1, 0))} -> https://innisfree-taiwan.myshopify.com/collections/all?page=11 | V78: {=INDEX('raw-sheet'!$A$2:$ZZ$1000, ROW(V77), MATCH(V$1, 'raw-sheet'!$A$1:$ZZ$1, 0))} -> ALL | INNISFREE Taiwan | ... X78: {=INDEX('raw-sheet'!$A$2:$ZZ$1000, ROW(X77), MATCH(X$1, 'raw-sheet'!$A$1:$ZZ$1, 0))} -> summary_large_image | Y78: duplicate title duplicate desc. | Z78: =VLOOKUP($A78,'raw-schema'!$A:$R,14,0) -> Organization | AA78: =VLOOKUP($A78,'raw-schema'!$A:$R,15,0) -> 0 | AB78: =VLOOKUP($A78,'raw-schema'!$A:$R,16,0) -> 0 | AC78: =VLOOKUP($A78,'raw-schema'!$A:$R,17,0) -> 0 | AD78: =VLOOKUP($A78,'raw-schema'!$A:$R,18,0) -> 0 | AE78: Schema 보강 필요 (PLP) | AF78: 예외 적용 (Pagination - Canonical)
A79: {=INDEX('raw-sheet'!$A$2:$ZZ$1000, ROW(A78), MATCH(A$1, 'raw-sheet'!$A$1:$ZZ$1, 0))} -> https://innisfree-taiwan.myshopify.com/collections/all?page=12 | B79: Pass | C79: {=INDEX('raw-sheet'!$A$2:$ZZ$1000, ROW(C78), MATCH(C$1, 'raw-sheet'!$A$1:$ZZ$1, 0))} -> Product List | D79: {=INDEX('raw-sheet'!$A$2:$ZZ$1000, ROW(D78), MATCH(D$1, 'raw-sheet'!$A$1:$ZZ$1, 0))} -> 200 | E79: =IF(D79=200,"Pass","Not") -> Pass | F79: {=INDEX('raw-sheet'!$A$2:$ZZ$1000, ROW(F78), MATCH(F$1, 'raw-sheet'!$A$1:$ZZ$1, 0))} -> ALL_x000D_ – Page 12 | INNISFREE Taiwan | G79: Pass | H79: {=INDEX('raw-sheet'!$A$2:$ZZ$1000, ROW(H78), MATCH(H$1, 'raw-sheet'!$A$1:$ZZ$1, 0))} -> 0 | I79: missing | J79: {=INDEX('raw-sheet'!$A$2:$ZZ$1000, ROW(J78), MATCH(J$1, 'raw-sheet'!$A$1:$ZZ$1, 0))} -> ALL | K79: {=INDEX('raw-sheet'!$A$2:$ZZ$1000, ROW(K78), MATCH(K$1, 'raw-sheet'!$A$1:$ZZ$1, 0))} -> 1 | L79: duplicate | M79: {=INDEX('raw-sheet'!$A$2:$ZZ$1000, ROW(M78), MATCH(M$1, 'raw-sheet'!$A$1:$ZZ$1, 0))} -> https://innisfree-taiwan.myshopify.com/collections/all?page=12 | N79: =IF(A79=M79,"Pass","Not") -> Pass | O79: {=INDEX('raw-sheet'!$A$2:$ZZ$1000, ROW(O78), MATCH(O$1, 'raw-sheet'!$A$1:$ZZ$1, 0))} -> ALL | INNISFREE Taiwan | P79: {=INDEX('raw-sheet'!$A$2:$ZZ$1000, ROW(P78), MATCH(P$1, 'raw-sheet'!$A$1:$ZZ$1, 0))} -> innisfree 來自韓國濟州島的No.1自然主義美妝保養品牌，不僅將濟州島清新潔淨的空氣、溫暖和煦的陽光、純淨天然的水源、肥沃健康的土壤、自然純粹的植物養分注入保養品，更為消費者打造健康與美麗。| innisfree Taiwan | Q79: {=INDEX('raw-sheet'!$A$2:$ZZ$1000, ROW(Q78), MATCH(Q$1, 'raw-sheet'!$A$1:$ZZ$1, 0))} -> website | R79: {=INDEX('raw-sheet'!$A$2:$ZZ$1000, ROW(R78), MATCH(R$1, 'raw-sheet'!$A$1:$ZZ$1, 0))} -> INNISFREE Taiwan | S79: {=INDEX('raw-sheet'!$A$2:$ZZ$1000, ROW(S78), MATCH(S$1, 'raw-sheet'!$A$1:$ZZ$1, 0))} -> http://innisfree-taiwan.myshopify.com/cdn/shop/files/logo.png?v=1767594135 | T79: {=INDEX('raw-sheet'!$A$2:$ZZ$1000, ROW(T78), MATCH(T$1, 'raw-sheet'!$A$1:$ZZ$1, 0))} -> https://innisfree-taiwan.myshopify.com/cdn/shop/files/logo.png?v=1767594135 | U79: {=INDEX('raw-sheet'!$A$2:$ZZ$1000, ROW(U78), MATCH(U$1, 'raw-sheet'!$A$1:$ZZ$1, 0))} -> https://innisfree-taiwan.myshopify.com/collections/all?page=12 | V79: {=INDEX('raw-sheet'!$A$2:$ZZ$1000, ROW(V78), MATCH(V$1, 'raw-sheet'!$A$1:$ZZ$1, 0))} -> ALL | INNISFREE Taiwan | ... X79: {=INDEX('raw-sheet'!$A$2:$ZZ$1000, ROW(X78), MATCH(X$1, 'raw-sheet'!$A$1:$ZZ$1, 0))} -> summary_large_image | Y79: duplicate title duplicate desc. | Z79: =VLOOKUP($A79,'raw-schema'!$A:$R,14,0) -> Organization | AA79: =VLOOKUP($A79,'raw-schema'!$A:$R,15,0) -> 0 | AB79: =VLOOKUP($A79,'raw-schema'!$A:$R,16,0) -> 0 | AC79: =VLOOKUP($A79,'raw-schema'!$A:$R,17,0) -> 0 | AD79: =VLOOKUP($A79,'raw-schema'!$A:$R,18,0) -> 0 | AE79: Schema 보강 필요 (PLP) | AF79: 예외 적용 (Pagination - Canonical)
A80: {=INDEX('raw-sheet'!$A$2:$ZZ$1000, ROW(A79), MATCH(A$1, 'raw-sheet'!$A$1:$ZZ$1, 0))} -> https://innisfree-taiwan.myshopify.com/collections/all?page=13 | B80: Pass | C80: {=INDEX('raw-sheet'!$A$2:$ZZ$1000, ROW(C79), MATCH(C$1, 'raw-sheet'!$A$1:$ZZ$1, 0))} -> Product List | D80: {=INDEX('raw-sheet'!$A$2:$ZZ$1000, ROW(D79), MATCH(D$1, 'raw-sheet'!$A$1:$ZZ$1, 0))} -> 200 | E80: =IF(D80=200,"Pass","Not") -> Pass | F80: {=INDEX('raw-sheet'!$A$2:$ZZ$1000, ROW(F79), MATCH(F$1, 'raw-sheet'!$A$1:$ZZ$1, 0))} -> ALL_x000D_ – Page 13 | INNISFREE Taiwan | G80: Pass | H80: {=INDEX('raw-sheet'!$A$2:$ZZ$1000, ROW(H79), MATCH(H$1, 'raw-sheet'!$A$1:$ZZ$1, 0))} -> 0 | I80: missing | J80: {=INDEX('raw-sheet'!$A$2:$ZZ$1000, ROW(J79), MATCH(J$1, 'raw-sheet'!$A$1:$ZZ$1, 0))} -> ALL | K80: {=INDEX('raw-sheet'!$A$2:$ZZ$1000, ROW(K79), MATCH(K$1, 'raw-sheet'!$A$1:$ZZ$1, 0))} -> 1 | L80: duplicate | M80: {=INDEX('raw-sheet'!$A$2:$ZZ$1000, ROW(M79), MATCH(M$1, 'raw-sheet'!$A$1:$ZZ$1, 0))} -> https://innisfree-taiwan.myshopify.com/collections/all?page=13 | N80: =IF(A80=M80,"Pass","Not") -> Pass | O80: {=INDEX('raw-sheet'!$A$2:$ZZ$1000, ROW(O79), MATCH(O$1, 'raw-sheet'!$A$1:$ZZ$1, 0))} -> ALL | INNISFREE Taiwan | P80: {=INDEX('raw-sheet'!$A$2:$ZZ$1000, ROW(P79), MATCH(P$1, 'raw-sheet'!$A$1:$ZZ$1, 0))} -> innisfree 來自韓國濟州島的No.1自然主義美妝保養品牌，不僅將濟州島清新潔淨的空氣、溫暖和煦的陽光、純淨天然的水源、肥沃健康的土壤、自然純粹的植物養分注入保養品，更為消費者打造健康與美麗。| innisfree Taiwan | Q80: {=INDEX('raw-sheet'!$A$2:$ZZ$1000, ROW(Q79), MATCH(Q$1, 'raw-sheet'!$A$1:$ZZ$1, 0))} -> website | R80: {=INDEX('raw-sheet'!$A$2:$ZZ$1000, ROW(R79), MATCH(R$1, 'raw-sheet'!$A$1:$ZZ$1, 0))} -> INNISFREE Taiwan | S80: {=INDEX('raw-sheet'!$A$2:$ZZ$1000, ROW(S79), MATCH(S$1, 'raw-sheet'!$A$1:$ZZ$1, 0))} -> http://innisfree-taiwan.myshopify.com/cdn/shop/files/logo.png?v=1767594135 | T80: {=INDEX('raw-sheet'!$A$2:$ZZ$1000, ROW(T79), MATCH(T$1, 'raw-sheet'!$A$1:$ZZ$1, 0))} -> https://innisfree-taiwan.myshopify.com/cdn/shop/files/logo.png?v=1767594135 | U80: {=INDEX('raw-sheet'!$A$2:$ZZ$1000, ROW(U79), MATCH(U$1, 'raw-sheet'!$A$1:$ZZ$1, 0))} -> https://innisfree-taiwan.myshopify.com/collections/all?page=13 | V80: {=INDEX('raw-sheet'!$A$2:$ZZ$1000, ROW(V79), MATCH(V$1, 'raw-sheet'!$A$1:$ZZ$1, 0))} -> ALL | INNISFREE Taiwan | ... X80: {=INDEX('raw-sheet'!$A$2:$ZZ$1000, ROW(X79), MATCH(X$1, 'raw-sheet'!$A$1:$ZZ$1, 0))} -> summary_large_image | Y80: duplicate title duplicate desc. | Z80: =VLOOKUP($A80,'raw-schema'!$A:$R,14,0) -> Organization | AA80: =VLOOKUP($A80,'raw-schema'!$A:$R,15,0) -> 0 | AB80: =VLOOKUP($A80,'raw-schema'!$A:$R,16,0) -> 0 | AC80: =VLOOKUP($A80,'raw-schema'!$A:$R,17,0) -> 0 | AD80: =VLOOKUP($A80,'raw-schema'!$A:$R,18,0) -> 0 | AE80: Schema 보강 필요 (PLP) | AF80: 예외 적용 (Pagination - Canonical)
